id,isi_berita,label,url
1,"Marc Marquez Disebut di Puncak Karier, Bahasan Cedera Tak Lagi Relevan Marc Marquez seperti menjawab keraguan soal kondisi fisiknya dengan hasil di lintasan. Rider Ducati itu menyapu bersih MotoGP San Marino 2026 dengan meraih 37 poin dari maksimal 37 poin. Ia pun disebut sedang berada di puncak karier. Marc memenangi Sprint dan balapan utama di Misano. Tambahan tersebut membuat koleksi poinnya menjadi 274, sama dengan Jorge Martin. Namun, Marc berhak memimpin klasemen karena unggul jumlah kemenangan balapan utama, 5-1. Performa itu sekaligus menegaskan kebangkitan Marc. Tujuh seri sebelumnya, ia masih tertinggal 102 poin dari pemimpin klasemen. Kini, Marc justru berada di puncak dengan tujuh seri tersisa. Jika akhirnya menjadi juara dunia, comeback dari defisit 102 poin itu akan menjadi yang terbesar dalam sejarah MotoGP. Mantan juara dunia 500cc, Alex Criville, menilai performa Marc saat ini sangat istimewa. Criville juga menilai pembahasan mengenai cedera Marc kini mulai tertutup oleh hasil yang diraih sang rider. ""Comeback Marc luar biasa. Lihat saja, dia memimpin Kejuaraan Dunia. Sulit dipercaya, sesuatu yang bahkan tidak terbayangkan dalam mimpi,"" kata Criville dalam program Duralavita. ""Saya rasa Marc sudah lelah orang-orang membicarakan cederanya. Dia sudah bekerja keras,"" ujarnya. Menurut Criville, Marc mampu mengompensasi keterbatasan fisiknya dengan kekuatan tubuh dan cara mengendarai motor. Yang paling penting, kata dia, adalah kondisi mental Marc. ""Dia tahu ada keterbatasan, tetapi dia mengompensasinya dengan tubuhnya, dengan core, dengan apa pun yang diperlukan. Dan secara mental dia sedang luar biasa."" Criville bahkan menyebut Marc sedang berada di momen terbaik dalam karier. ""Dia berada di puncak kariernya. Secara psikologis dia sempurna, yang sangat penting. Secara fisik, dia juga sudah sampai di sana,"" kata Criville. Marc kini memasuki seri berikutnya sebagai pemuncak klasemen MotoGP 2026. Persaingan masih ketat karena Martin memiliki poin yang sama, sementara Marco Bezzecchi berada di posisi ketiga dengan 241 poin. (krs/nds) Anda menyukai artikel ini Artikel disimpan",sport,https://sport.detik.com/moto-gp/d-8666386/marc-marquez-disebut-di-puncak-karier-bahasan-cedera-tak-lagi-relevan
2,"Foto Sport Melihat dari Dekat Latihan Para Atlet Atletik di Mimika Sport Complex Papua - Atlet atletik Papua menjalani latihan di Mimika Sport Complex. Pemanasan, latihan teknik, dan penguatan fisik menjadi bagian dari proses mengejar prestasi. Anda menyukai artikel ini Artikel disimpan",sport,https://sport.detik.com/fotosport/d-8666341/melihat-dari-dekat-latihan-para-atlet-atletik-di-mimika-sport-complex
3,"Ai Ogura Siap Comeback di MotoGP Austria, Enggan Pasang Target Tinggi Ai Ogura bersiap kembali ke arena MotoGP pada MotoGP Austria 2026. Setelah absen dalam dua seri akibat cedera ibu jari kiri, rider Trackhouse Aprilia itu memilih tidak memasang target tinggi. Ogura akan kembali ke Red Bull Ring akhir pekan ini jika dinyatakan lolos pemeriksaan medis wajib pada Kamis. Trackhouse memastikan Ogura melakukan perjalanan ke Austria dengan target kembali menggeber Aprilia RS-GP26. Jika dapat lampu hijau dari tim medis MotoGP, balapan di Austria akan menjadi penampilan pertama Ogura sejak MotoGP Inggris. Ogura mengalami cedera tangan kiri saat berlatih motocross di Jepang. Setelah kembali ke Eropa, ia didiagnosis mengalami patah tulang di dekat ibu jari kiri dan harus menjalani operasi. Cedera tersebut membuatnya absen di MotoGP Aragon dan MotoGP San Marino. Comeback ini datang ketika posisi Ogura di klasemen sudah merosot cukup jauh. Sempat menempati posisi kedua klasemen MotoGP 2026 pada musim panas, Ogura kini berada di peringkat keenam dan tertinggal 71 poin dari pemuncak klasemen. Ia kehilangan poin dalam dua seri terakhir karena harus menepi. Namun, Ogura tidak ingin langsung mengejar hasil besar pada balapan pertamanya setelah cedera. Targetnya justru sederhana. ""Saya merasa baik. Saya pikir kondisi tangan saya lebih baik dari yang saya perkirakan seminggu lalu. Tentu saja, saya bersemangat untuk kembali,"" kata Ogura seperti dilansir Crash.net. ""Saya hanya ingin memulai akhir pekan dan melihat seberapa banyak yang bisa kami lakukan dan bagaimana kondisi kami. Tidak ada yang spesial. Saya hanya ingin menjalani akhir pekan yang normal."" Ogura sadar dirinya membutuhkan waktu untuk kembali mendapatkan kepercayaan diri penuh setelah dua seri tidak mengendarai motor MotoGP. Karena itu, Ogura juga tidak memasang target podium pada balapan comeback-nya. ""Saya melewatkan dua balapan dan saya membutuhkan waktu untuk kembali mendapatkan kepercayaan diri penuh di atas motor,"" ucapnya. ""Untuk menjalani balapan comeback tepat setelah cedera dan meraih podium bukan hal yang mudah, jadi saya berharap balapan yang bagus dari Raul, tetapi sejujurnya tidak terlalu berharap dari diri saya sendiri."" Raul yang dimaksud adalah rekan setimnya di Trackhouse, Raul Fernandez. Ogura Ingin Siap untuk MotoGP Jepang MotoGP Austria juga penting bagi Ogura sebagai persiapan menuju balapan kandangnya di Jepang. Setelah Austria, kalender MotoGP 2026 berlanjut ke Mobility Resort Motegi pada awal Oktober. Karena itu, Ogura berharap bisa mendapatkan kembali feeling dengan motor di Red Bull Ring sebelum tampil di depan publik Jepang. ""Seperti yang saya katakan sebelumnya, situasinya memang tidak seperti yang kami inginkan, tetapi setidaknya bagus saya bisa mencoba balapan di Austria sebelum menuju Jepang,"" ujar Ogura. ""Saya berharap bisa mendapatkan feeling yang bagus di Austria dan mendekati 100 persen di Motegi. Itu target saya untuk sekarang. Saya hanya ingin menjalani balapan yang bagus, baik di Austria maupun Jepang."" (krs/ran) Anda menyukai artikel ini Artikel disimpan",sport,https://sport.detik.com/moto-gp/d-8666308/ai-ogura-siap-comeback-di-motogp-austria-enggan-pasang-target-tinggi
4,"Ketum KONI Tutup Program Sport Diplomacy Indonesia-Timor Leste Ketua Umum Komite Olahraga Nasional Indonesia (KONI) Pusat Letjen TNI Purn Marciano Norman resmi menutup program Sport Diplomacy antara Indonesia dan Timor Leste. Kegiatan ini berlangsung pada 11-14 September 2026. Program tersebut diinisiasi KONI Pusat melalui kerja sama dengan Confederacao Do Desporto De Timor Leste (CDTL). Di Indonesia, KONI Pusat menggandeng Universitas Pendidikan Mandalika (UNDIKMA) sebagai tuan rumah International Student Inbound Mobility Program (ISIMP), dengan peserta yang berasal dari Universidade Nacional Timor Lorosa'e (UNTL). Marciano menilai olahraga dapat menjadi sarana untuk mempererat hubungan kedua negara sekaligus mendorong peningkatan prestasi atlet. ""Alangkah indahnya, kita negara yang bertetangga membangun suatu kehidupan yang penuh keakraban, kita saling mengisi kekurangan dan mendukung pada hal positif,"" ujar Marciano, yang dikutip dari situs KONI. Ia juga mengenang pengalamannya saat bertugas di Ainaro, Timor Leste, yang membuatnya memiliki kedekatan dengan masyarakat setempat. ""Hati saya ini bersama mereka. Saudara-saudara juga adalah saudara saya juga, saya ingin kita bangkit bersama. Saya ingin Timor Leste dihormati negara lain,"" katanya. Dalam kesempatan tersebut, Marciano juga menyerahkan secara simbolis perlengkapan Petanque kepada delegasi Timor Leste. UNDIKMA menyediakan bola, sementara KONI Pusat melengkapi peralatan berupa bola kecil, circle, dan tas, termasuk membantu pengirimannya ke Timor Leste. Perlengkapan tersebut diharapkan dapat dimanfaatkan untuk melanjutkan pengembangan olahraga Petanque di Timor Leste setelah para delegasi kembali ke negaranya. ""Selamat jalan, saudara-saudaraku, sampaikan salam untuk CDTL, UNTL dan masyarakat Timor Leste,"" tutup Marciano. Anda menyukai artikel ini Artikel disimpan",sport,https://sport.detik.com/g-sport/d-8666151/ketum-koni-tutup-program-sport-diplomacy-indonesia-timor-leste
5,"Usai Dilantik KONI, Ini Rencana Pengurus Pusat Kickboxing Indonesia! Pengurus Pusat Kickboxing Indonesia (PP KBI) periode 2026-2030 di bawah kepemimpinan Ngatino resmi dilantik di Gedung KONI Pusat, Senayan, Jakarta, Rabu (16/9/2026). Pelantikan tersebut menjadi momentum baru bagi kickboxing Indonesia. PP KBI menargetkan terbentuknya ekosistem pembinaan yang terintegrasi antara atlet amatir dan profesional untuk meningkatkan prestasi Merah Putih di kancah internasional. Ngatino yang kembali dipercaya memimpin KBI untuk periode ketiga menyebut amanah tersebut sebagai dorongan untuk melakukan evaluasi dan pembenahan organisasi. ""Kepercayaan yang diberikan kepada saya untuk kembali memimpin Kickboxing Indonesia untuk periode ketiga merupakan sebuah kehormatan sekaligus amanah yang sangat besar. Apa yang telah kita lalui selama ini harus menjadi bahan evaluasi untuk melakukan perbaikan dan pembenahan ke depan,"" ujar Ngatino dalam keterangan persnya. Sebagai langkah awal, PP KBI akan menggelar Kejuaraan Nasional (Kejurnas) pada awal November 2026 sebagai pengganti PON Bela Diri di Solo yang ditunda. Dalam ajang tersebut, KBI juga menyiapkan Gala Night untuk menyaring 10 atlet terbaik. Sepuluh atlet terpilih akan diarahkan ke jalur profesional. KBI juga berencana kembali menjaring 10 atlet pada 2027 untuk melengkapi pembinaan bersama atlet hasil seleksi 2026. ""Harus ada ekosistem dalam pembinaan antara amatir dan pro harus seiring. Kita sudah siapkan nanti 10 besar amatir hasil kejurnas itu langsung menjadi pro. Ke depannya 2027 kita sudah siapkan untuk pro. Dan kemudian 2027 juga memulai lagi untuk mencari 10 lagi untuk bersama-sama dengan 10 yang ada di 2026 itu untuk kita siapkan menjadi atlet profesional,"" Ngatino menjelaskan. Selain pembinaan prestasi, KBI mengembangkan KBI Pro sebagai wadah pertandingan profesional sekaligus membuka peluang bagi atlet mendapatkan penghasilan dari prestasi mereka. KBI juga tengah menyiapkan kerja sama dengan platform streaming Vidio untuk memperluas jangkauan pertandingan hingga mancanegara dan menarik sponsor. Rencana tersebut mendapat dukungan KONI Pusat. Ketua Umum KONI Pusat, Marciano Norman, meminta KBI melakukan evaluasi terhadap program sebelumnya dan memastikan pembinaan atlet berjalan secara bertahap dari level amatir menuju profesional. ""Persiapkan atlet-atlet yang masuk ke profesional itu adalah juara-juara di amatir. Sehingga mereka yang sudah jam terbangnya tinggi di kompetisi amatir bisa masuk ke profesional,"" kata Marciano. Marciano juga mengapresiasi kiprah kickboxing yang telah berkontribusi dalam perolehan medali Indonesia di SEA Games serta mencatatkan hasil positif pada kejuaraan di Tashkent. Sementara itu, Sekjen KONI Pusat TB Ade Lukman optimistis KBI dapat menjadi salah satu penyumbang medali emas Indonesia di ajang internasional. Menurutnya, cabang olahraga bela diri selama ini menjadi salah satu pilar penting dalam perolehan medali Indonesia pada multi-event seperti SEA Games. ""Kita yakin di bawah kepemimpinan Ketua Umum Pak Ngatino beserta jajaran juga akan menjadi bagian daripada kontributor medali-medali emas di event-event internasional,"" pungkasnya. Anda menyukai artikel ini Artikel disimpan",sport,https://sport.detik.com/sport-lain/d-8666068/usai-dilantik-koni-ini-rencana-pengurus-pusat-kickboxing-indonesia
6,"Lina Hisage, Atlet Muda Potensial Cabor Tolak Peluru dari Papua Lina Hisage, atlet tolak peluru asal Wamena, Papua Pegunungan, mulai menunjukkan perkembangan signifikan sejak bergabung dengan Papua Athletics Center (PAC) pada Januari 2024. Dalam kurun waktu kurang dari dua tahun, atlet berusia 18 tahun itu mampu meningkatkan catatan lemparannya hingga meraih juara sekaligus memecahkan rekor nasional. Lina mencatat prestasi di ajang ASEAN School Games. Pada 2024, dia meraih juara ketiga dengan tolakan sejauh 12,7 meter. Setahun kemudian, prestasinya meningkat dengan meraih juara pertama setelah mencatat tolakan 14,72 meter pada ASEAN School Games 2025 di Brunei Darussalam. Catatan tersebut sekaligus menjadi bagian dari perjalanan Lina dalam memecahkan rekor yang sebelumnya dia buat sendiri. Rekor pertamanya tercipta dalam ajang invitasi atletik di Jakarta pada 2025 dengan tolakan 13,3 meter. Catatan itu kemudian kembali diperbaiki menjadi 14,72 meter saat berlaga di Brunei. ""Yang 2024 itu juara 3, 12,7 meter. Kalau yang 2025 ini juara 1, 14,72 meter,"" kata Lina di Mimika Sport Complex, Rabu (16/9/2026). Perkembangan tersebut tidak lepas dari rutinitas latihan yang dijalaninya setiap hari. Karena tetap harus mengikuti kegiatan sekolah, Lina biasanya menjalani latihan pada sore hari. Materi latihan yang dijalaninya meliputi rotasi, penguatan, hingga latihan kecepatan. Rutinitas tersebut dijalani hampir setiap hari sebagai bagian dari persiapannya menghadapi berbagai kejuaraan. Di tengah rutinitas itu, Lina mengaku pernah mengalami kejenuhan. Untuk mengatasinya, dia biasanya menghabiskan waktu bersama teman-temannya di asrama, seperti berjalan-jalan atau sekadar berkumpul. ""Kalau jenuh biasanya duduk di tempat teman atau jalan-jalan, beli sesuatu, cerita bareng-bareng,"" ujarnya. Bagi Lina, dukungan keluarga menjadi salah satu alasan untuk terus meningkatkan performa. Dia selalu mengingat perjuangan orang tuanya yang selama ini mendukung perjalanannya sebagai atlet. ""Hasilnya saya selalu ingat orang tua saya karena mereka yang sudah berusaha untuk saya. Mereka juga selalu mendukung saya. Itu motivasi saya,"" tutur Lina. Menjadi atlet tolak peluru juga bukan sekadar aktivitas yang dijalani Lina. Dia menyebut atlet tolak peluru adalah cita-citanya. Salah satu sosok yang menjadi inspirasinya adalah atlet tolak peluru putri Amerika Serikat, yang saat ini memegang rekor dunia. Selama menjalani pembinaan di PAC, Lina juga mendapatkan dukungan fasilitas latihan yang menurutnya telah memenuhi kebutuhan atlet. ""Fasilitas sangat bagus dan sangat memadai karena semua peralatan yang kita butuhkan semua ada di sini,"" katanya. Program Latihan Terukur Pelatih tolak peluru PAC, Yeremias Kiriwaib mengatakan perkembangan Lina merupakan hasil dari program latihan yang disusun secara terukur. Materi latihan tidak dibuat secara sembarangan, melainkan melalui evaluasi dan koordinasi dengan tim teknis. ""Materi sehari-hari yang dikasih kami dapatkan dari hasil bongkar pasang dan juga koordinasi dengan tim teknis. Kami punya tim teknis khusus dari PB PASI, sehingga materi dan program latihan yang kami berikan secara harian terukur dan bisa dipertanggungjawabkan progresnya ke depan,"" kata Yeremias. Lina sebelumnya merupakan jebolan PPLP (Pusat Pendidikan dan Latihan Olahraga Pelajar Papua) di Jayapura. Potensinya kemudian membuat Lina dipanggil untuk bergabung dengan PAC pada awal 2024. Menurut Yeremias, kemampuan Lina berkembang karena mampu menyerap program latihan yang diberikan. Selain memiliki potensi, karakter Lina yang dinilai baik juga membantu proses pembinaan. ""Lina jebolan dari PPLP Jayapura di bawah asuhan Coach Tyo, karena mempunyai potensi dipanggil dan bergabung di sini di awal 2024. Kemudian saya latih, syukur anaknya punya karakter yang baik sehingga program yang kami susun dalam tim bisa dia serap dengan baik,"" ujarnya. Hasilnya terlihat dari catatan yang terus meningkat. Setelah memecahkan rekor pada ajang invitasi di Jakarta, Lina kembali memperbaiki catatannya saat tampil di ASEAN School Games di Brunei. Ke depan, Yeremias menargetkan Lina dan atlet lainnya, Elis, dapat terus memperbaiki catatan terbaik masing-masing. Khusus Lina, targetnya adalah kembali meningkatkan personal best pada nomor tolak peluru. ""Untuk Lina dan Elis memang ada target-target tertentu untuk kejuaraan dalam waktu dekat ini. Paling tidak mereka bisa memecahkan personal best mereka masing-masing,"" katanya. Untuk mencapai target tersebut, latihan dilakukan dengan berbagai variasi. Sesi latihan dimulai dengan pemanasan dan aktivasi yang berkaitan dengan pendukung teknik sebelum atlet masuk ke latihan teknik inti. Setelah latihan teknik, atlet kembali menjalani latihan beban yang kemudian dilanjutkan dengan penggunaan medicine ball. Mereka juga mendapatkan latihan penguatan otot inti yang mencakup bagian perut, pinggang, dan punggung. ""Jadi itu semua dilakukan tiap hari,"" kata Yeremias. Selain menjaga aspek fisik dan teknik, pelatih juga memperhatikan kondisi psikologis atlet selama menjalani rutinitas latihan. Yeremias mengatakan atlet diberikan ruang untuk beristirahat dan melakukan aktivitas lain ketika mulai mengalami kejenuhan. Menurut dia, aktivitas di luar latihan seperti berjalan-jalan, nongkrong, atau menonton film dapat membantu atlet mengurangi kebosanan sebelum kembali menjalani program latihan. ""Saya tidak mengekang mereka. Apabila saya lihat mereka sudah jenuh, saya arahkan, ayo nongkrong di situ. Atau ayo bioskop. Syukurnya mereka mengerti sehingga bisa mengurai kebosanan mereka di tengah-tengah sesi latihan,"" ujarnya. Anda menyukai artikel ini Artikel disimpan",sport,https://sport.detik.com/sport-lain/d-8666076/lina-hisage-atlet-muda-potensial-cabor-tolak-peluru-dari-papua
7,"Tim Equestrian Indonesia Turunkan 12 Atlet di Asian Games 2026 Timnas Equestrian Indonesia sudah bertolak ke Jepang jelang bergulirnya Asian Games 2026. Ada 12 atlet yang turun di sana untuk mendapatkan medali. Timnas Equestrian bertolak ke Aichi-Nagoya, Jepang, Senin (14/9) malam WIB kemarin. Sebelum keberangkatannya, para atlet mengikuti prosesi pelepasan yang dilakukan oleh perwakilan NOC Indonesia, Krisna Bayu di Terminal 3 bandara Soekarno-Hatta, Tangerang, Banten. Ke-12 atlet yang dibawa terbagi dalam 3 disiplin yakni : Dressage, Jumping dan Eventing. Dalam persiapannya menghadapi Asian Games 2026, seluruh atlet Equestrian Merah Putih telah melalui pemusatan latihan intensif selama kurang lebih 6 bulan di Jerman. Berbekal latihan tersebut membuat tim Eventing yang di perkuat Steven Menayang, Fergi Tri Nur Fajar, Marcho Alexandro dan Muhamad Zaki, optimistis dapat memberikan hasil terbaik. Sementara itu menurut tim Dressage atau Tunggang Serasi, proses adaptasi antara atlet dan kuda menjadi bagian penting sekaligus tantangan tersendiri. Tim dressage terdiri dari Dara Ningar Prameswari, Karen Herjawan, Audirania Amanda Putri dan Alfaro Manayang. Di hari yang sama, empat atlet dressage yang baru saja menuntaskan latihan di Jerman, yakni Dirga Wira Ramadhan Sahputra, Marco Hence Wowiling, Arserl Rizki Brayudha dan Brayen Nathan Brata-Coolen, juga berangkat menuju Negeri Sakura. Hal tersebut diungkapkan oleh Kellin Baquita sebagai Ketua Pembina NEPI sekaligus penanggung jawab program pelatihan para atlet, yang aktif mendampingi para atlet sejak masa persiapan hingga keberangkatan menuju Aichi-Nagoya. Setibanya di negri Sakura, seluruh atlet Equestrian Indonesia masih memiliki waktu beberapa hari untuk melakukan adaptasi dengan lingkungan dan cuaca setempat, sebelum memasuki masa perlombaan yang dimulai 19 September hingga 4 Oktober. Anda menyukai artikel ini Artikel disimpan",sport,https://sport.detik.com/sport-lain/d-8665977/tim-equestrian-indonesia-turunkan-12-atlet-di-asian-games-2026
8,"Foto Sport Serunya 549 Siswa di Ciamis Adu Ketangkasan Lomba Olahraga Tradisional Ciamis - Sebanyak 549 siswa dari 40 SD mengikuti lomba olahraga tradisional di Ciamis, Jawa Barat, dengan penuh semangat. Anda menyukai artikel ini Artikel disimpan",sport,https://sport.detik.com/fotosport/d-8665222/serunya-549-siswa-di-ciamis-adu-ketangkasan-lomba-olahraga-tradisional
9,"'Marc Marquez adalah Makhluk Mars' Dalam dua seri terakhir MotoGP 2027, Marc Marquez sukses sapu bersih poin maksimal. Penampilan rider Ducati itu membuat pengamat MotoGP Carlo Pernat menyebutnya seperti makhluk dari Mars. Marquez menyapu bersih MotoGP San Marino di Misano. Ia meraih kemenangan pada Sprint Race dan balapan utama sehingga mengamankan 37 poin dalam satu akhir pekan. Hasil tersebut melanjutkan performa apik Marquez pada seri sebelumnya, ketika meraih 37 poin di MotoGP Aragon. Artinya, Marc mengumpulkan 74 poin maksimal dalam dua seri beruntun. Bagi Pernat, yang membuat Marquez berbeda bukan sekadar kecepatannya. Gaya balap rider asal Spanyol itu dinilai sudah berubah seiring bertambahnya usia dan pengalaman. Pernat menilai Marquez kini lebih mampu mengendalikan situasi balapan dibandingkan beberapa tahun lalu, tidak lagi terlalu sering mengambil risiko hingga berujung crash. Ia lebih baik dalam membaca kondisi dan mengelola balapan. ""Marquez adalah makhluk Mars. Bahkan seiring bertambahnya usia, dengan semua masalah yang pernah dia alami, dia mampu mengelola balapan dengan cara yang tidak bisa dilakukan pebalap lain,"" ucapnya seperti dilansir Motosan. ""Kita selalu bersulang untuk Marquez. Dalam beberapa Grand Prix terakhir, kita selalu bersulang untuknya, sekarang sudah dua kali berturut-turut. Jika dia adalah Marquez empat atau lima tahun lalu, saya akan mengatakan tidak ada yang seperti dia dalam hal cara dia membalap, meskipun terkadang dia terjatuh."" ""Sekarang, gaya balapnya juga sudah berubah: dia tidak lagi terjatuh, dia mengelola situasi yang dihadapinya. Karena waktu terus berjalan, dia pernah mengalami masalah pada bahu, tetapi dia mampu mengatasi semuanya. Dan dia mengelolanya dengan sangat baik sampai-sampai, dalam tanda kutip, dia membuat pebalap lain terjatuh. Bukan karena dia mendorong mereka, tentu saja."" Pernyataan Pernat tersebut muncul setelah Marquez tampil dominan di Misano. Ia berhasil mengambil alih posisi terdepan setelah Marco Bezzecchi terjatuh dan kemudian menahan tekanan Jorge Martin sebelum meraih kemenangan. Marc Marquez kini berada di puncak klasemen MotoGP 2026 dengan 274 poin, sama dengan Jorge Martin tetapi unggul jumlah kemenangan. Kemenangan di Misano menjadi kemenangan GP kelimanya dalam tujuh balapan terakhir. Anda menyukai artikel ini Artikel disimpan",sport,https://sport.detik.com/moto-gp/d-8665638/marc-marquez-adalah-makhluk-mars
10,"Alwi, Ubed, hingga Yusuf Petik Pengalaman dari Kento Momota Alwi Farhan, Moh Zaki Ubaidillah dan Muhamad Yusuf memetik pelajaran berharga dari Kento Momota. Itu untuk modal tampil di Asian Games 2026. Tim bulutangkis Indonesia telah menyelesaikan rangkaian pemusatan latihan di Tokyo dan akan bertolak ke Nagoya pada Kamis (17/9) pagi untuk masuk ke perkampungan atlet. Pada training camp terakhir tim bulutangkis di Tokyo, Momota menjadi mentor sekaligus sparring partner tim tunggal putra Indonesia. Tiga dari empat tunggal putra Indonesia yaitu Alwi, Ubed sapaan akrab Moh Zaki Ubaidillah, dan Yusuf, berstatus debutan dan akan menjadi andalan tim bulutangkis di Asian Games Aichi-Nagoya 2026. Selain ada Jonatan Christie. ""Kami tahu Kento Momota sesuperior apa dulu jadi bisa bermain bareng hari ini pastinya senang dan sebuah kehormatan. Pengalaman yang tidak bisa dilupakan,"" kata Alwi dalam keterangan tertulisnya, Rabu (16/9/2026). ""Senang bisa berbagi lapangan dengan dia, tadi juga Momota sempat memberikan evaluasi dan masukan tentang cara main ke saya,"" ucap Ubed. Bagi Alwi dan Ubed, walaupun ini Asian Games pertama, namun mereka punya pengalaman memperkuat Indonesia untuk ajang dengan persaingan ketat seperti SEA Games, Piala Sudirman, hingga Piala Thomas. ""Pastinya kami bersyukur dan senang juga bisa mewakili Indonesia di Asian Games. Kami ingin memaksimalkan kesempatan yang ada. Ini Asian Games pertama dan dengan hasil kemarin di SEA Games untuk saya dan Ubed cukup meyakinkan jadi ada modal bagus untuk ke multievent yang levelnya lebih tinggi,"" ucap Alwi. ""Persiapan individunya sejauh ini Alhamdulillah cukup lancar. Persiapan bersama tim pun juga berjalan dengan baik. Kami siap untuk bertanding di minggu depan,"" tambah Ubed. Berbeda dengan Yusuf yang belum punya pengalaman tampil di turnamen besar. Dukungan senior sangat berguna baginya untuk meningkatkan percaya diri. ""Pastinya awal-awal ada groginya tapi dari senior terus mengingatkan buat lebih enjoy saja,"" ucap Yusuf. ""Mereka selalu berpesan untuk menganggap ini seperti turnamen individu saja. Tetap fokus, semangat dan lebih tenang,"" ujarnya. Asian Games Aichi-Nagoya 2026 cabang bulutangkis bergulir pada 20-24 September (beregu) dan 25-29 September (perorangan) di Ichinomiya City Municipal Gymnasium, Aichi, Jepang. (mcy/aff) Anda menyukai artikel ini Artikel disimpan",sport,https://sport.detik.com/raket/d-8665674/alwi-ubed-hingga-yusuf-petik-pengalaman-dari-kento-momota
11,"Viral soal Cepirit, Atlet Hyrox Ini Malah Didiskualifikasi karena ke Toilet Di tengah viral insiden cepirit pada ajang Hyrox, ada atlet Malaysia mengaku sebaliknya. Ia didiskualifikasi karena pergi ke toilet. Melansir The Rakyat post, adalah Zarif Zakaria yang kena apes. Atlet Malaysia itu didiskualifikasi dari Hyrox Bangkok, Thailand, bulan lalu. Gara-garanya, ia mengaku sempat pergi ke toilet sebelum perlombaan dimulai. Zarif jadi agak telat, dan akhirnya malah didiskualifikasi. Hal itu ia bagikan di media sosial Threads-nya. Ia kesal sebab pada ajang Hyrox Beijing, atlet Joanna Wietrzyk justru diperbolehkan menyelesaikan perlombaan meski cepirit dan kotorannya ke mana-mana. ""Saya kena DQ cuma karena pergi ke toilet sebelum perlombaan. Kok bisa orang ikut lomba saat kena diare dan tidak didiskualifikasi,"" tulisnya. Zarif juga membagikan foto aksinya di Hyrox Bangkok dan catatan waktunya. Ada keterangan tertulis DQ atau diskualifikasi di catatan waktunya. Saat disinggung soal alasan kenapa bisa didiskualifikasi, Zarif menjelaskan dirinya memang telat ikut start. Namun, ia tetap mempertanyakan kenapa ada atlet yang mencret dan tetap diperbolehkan ikut lomba. Unggahan itu ia buat menanggapi insiden viral di Hyrox Beijing akhir pekan lalu. Pemegang rekor dunia, Joanna Wietrzyk, kedapatan berlomba meski cepirit di tengah sesi. Atlet asal Australia itu mengalami diare hingga mencret di celana, namun tetap melanjutkan race. Kotorannya mengalir di kakinya, dan fotonya viral di media sosial. Wietrzyk akhirnya bisa menyelesaikan perlombaan, bahkan memenangkannya. Ia kemudian mengunggah foto sedang di rumah sakit, dan menyindir mereka yang mengkritiknya. Hyrox kemudian disorot karena dianggap mengabaikan protokol kesehatan dan standar perlombaannya. Sempat pasang badan, pendiri olahraga indoor itu, Moritz Furste, akhirnya meminta maaf dan akan mengubah aturan Hyrox gara-gara insiden tersebut. Anda menyukai artikel ini Artikel disimpan",sport,https://sport.detik.com/sport-lain/d-8665623/viral-soal-cepirit-atlet-hyrox-ini-malah-didiskualifikasi-karena-ke-toilet
12,"Dukung Eks Partner di Asian Games, Dejan Jaga Impian Main di Olimpiade Dejan Fedinansyah/Felisha Alberta Nathaniel Pasaribu memberikan dukungan kepada dua pasangan ganda campuran Indonesia yang tampil di Asian Games 2026. Keduanya tak iri meski kesempatan tampil di multievent Asia belum datang kepada mereka. PBSI mengirimkan dua pasangan ganda campuran ke Asian Games Aichi-Nagoya 2026 yang berlangsung pada 19 September hingga 4 Oktober. Mereka adalah Amri Syahnawi/Nita Violina Marwah dan Nikolaus Joaquin/Siti Fadia Silva Ramadhanti. Amri/Nita merupakan pasangan ganda campuran murni. Sementara Joaquin/Fadia merupakan ""pasangan cabutan"" dari sektor ganda putra dan ganda putri. Tapi Dejan tetap memberikan dukungan kepada keduanya. ""Ada harapan lah. Ini juga buat Indonesia kok. Kalau mix double bagus, mau Amri/Nita, Joaquin/Fadia juga kan untuk Indonesia juga. Jadi kita doakan lah buat mereka,"" kata Dejan saat ditemui di Pelatnas PBSI, Cipayung, Rabu (16/9/2026). Dejan sejatinya juga memiliki keinginan untuk tampil di Asian Games. Apalagi, eks tandemnya, Fadia, kembali bermain di sektor ganda campuran. Namun, Dejan tak mempermasalahkan komposisi pasangan yang dipilih untuk Asian Games 2026. Ia menilai keputusan tersebut merupakan bagian dari strategi dan tetap ditujukan untuk kepentingan Indonesia. ""Enggak lah. Ini kan strategi, akhirnya buat Indonesia juga. Belum rezekinya saja,"" lanjutnya soal komposisi pemain. Dejan tetap menyimpan ambisi untuk tampil di ajang multievent tersebut. Namun, untuk saat ini, ia memilih menatap target yang lebih besar, yakni Olimpiade. ""Pengen lah (main di Asian Games). Semua pasti ingin main Asian Games, cuma kan belum waktunya. Olimpiade? Amin. yang penting Itu saja, dan juara Olimpiade. Amin,"" pungkas Dejan. (mcy/krs) Anda menyukai artikel ini Artikel disimpan",sport,https://sport.detik.com/raket/d-8665432/dukung-eks-partner-di-asian-games-dejan-jaga-impian-main-di-olimpiade
13,"Bagas/Apri Tak Minder Mulai dari Nol di Ganda Campuran Bagas Maulana/Apriyani Rahayu tak minder meski harus kembali berjuang dari nol. Mereka menjadi pasangan baru di sektor ganda campuran dan siap menjalankan peran sebagai pelapis Amri Syahnawi dkk. Seperti diketahui, Pelatih Kepala Ganda Campuran Nova Widianto mengubah komposisi sebagian pemain di sektor ganda campuran. Bagas/Apri pun mulai menjalankan status sebagai tandem sejak September ini. ""Pelatih pasti menginginkan ada pelapis untuk mix double dan kami ingin juga. Sekarang kami juga sudah pure main mix, tak bisa (pindah) ke ganda. Jadi kami mau memaksimalkan itu dan tak ingin menyia-nyiakan pelatih karena sudah dipercaya. Kami ingin membuktikan,"" kata Bagas di Pelatnas PBSI, Cipayung, Rabu (16/9/2026). Baik Bagas maupun Apri sejatinya bukan atlet baru. Keduanya sudah berpengalaman dan mengoleksi gelar di turnamen besar dari sektor masing-masing, yakni ganda putra dan ganda putri. Bagas pernah menjuarai All England 2022 dan Korea Open 2024. Sementara Apri merupakan peraih medali emas Olimpiade 2020 di Tokyo. Dengan status sebagai pemain yang sudah senior, matang, dan kenyang pengalaman, bukan tidak mungkin ada rasa minder ketika harus kembali membangun semuanya dari awal. Namun, hal itu tidak dirasakan Bagas/Apri. Pasangan yang sama-sama berusia 28 tahun itu justru melihat tugas tersebut sebagai tantangan baru yang harus dihadapi dengan jiwa petarung. ""Sebenarnya dilihat dari situ sudah matang. Cuma kami harus berpikir kembali lagi jangan berpikir seperti itu. Awal dari ganda putra, ke mix juga, sama harus dari nol lagi. Ini sebenarnya enggak apa-apa sih,"" ujar Bagas. ""Kalau jiwa petarung sih enggak ada begitu. Anggap saja ini tantangan baru. Gas lagi. Lagian masih muda kan,"" ucapnya mantap. Apri sepakat dengan Bagas. Baginya, keputusan pindah ke ganda campuran merupakan pembuktian bahwa dirinya masih mampu bersaing dan masih banyak hal yang bisa dieksplorasi. ""Ini perubahan baru, tantangan buat saya untuk lebih, kenapa tak diambil karena saya merasa masih bisa. Dari diri sendiri merasa lebih mampu. Masih banyak yang bisa dieksplore, dan saya masih mau belajar lagi. Bagas juga sama ya sudah kita hajar saja,"" kata Apri. ""Challenge sih. Tantangan baru juga buat kami. Kami tak ingin melihat, kami sudah lama nih di sini, sudah senior. Masih muda lah kami,"" tegasnya. Tak hanya itu, Bagas/Apri juga siap bekerja lebih keras. Sebagai pasangan baru, mereka belum memiliki peringkat di sektor ganda campuran. ""Kalau saya dan Bagas memang harus ekstra karena poin kami tak ada. Jadi harus ekstra banget. Harus benar-benar hasilnya yang baik saja. Yang bagus banget gitu. Bukan bagus saja. Karena modal buat poin kami tahun depan,"" kata Apri. Anda menyukai artikel ini Artikel disimpan",sport,https://sport.detik.com/raket/d-8665429/bagas-apri-tak-minder-mulai-dari-nol-di-ganda-campuran
14,"Alfamart Run 2026 Siap Digelar, 3,3 Juta Orang Berebut 5.000 Tiket Ajang lari bergengsi Alfamart Run 2026 siap digelar di Plaza Parkir Timur Senayan, Gelora Bung Karno (GBK), Jakarta, Minggu (18/10). Gelaran olahraga yang dipadukan dengan ragam hiburan ini diikuti oleh 5.000 peserta terpilih. Tingginya antusiasme publik terlihat dari jumlah pencari tiket di aplikasi Alfagift dan mekanisme ballot yang sukses menembus angka 3,3 juta orang. Kompetisi lari berskala nasional ini sekaligus menjadi bagian dari kemeriahan perayaan ulang tahun ke-27 Alfamart. Marketing Director Alfamart Ryan Alfons Kaloh memaparkan ajang olahraga bergengsi ini sengaja dirancang sangat eksklusif. ""Alfamart Run memang kami rancang eksklusif dengan jumlah peserta terbatas. Tahun ini slot kami tambah menjadi 5.000 peserta, namun antusiasmenya jauh lebih besar. Sekitar 3,3 juta orang mengikuti war ticket melalui Alfagift. Artinya, tingginya peminat memang belum sebanding dengan kapasitas yang tersedia,"" papar Ryan pada keterangan tertuilsnya, Rabu (16/9/2026). Ryan menyebut antusiasme peserta dari berbagai daerah selalu sangat luar biasa setiap tahunnya. ""Peserta Alfamart Run tidak hanya berasal dari Jabodetabek. Pada penyelenggaraan sebelumnya, kami melihat ada peserta yang datang dari Bandung, Yogyakarta, Surabaya, bahkan dari luar Pulau Jawa. Jadi memang antusiasmenya cukup luas,"" ungkap Ryan. Daya tarik utama perhelatan kelima ini terletak pada goodie bag spektakuler dengan berat mencapai 50 kilogram. Peserta bisa membawa pulang berbagai produk makanan, minuman, hingga kebutuhan rumah tangga senilai lebih dari Rp 4 juta. Tas berukuran jumbo tersebut diproduksi secara khusus dengan menggandeng UMKM Intako Tanggulangin asal Sidoarjo. ""Peserta Alfamart Run bukan hanya mendapatkan pengalaman berlari. Setelah mencapai garis finis, mereka juga membawa pulang goodie bag dengan isi yang cukup banyak, bahkan bobotnya mencapai sekitar 50 kilogram,"" jelas Ryan. Pihaknya menegaskan buah tangan seberat puluhan kilogram tersebut merupakan bentuk apresiasi tertinggi dari perusahaan untuk para pelari. ""Kami ingin memberikan pengalaman yang lebih bagi 5.000 peserta yang tahun ini berhasil mendapatkan tiket,"" sambungnya. Alfamart telah menyiapkan total hadiah podium senilai Rp 250 juta bagi 252 pelari tercepat di kategori lomba 5K dan 10K. Terdapat pula pengundian doorprize fantastis berupa dua unit mobil listrik Wuling Aira EV. Perhelatan sport entertainment ini turut dimeriahkan oleh penampilan Padi Reborn hingga Brand Ambassador Ibnu Jamil dan Ririn Ekawati. Acara ramah lingkungan ini mengusung konsep keberlanjutan lewat penggunaan jersey hasil daur ulang 12 botol plastik. Menteri Pemuda dan Olahraga Republik Indonesia Erick Thohir turut memberikan apresiasinya terhadap penyelenggaraan ini. Alfamart Run dinilai sukses mendorong gaya hidup aktif dan memperluas ekosistem olahraga secara nasional. Anda menyukai artikel ini Artikel disimpan",sport,https://sport.detik.com/sport-lain/d-8665500/alfamart-run-2026-siap-digelar-3-3-juta-orang-berebut-5-000-tiket
15,"Tatap Tur Eropa, Dejan/Felisha Lapar Gelar Juara Pasangan baru ganda campuran Dejan Ferdinansyah/Felisha Alberta Nathaniel Pasaribu akan menjalani tur Eropa dalam waktu dekat. Mereka lapar gelar! Dejan/Felisha diumumkan menjadi tandem sejak Nova Widianto masuk sebagai pelatih ganda campuran di Pelatnas PBSI. Saat ini, keduanya masih dalam tahap mematangkan chemistry. ""Lebih ke polanya seperti apa, mainnya seperti apa, karena satu sama lain sudah tahu lah cara mix double main. Cuma lebih ke kebiasaannya saja sih. Seperti 'Oh mainnya seperti ini, polanya seperti ini'. Memadukan seperti itunya yang masih harus dicari-cari lagi,"" ujar Dejan saat ditemui di Pelatnas PBSI, Cipayung, Rabu (16/9/2026). Bagi Dejan, perubahan pasangan bukan hal baru. Sejak bergabung Pelatnas pada awal Januari 2025, ini menjadi kali keempat ia berganti pasangan.Tiga pasangan sebelumnya yaitu Siti Fadia Silva Ramadhanti, Bernadine Anindya Wardana, dan Apriyani Rahayu. Ia berharap duetnya dengan Felisha bisa lebih langgeng dan berprestasi.Kendati pada akhirnya, status pasangan baru tersebut membuat keduanya kembali merintis dari awal. ""Harapannya prestasinya jauh lebih dari sebelumnya. Kalau prestasi bagus, ya pasti lama (tandemnya). Ya semoga ini jadi awal mula kebangkitan,"" katanya. Sementara bagi Felisha, setelah cukup lama absen dari turnamen BWF, dia mengaku sudah sangat lapar untuk kembali bertanding dengan partner barunya. Felisha terakhir kali bertanding di Indonesia Open Juni 2026. Rencananya, mereka akan tampil Denmark Open mulai 13-18 Oktober dan French Open pada 20-25 Oktober mendatang. ""Saya sudah lapar pertandingan. Lapar. Dalam arti ya seperti, orang lagi kelaparan, maksudnya nafsu banget. Saya kondisinya begitu. Lapar juara? Ya lapar juara bukan lapar pertandingan,"" tegasnya. Melihat optimisme Felisha, Dejan tak kalah antusias. Dia merasa terpacu dengan semangat rekannya tersebut. ""Ya bagus lah. Dia saja sudah lapar apalagi saya. Saya senang sih bisa main level atas, dikasih lagi kepercayaan di sana. Tujuan saya ke sini adalah ingin cari prestasi. Apalagi ada kesempatan seperti ini, pasti lah, dia lapar, saya mau makan. Kita makan prestasinya,"" ucap Dejan (mcy/aff) Anda menyukai artikel ini Artikel disimpan",sport,https://sport.detik.com/raket/d-8665358/tatap-tur-eropa-dejan-felisha-lapar-gelar-juara
16,"Senna Agius Lengkapi Grid MotoGP 2027, Simak Daftar Lengkap Rider Musim Depan Grid MotoGP 2027 akhirnya lengkap. Senna Agius resmi naik kelas dari Moto2 ke MotoGP dan akan memperkuat Tech3 KTM mulai musim depan. Pebalap Australia berusia 21 tahun itu menjadi bagian dari line-up baru Tech3 bersama Luca Marini. Kepastian tersebut sekaligus melengkapi susunan pebalap MotoGP untuk musim 2027. Agius akan menjalani debutnya di kelas premier pada era baru MotoGP. Mulai musim depan, MotoGP menggunakan mesin 850 cc dan ban Pirelli. Tech3 KTM resmi mengumumkan Agius sebagai pebalap untuk MotoGP 2027. Rider kelahiran Australia itu mendapatkan kesempatan naik kelas setelah menunjukkan performa kompetitif di Moto2. Agius sudah mengoleksi empat kemenangan di Moto2. Ia juga menjadi salah satu pebalap yang akan menjalani debut MotoGP pada musim 2027. Selain Agius, ada empat rookie lainnya yang diproyeksikan tampil di MotoGP musim depan. Mereka adalah David Alonso, Dani Holgado, Izan Guevara, dan Nicolo Bulega. Alonso, Holgado, dan Guevara merupakan pebalap yang berasal dari Moto2. Sementara Bulega naik ke MotoGP setelah berkiprah di WorldSBK. Agius menyambut kepastian tersebut sebagai pencapaian besar dalam kariernya. ""Hari ini, saya sudah mewujudkan sebuah impian jangka panjang: menembus MotoGP,"" kata Agius seperti dilansir Crash.net. ""Saya sudah bekerja keras selama bertahun-tahun untuk mencapai momen ini. Saya sangat berterima kasih kepada Guenther dan seluruh orang di Tech3 yang percaya kepada saya dan memberikan kesempatan ini."" ""Saya tidak sabar membalas kepercayaan mereka. Saya tahu tantangan yang menanti, tetapi saya siap belajar, bekerja keras, dan menjadi versi terbaik dari diri saya bersama tim ini,"" tuturnya. Agius Masih Berjuang di Moto2 Kepastian promosi ke MotoGP datang ketika Agius masih bersaing di Moto2 2026. Agius sudah empat kali memenangi balapan Moto2. Ia juga meraih pole position untuk Moto2 San Marino di Misano. Namun, akhir pekannya di Misano berakhir mengecewakan. Agius tersingkir pada Tikungan 1 dan gagal menyelesaikan balapan. Insiden tersebut juga membuat posisinya di klasemen Moto2 turun ke peringkat keempat dengan 149 poin. Tapi performanya sepanjang musim sudah cukup untuk meyakinkan Tech3 KTM memberinya kesempatan tampil di MotoGP. Manajer tim Tech3 Nicolas Goyon menyebut Agius memiliki kecepatan dan mentalitas untuk menghadapi tantangan baru di MotoGP. ""Senna telah menunjukkan sepanjang kariernya di Moto2 bahwa dia memiliki kecepatan dan mentalitas untuk menghadapi tantangan baru ini. Dia masih muda, jadi ada banyak potensi yang bisa kami kembangkan bersama, dan kami senang menjadi bagian dari tahap berikutnya dalam kariernya."" Goyon juga menilai perubahan regulasi MotoGP pada 2027 menjadi tantangan tersendiri bagi seluruh pebalap. MotoGP akan menggunakan mesin 850 cc, sementara Pirelli menjadi pemasok ban menggantikan Michelin. Menurut Goyon, situasi tersebut juga membuka peluang bagi Tech3 dan Agius untuk membangun sesuatu bersama sejak awal era baru. ""Senna sangat ingin belajar, dia bekerja keras, dan dia sudah menunjukkan bahwa dia mampu bersaing di barisan depan. Kami sangat senang dia bergabung dengan Tech3 dan tidak sabar melihat apa yang bisa kami capai bersama."" Jadi Satu-satunya Rider Australia Promosi Agius membuat Australia tetap memiliki wakil di grid MotoGP 2027. Jack Miller dipastikan pindah ke WorldSBK mulai musim depan. Miller telah menandatangani kontrak dengan Yamaha untuk tampil di WorldSBK pada 2027 dan 2028. Dengan demikian, Agius akan menjadi satu-satunya rider Australia di grid MotoGP musim depan. Kehadirannya juga bertepatan dengan masuknya Adelaide ke kalender MotoGP. Mulai 2027, Grand Prix Australia akan digelar di Adelaide, menggantikan Phillip Island sebagai tuan rumah. Daftar Pebalap MotoGP 2027 - Ducati: Marc Marquez, Pedro Acosta - VR46 Ducati: Fermin Aldeguer, Nicolo Bulega - Gresini Ducati: Joan Mir, Dani Holgado - Aprilia: Marco Bezzecchi, Francesco Bagnaia - Trackhouse Aprilia: Raul Fernandez, Enea Bastianini - KTM: Fabio Di Giannantonio, Alex Marquez - Tech3 KTM: Luca Marini, Senna Agius - Honda: Fabio Quartararo, Diogo Moreira atau David Alonso - LCR Honda: Johann Zarco, Diogo Moreira atau David Alonso - Yamaha: Jorge Martin, Ai Ogura - Pramac Yamaha: Toprak Razgatlioglu, Izan Guevara Anda menyukai artikel ini Artikel disimpan",sport,https://sport.detik.com/moto-gp/d-8665387/senna-agius-lengkapi-grid-motogp-2027-simak-daftar-lengkap-rider-musim-depan
17,"Ana/Trias Fokus Medali di Asian Games 2026 Ganda putri Febriana Dwipuji Kusuma/Meilysa Trias Puspitasari menyatakan siap tempur di Asian Games Aichi-Nagoya 2026. Meski berstatus debutan dan senior, keduanya sepakat menargetkan medali. Ana/Trias merupakan salah satu pasangan ganda putri yang diturunkan PBSI di multievent terbesar se-Asia empat tahunan tersebut. ""Target ada cuma kita harus fokus satu-satu. Medali,"" kata Trias kepada pewarta di Pelatnas PBSI, Cipayung. Asian Games tahun ini bakal menjadi pengalaman yang berbeda bagi keduanya. Trias akan melakoni Asian Games pertamanya, sementara Ana sudah yang kedua. ""Persiapan sejauh ini cukup baik. Apa yang perlu diperbaiki, akan terus kami perbaiki setiap hari,"" kata Ana, yang mengaku senang kembali dipercaya tampil di Asian Games. ""Saya senang bisa bermain Asian Games untuk kedua kalinya. Ini benar-benar menjadi kesempatan besar bagi kami untuk menunjukkan yang terbaik,"" lanjutnya. ""Rasanya mungkin lebih senang pertama. Yang kedua, mempersiapkan mainnya mau gimana,"" tambahnya. Sementara Trias mengaku tidak gugup meski ini Asian Games pertamanya. Pengalaman bermain beregu di SEA Games membuatnya lebih tenang. ""Ini Asian Games yang pertama. Kekuatan. Aku sedang meningkatkan kekuatanku. Aku sudah terbiasa bermain beregu di SEA Games, jadi aku netral saja,"" ungkap Trias. Keduanya juga saling berbagi demi menjaga kekompakan satu sama lain. ""Kami selalu sharing apa yang perlu diperbaiki, apa yang sudah baik, dan apa yang perlu ditingkatkan. Kami selalu berkomunikasi, tidak hanya dengan Trias, tetapi juga dengan para pelatih kami,"" kata Ana. Menyoal janji pemerintah terkait bonus Rp3 Miliar bagi peraih emas Asian Games, Ana menyebut hal tersebut sebagai motivasi tambahan. Tapi ia juga tak ingin jadi mengganggu fokus. ""Tentu kita semakin semangat mendengar itu tapi harus lebih fokus dalam mainnya, match per match. Nanti hasil akan mengikuti dengan usaha kita,"" tegasnya. (mcy/aff) Anda menyukai artikel ini Artikel disimpan",sport,https://sport.detik.com/raket/d-8665053/ana-trias-fokus-medali-di-asian-games-2026
18,"Jadwal MotoGP Austria 2026 di Akhir Pekan, Seri ke-15 Musim Ini MotoGP 2026 berlanjut ke Austria akhir pekan ini. Red Bull Ring menjadi arena seri ke-15 musim ini, dengan persaingan perebutan posisi teratas klasemen yang semakin panas setelah Marc Marquez merebut puncak klasemen MotoGP dari Jorge Martin walaupun kedua rider punya poin yang sama. Marquez untuk pertama kalinya memimpin klasemen MotoGP musim ini setelah meraih kemenangan ganda di Misano, ditambah hasil Jorge Martin yang finis kelima. Hasil itu membuat persaingan klasemen makin sengit dengan kedua rider kini memiliki jumlah poin: 274. Namun, Marquez berhak berada di posisi teratas karena memiliki jumlah kemenangan balapan utama lebih banyak. Marquez sudah mengoleksi lima kemenangan Grand Prix musim ini, sedangkan Martin baru meraih satu kemenangan. Martin sebelumnya memimpin klasemen sejak seri Assen. Kini, juara bertahan MotoGP tersebut harus mempertahankan posisinya saat persaingan berlanjut di Red Bull Ring. GP Austria menjadi balapan kedua secara beruntun di Eropa setelah seri San Marino. Rangkaian MotoGP 2026 kemudian berlanjut ke Jepang sebelum Indonesia menjadi tuan rumah di Mandalika pada Oktober. Selain persaingan Marquez dan Martin, akhir pekan di Austria juga akan dimulai dengan rangkaian sesi latihan, kualifikasi, Sprint Race, hingga balapan utama. Jadwal MotoGP Austria 2026 Jumat, 18 September 2026 14.00 WIB - Moto3 FP1 14.50 WIB - Moto2 FP1 15.45 WIB - MotoGP FP1 18.15 WIB - Moto3 Practice 19.05 WIB - Moto2 Practice 20.00 WIB - MotoGP Practice Sabtu, 19 September 2026 13.40 WIB - Moto3 FP2 14.25 WIB - Moto2 FP2 15.10 WIB - MotoGP FP2 15.50 WIB - Kualifikasi MotoGP 17.45 WIB - Kualifikasi Moto3 18.40 WIB - Kualifikasi Moto2 20.00 WIB - MotoGP Sprint Minggu, 20 September 2026 14.40 WIB - MotoGP Warm Up 16.00 WIB - Moto3 Race 17.15 WIB - Moto2 Race 19.00 WIB - MotoGP Race Anda menyukai artikel ini Artikel disimpan",sport,https://sport.detik.com/moto-gp/d-8664822/jadwal-motogp-austria-2026-di-akhir-pekan-seri-ke-15-musim-ini
19,"Foto Sport Dari Mimika, Anak Papua Mengejar Mimpi di Lapangan Hijau Papua - Mimika Sport Complex menjadi tempat anak-anak menempa kemampuan sepakbola. Di sana, mereka berlatih, belajar, dan mengejar mimpi menjadi pesepakbola profesional Anda menyukai artikel ini Artikel disimpan",sport,https://sport.detik.com/fotosport/d-8664790/dari-mimika-anak-papua-mengejar-mimpi-di-lapangan-hijau
20,"Mau Kompetitif Lagi, Kenapa Quartararo Tak Coba Dapatkan Motor Ducati? Tak bisa dipungkiri bahwa Ducati masih jadi tolok ukur di MotoGP. Lantas, mengapa Fabio Quartararo tak mencoba bergabung dengan tim yang bernaung di Ducati? El Diablo akan mengakhiri kerja samanya selama delapan tahun dengan Yamaha pada akhir MotoGP 2026. Quartararo telah mengumumkan akan memperkuat Honda pabrikan mulai musim depan. Kesulitan Yamaha di empat musim terakhir jadi latar belakangnya. Quartararo belum lagi memenangi balapan sejak jadi kampiun di Sachsenring pada 2022 alias empat tahun lalu. Semakin mengecewakan karena Quartararo hanya sekali naik podium (P2) dalam 61 seri terakhir. Di tengah Yamaha yang jeblok, Ducati justru mendominasi. Para penunggang Desmosedici menyapu bersih empat musim terakhir dengan titel-titel juara dunia yang diraih Francesco Bagnaia (2), Jorge Martin, dan Marc Marquez. Enam pebalap telah dipastikan akan menunggangi motor Ducati pada 2027. Ducati pabrikan mengandalkan duet Marquez dan Pedro Acosta, sedangkan tim-tim satelit seperti Gresini dan VR46 menandemkan Joan Mir dan Daniel Holgado serta Fermin Adelguer dan Nicolo Bulega berturut-turut. Fabio Quartararo menjelaskan alasannya memilih Honda sekaligus tak mencoba mendapatkan kursi pebalap di tim Ducati. ""Karena kupikir Honda, selama beberapa tahun sampai sekarang, telah menjalani periode di mana mereka ingin juara lagi,"" ujar rider Prancis ini. ""Honda mengerahkan seluruh sumber daya yang mereka punya untuk comeback. Dengan perubahan regulasi, motor-motor baru, dan ban baru, kurasa Honda bisa membuat kejutan dan memproduksi sebuah motor yang sangat kompetitif."" ""Kami pernah bertemu dengan beberapa pabrikan, termasuk Honda. Di pertemuan-pertemuan itu, aku punya banyak sekali pertanyaan, dan tidak hanya menjawab pertanyaan-pertanyaanku, mereka menunjukkan kepadaku banyak hal tentang proyek mereka yang membuatku memutuskan untuk bergabung,"" Quartararo mengatakan kepada Motorsport. (rin/rin) Anda menyukai artikel ini Artikel disimpan",sport,https://sport.detik.com/moto-gp/d-8664759/mau-kompetitif-lagi-kenapa-quartararo-tak-coba-dapatkan-motor-ducati
21,"Sejarah! Jakbar Juara Umum Porprov DKI Jakarta, Kenneth DPRD DKI Guyur Bonus Jutaan Rupiah Kontingen atlet pelajar Jakarta Barat (Jakbar) mengukir sejarah dengan menjadi juara umum Pekan Olahraga Pelajar Provinsi (Porprov) DKI Jakarta 2026. Atas prestasi tersebut, Anggota DPRD DKI Jakarta dari Fraksi PDI Perjuangan, Hardiyanto Kenneth, memberikan apresiasi dan bonus kepada para atlet pelajar peraih medali emas. Penyerahan bonus dilakukan di Kantor Wali Kota Administrasi Jakarta Barat, Ruang MH Thamrin dan disaksikan Wali Kota Jakarta Barat Iin Mutmainnah, pada Selasa (15/9/2026). Diketahui, Porprov DKI Jakarta 2026 ini berlangsung dari tanggal 31 Agustus hingga 5 September 2026 di Hall A Gelanggang Mahasiswa Soemantri Brodjonegoro, Jakarta Selatan. Pada ajang tersebut, Jakarta Barat untuk pertama kalinya mencetak sejarah keluar sebagai juara umum dengan mengoleksi tujuh medali emas, dua perak, dan tujuh perunggu. Jakarta Barat mengungguli Jakarta Timur yang mengoleksi lima medali emas. Posisi berikutnya ditempati Jakarta Selatan dengan lima emas dan Jakarta Utara dengan tiga emas. Tujuh medali emas Jakarta Barat disumbangkan dari sejumlah cabang olahraga, yakni bola basket beregu putri U-15, bulu tangkis beregu putra U-15 dan U-18, sepak bola beregu putra U-15 dan U-18, serta sepak takraw beregu putra dan putri U-18. Sebagai bentuk apresiasi, Kenneth memberikan bonus kepada para atlet pelajar peraih medali emas. Besaran bonus disesuaikan dengan jumlah atlet pelajar yang terlibat dalam masing-masing cabang olahraga. Cabang olahraga sepak bola mendapatkan bonus terbesar, yakni Rp18 juta. Bonus tersebut diberikan karena jumlah atlet pelajar dalam tim sepak bola tersebut cukup banyak. Selanjutnya, tim bola basket mendapatkan bonus Rp14 juta, sepak takraw Rp6 juta, dan bulu tangkis Rp5 juta. ""Kenapa saya sangat mengapresiasi olahraga dan kepemudaan? Karena kebetulan saya suka olahraga. Saya masih main basket dan menjabat sebagai ketua umum catur DKI Jakarta (Percasi). Sayang sekali tim basket putranya gagal mendapatkan emas, cuma putri,"" ujar Kenneth dalam keterangannya. Pria yang akrab disapa Bang Kent itu berharap pemberian bonus tersebut dapat menjadi motivasi bagi para atlet pelajar untuk terus meningkatkan prestasi. Menurutnya, mempertahankan gelar juara umum akan menjadi tantangan yang lebih berat bagi Jakarta Barat pada Porprov berikutnya. ""Ini adalah sebuah awal. Yang paling berat itu adalah mempertahankan, harus di ingat itu. Dan harapan saya tim basket putra tahun depan bisa mendapatkan medali emas. Tradisi ini akan terus saya pertahankan dan konsisten akan terus saya berikan kalau ada kesempatan. Kalau memang bisa diulangi kembali menjadi juara umum akan saya tambahkan lagi bonusnya tahun depan,"" tutur pria yang juga Ketua Umum Percasi DKI Jakarta itu. Kent juga mengajak para atlet pelajar yang meraih medali perak dan perunggu untuk bisa meningkatkan prestasi dan merebut medali emas pada Porprov selanjutnya. ""Saya berikan tantangan juga kepada para atlet pelajar peraih medali perunggu dan perak agar mereka penasaran dan bisa berjuang untuk merebut medali emas di Porprov selanjutnya tahun depan,"" lanjut Alumni PPRA LXII Lemhannas RI itu. Tak hanya atlet pelajar, Kent juga memberikan kejutan dengan memberikan bonus tambahan kepada pelatih dan asisten pelatih yang berhasil mengantarkan tim meraih medali emas. Pelatih mendapatkan bonus Rp2 juta, sedangkan asisten pelatih memperoleh bonus Rp1 juta. ""Saya tambahkan apresiasi bonus untuk pelatih Rp2 juta. Asisten pelatih Rp1 juta. Harus di ingat bahwa tanpa pelatih kalian bukan apa-apa. Kebetulan saya bekas atlet, jadi saya tahu pentingnya peran pelatih. Pelatih adalah pelita kita, jadi harus kita hargai,"" pungkas Kepala BAGUNA (Badan Penanggulangan Bencana) DPD PDI Perjuangan Provinsi DKI Jakarta itu. Sementara itu, Wali Kota Jakarta Barat, Iin Mutmainnah mengapresiasi perjuangan para atlet pelajar yang telah membawa nama Jakarta Barat menjadi juara umum. ""Terima kasih kepada atlet pelajar yang sudah berjuang untuk Jakarta Barat. Saya bangga dengan kalian. Ini perdana dan sejarah mencatatkan Jakarta Barat bisa menjadi juara umum sejak Porprov diadakan pada 2017,"" ujar Iin. Iin juga menyampaikan apresiasi kepada Anggota DPRD DKI Jakarta Hardiyanto Kenneth yang telah memberikan bonus kepada para atlet pelajar Jakarta Barat, sebagai bentuk penghargaan atas prestasi yang telah diraih. ""Kami menyampaikan terima kasih dan apresiasi setinggi-tingginya kepada Bang Kenneth yang telah memberikan perhatian dan bonus kepada para atlet pelajar Jakarta Barat. Ini merupakan bentuk dukungan nyata terhadap perjuangan dan prestasi bagi para atlet pelajar,"" sambungnya. Menurutnya, pemberian bonus tersebut diharapkan dapat menjadi motivasi tambahan bagi para atlet pelajar tersebut untuk terus berprestasi dan mengharumkan nama Jakarta Barat maupun DKI Jakarta dalam berbagai ajang olahraga. ""Bonus ini tentu bukan hanya soal nilai materi, tetapi juga menjadi bentuk penghargaan atas kerja keras, disiplin, dan perjuangan para atlet pelajar ini. Mudah-mudahan ini bisa semakin memotivasi mereka untuk berlatih lebih giat dan meraih prestasi yang lebih tinggi,"" katanya. Ia juga berharap dukungan terhadap atlet pelajar ini dapat terus diberikan oleh berbagai pihak, sehingga pembinaan olahraga di Jakarta Barat ini bisa semakin berkembang dan mampu melahirkan atlet-atlet berprestasi di tingkat nasional maupun internasional. Pemberian bonus tersebut disambut positif oleh para atlet pelajar ini. Celine, salah satu atlet basket pelajar putri Jakarta Barat, berharap apresiasi yang diberikan Kenneth tersebut dapat menambah motivasi para atlet pelajar untuk mempertahankan prestasinya. ""Semoga dengan adanya bonus dari Pak Kenneth ini bisa memotivasi para atlet pelajar agar bisa berjuang lebih keras lagi di Porprov berikutnya dan bisa juara umum lagi,"" kata Celine. Anda menyukai artikel ini Artikel disimpan",sport,https://sport.detik.com/sport-lain/d-8664657/sejarah-jakbar-juara-umum-porprov-dki-jakarta-kenneth-dprd-dki-guyur-bonus-jutaan-rupiah
22,"Foto Sport Jelang Pembukaan, Nagoya Berbenah Sambut Asian Games 2026 Nagoya - Nagoya terus bersiap menyambut Asian Games Aichi-Nagoya 2026. Sejumlah venue, hunian atlet, hingga pusat media dipersiapkan menjelang pembukaan 19 September. Anda menyukai artikel ini Artikel disimpan",sport,https://sport.detik.com/fotosport/d-8664077/jelang-pembukaan-nagoya-berbenah-sambut-asian-games-2026
23,"ALTI DKI Jakarta Target 5 Emas di PON 2028 Asosiasi Lari Trail Indonesia (ALTI) DKI Jakarta punya target besar di Pekan Olahraga Nasional (PON) 2028. Mereka ingin membawa pulang lima medali emas. Oleh karenanya, ALTI DKI mulai mempersiapkan diri menuju PON 2028 dan beberapa ajang bergengsi lainnya itu. Diawali dengan Rapat Kerja Provinsi (Rakerprov) ALTI DKI Jakarta 026-2030 di Aula lantai 4 Kantor KONI DKI Jakarta, Selasa (15/9). Usai Raker, sedianya akan dilakukan pelantikan Pengurus baru ALTI DKI Jakarta 2026-2030 oleh Ketua Umum PP ALTI Bima Arya Sugiarto. Tapi, lantaran Bima Arya mendadak mendapat tugas kenegaraan, pelantikan ALTI DKI terpaksa ditunda. Meski begitu, Ketua ALTI DKI, Eko Putro Hadi Prasetyo, menyatakan penundaan pelantikan itu sama sekali tak memengaruhi semangat perjuangan mereka. Eko mengatakan Rakerprov menjadi momentum untuk memperkuat sinergi organisasi sekaligus menyusun program pembinaan atlet. Menurut Eko, ALTI DKI ingin membangun organisasi yang lebih transparan dan terbuka demi mendukung perkembangan olahraga lari trail di Ibu Kota. ""Rapat kerja tadi berjalan lancar. Kegiatan ini dihadiri oleh Wakil Ketua Umum II KONI DKI Jakarta, kemudian dari bidang organisasi juga hadir. Kami bersama seluruh organisasi dan teman-teman lainnya bersama-sama membangun organisasi ini agar lebih baik ke depannya,"" ujar Eko dalam keterangan kepada media. Dia menyebut sinergi antarbagian menjadi salah satu kunci dalam menyiapkan atlet-atlet potensial untuk menghadapi berbagai kejuaraan. ""Maksudnya di sini, kami sebagai tim berarti harus bersinergi untuk menyiapkan atlet-atlet kami ke depan agar bisa lebih meningkatkan prestasi. Dalam raker tadi juga ada masukan dari teman-teman bahwa ke depan organisasi harus lebih transparan dan lebih terbuka demi kemajuan ALTI di Jakarta,"" sambungnya. Dalam waktu dekat, ALTI DKI Jakarta akan menghadapi kejuaraan nasional di Gunung Dempo, Pagar Alam, Sumatera Selatan, Desember nanti. Sebanyak 15 atlet disiapkan untuk tampil dalam ajang tersebut. ""Kami menyiapkan atlet untuk persiapan Kejurnas di Gunung Dempo pada Desember tahun ini,"" tutur Eko. Tak hanya fokus pada agenda jangka pendek, ALTI DKI juga mulai menyusun kekuatan untuk menghadapi target jangka panjang yakni PON 2028. KONI DKI Jakarta telah memberikan target kepada ALTI untuk meraih lima medali emas, lima perak, dan empat perunggu pada PON 2028. Mau tak mau ALTI DKI harus berburu dengan waktu untuk mempersiapkan atlet selama dua tahun ke depan. ""Target itu harus kami penuhi karena itu artinya PR buat kami dari Induk yang menaungi kami sehingga harus kami penuhi,"" lanjut Eko. ""Untuk saat ini, dalam waktu dekat kami menyiapkan 15 atlet untuk kejuaraan tersebut. Namun, dalam Rakerprov tadi kami juga sepakat untuk menyiapkan atlet-atlet baru dalam rangka menyambut PON 2028. Kami akan berusaha lebih keras untuk mewujudkan target tersebut,"" pungkasnya. Anda menyukai artikel ini Artikel disimpan",sport,https://sport.detik.com/sport-lain/d-8664618/alti-dki-jakarta-target-5-emas-di-pon-2028
24,"Jakbar Juara Popprov DKI Jakarta, Atletnya Dapat Bonus Kontingen atlet pelajar Jakarta Barat baru saja menjuarai Pekan Olahraga Pelajar Provinsi (Popprov) DKI Jakarta 2026. Bonus pun diberikan kepada para juara. Popprov DKI Jakarta berlangsung 31 Agustus-5 September di Hall A Gelanggang Mahasiswa Soemantri Brodjonegoro, Jakarta Selatan. Jakbar untuk pertama kalinya mencetak sejarah keluar sebagai juara umum dengan mengoleksi tujuh medali emas, dua perak, dan tujuh perunggu. Jakbar mengungguli Jaktim yang mengoleksi lima medali emas. Posisi berikutnya ditempati Jaksel dengan lima emas dan Jakut dengan tiga emas. Tujuh medali emas Jakarta Barat disumbangkan dari sejumlah cabang olahraga, yakni bola basket beregu putri U-15, bulu tangkis beregu putra U-15 dan U-18, sepakbola beregu putra U-15 dan U-18, serta sepak takraw beregu putra dan putri U-18. Atas prestasi tersebut, Anggota DPRD DKI Jakarta dari Fraksi PDI Perjuangan, Hardiyanto Kenneth, memberikan apresiasi dan bonus kepada para atlet pelajar peraih medali emas. Penyerahan bonus dilakukan di Ruang MH Thamrin Kantor Wali Kota Administrasi Jakbar, dan disaksikan Wali Kota Iin Mutmainnah, Selasa (15/9/2026). Besaran bonus disesuaikan dengan jumlah atlet pelajar yang terlibat dalam masing-masing cabang olahraga. Cabor sepakbola mendapatkan bonus terbesar, yakni Rp 18 juta. Bonus tersebut diberikan karena jumlah atlet pelajar dalam tim tersebut cukup banyak. Selanjutnya, tim basket mendapatkan bonus Rp 14 juta, sepak takraw Rp 6 juta, dan bulu tangkis Rp 5 juta. ""Kenapa saya sangat mengapresiasi olahraga dan kepemudaan? Karena kebetulan saya suka olahraga. Saya masih main basket dan menjabat sebagai ketua umum catur DKI Jakarta (Percasi). Sayang sekali tim basket putranya gagal mendapatkan emas, cuma putri,"" ujar Kenneth dalam keterangannya. Pria yang akrab disapa Bang Kent itu berharap bonus itu dapat memotivasi bagi para atlet pelajar untuk terus meningkatkan prestasi. Menurutnya, mempertahankan gelar juara umum akan menjadi tantangan yang lebih berat bagi Jakarta Barat pada Popprov berikutnya. ""Ini adalah sebuah awal. Yang paling berat itu adalah mempertahankan, harus di ingat itu. Dan harapan saya tim basket putra tahun depan bisa mendapatkan medali emas. Tradisi ini akan terus saya pertahankan dan konsisten akan terus saya berikan kalau ada kesempatan. Kalau memang bisa diulangi kembali menjadi juara umum akan saya tambahkan lagi bonusnya tahun depan,"" tutur pria yang juga Ketua Umum Percasi DKI Jakarta itu. Kent juga mengajak para atlet pelajar yang meraih medali perak dan perunggu untuk bisa meningkatkan prestasi dan merebut medali emas pada Popprov selanjutnya. ""Saya berikan tantangan juga kepada para atlet pelajar peraih medali perunggu dan perak agar mereka penasaran dan bisa berjuang untuk merebut medali emas di Popprov selanjutnya tahun depan,"" lanjut Alumni PPRA LXII Lemhannas RI itu. Tak hanya atlet pelajar, para pelatih dan asisten pelatih yang berhasil mengantarkan tim meraih medali emas juga kecipratan bonus. Pelatih mendapatkan Rp 2 juta, sedangkan asisten pelatih memperoleh bonus Rp 1 juta. ""Saya tambahkan apresiasi bonus untuk pelatih Rp2 juta. Asisten pelatih Rp1 juta. Harus di ingat bahwa tanpa pelatih kalian bukan apa-apa. Kebetulan saya bekas atlet, jadi saya tahu pentingnya peran pelatih. Pelatih adalah pelita kita, jadi harus kita hargai,"" papar Kepala BAGUNA (Badan Penanggulangan Bencana) DPD PDI Perjuangan Provinsi DKI Jakarta itu. Sementara itu, Wali Kota Jakbar, Iin Mutmainnah mengapresiasi perjuangan para atlet pelajar yang telah membawa nama daerahnya menjadi juara umum. ""Terima kasih kepada atlet pelajar yang sudah berjuang untuk Jakarta Barat. Saya bangga dengan kalian. Ini perdana dan sejarah mencatatkan Jakarta Barat bisa menjadi juara umum sejak Popprov diadakan pada 2017,"" ujar Iin. Pemberian bonus tersebut disambut positif oleh para atlet pelajar ini. Celine, salah satu atlet basket pelajar putri, berharap apresiasi yang diberikan Kenneth tersebut dapat menambah motivasi para atlet pelajar untuk mempertahankan prestasinya. ""Semoga dengan adanya bonus dari Pak Kenneth ini bisa memotivasi para atlet pelajar agar bisa berjuang lebih keras lagi di Popprov berikutnya dan bisa juara umum lagi,"" kata Celine. Anda menyukai artikel ini Artikel disimpan",sport,https://sport.detik.com/sport-lain/d-8664561/jakbar-juara-popprov-dki-jakarta-atletnya-dapat-bonus
25,"Persiapan FIA Rallycross World Cup 2026 Dimulai, Sirkuit Ancol Dimodifikasi Persiapan menuju FIA Rallycross World Cup 2026 dimulai. Sarga Motorsport selaku penyelenggara melakukan modifikasi Sirkuit International e-Prix Ancol hari ini. Jakarta secara resmi menjadi tuan rumah Kejuaraan FIA Rallycross 2026. Ajang balap mobil dunia itu akan bergulir di Ancol, pada 5-6 Desember mendatang. Indonesia akan menggelar dua kategori yaitu RX1 dan RX5. ""Mulai hari ini kami memulai modifikasi. Sebenarnya bukan pembangunan, tetapi memodifikasi sirkuit,"" ujar CEO Sarga.co Nugdha Achadie dalam jumpa persnya di kawasan Jakarta Pusat, pada Selasa (15/9/2026). Berbeda dengan saat digunakan Formula E yang full aspal, sirkuit Ancol akan dirombak total untuk kebutuhan rallycross. Proses modifikasi ini ditargetkan selesai pada November 2026. ""Awalnya, sirkuit tersebut digunakan untuk Formula E dan hanya menggunakan lintasan aspal. Nah, di Rallycross ini kami akan menggabungkan lintasan aspal dengan lintasan gravel atau dirt. Jadi, ini akan sangat menarik bagi seluruh pengunjung dan masyarakat Jakarta serta Indonesia,"" kata Nugdha. ""InsyaAllah, mulai hari ini kami sudah mulai melakukan modifikasi. Pada bulan November sudah siap dan Desember sudah bisa digunakan sepenuhnya untuk FIA Rallycross World Cup 2026,"" tambahnya. Sementara itu, Pemerintah Provinsi DKI Jakarta memastikan dukungan penuh. Kadispora DKI Andri Yansyah menyebut persiapan sudah berjalan sejak tahun lalu bersama Ikatan Motor Indonesia (IMI). ""Bicara masalah kesiapan, tadi sudah disinggung oleh Pak Nugraha bahwa kita memang sudah dari tahun lalu melakukan persiapan dan dibantu dengan teman-teman dari IMI,"" kata Andri. ""Bagaimana pelayanan publik berjalan dengan baik, transportasi berjalan dengan baik, keamanan berjalan dengan baik, serta layanan dan fasilitas berjalan dengan baik. Dan itu tidak bisa kita lakukan sendiri,"" ujarnya. Menyoal pembalap, Sarga Motorsport sudah memastikan dua nama besar yaitu Kevin Hansen dan legenda dunia, Sebastian Loeb untuk nomor RX1. Sementara untuk RX5, akan ada kejutan. Rencananya, ada talenta dari Indonesia yang akan ikut berlaga. ""Untuk pembalap lainnya, kami masih menunggu finalisasi dari FIA. Jadi, kita tunggu bersama. Semoga dalam waktu dekat sudah bisa diumumkan oleh FIA,"" pungkas Nugdha. Anda menyukai artikel ini Artikel disimpan",sport,https://sport.detik.com/sport-lain/d-8664389/persiapan-fia-rallycross-world-cup-2026-dimulai-sirkuit-ancol-dimodifikasi
26,"Cerita Memen Harianto Saat Tampil di AXCR 2026 Pereli Memen Harianto membawa cerita usai tampil di Asia Cross Country Rally (AXCR) 2026 bulan lalu. Tidak cuma di dalam, tapi juga luar lintasan. Membawa mobil balap ke ajang internasional bukan hanya soal persiapan mesin dan performa kendaraan. Urusan dokumen, kepabeanan, logistik, hingga proses membawa kembali kendaraan ke Tanah Air juga menjadi bagian penting yang harus dipersiapkan sejak awal. Memen Harianto selaku leader Indonesia Cross Country Rally Team (IXCRT) kategori mobil merasakan itu saat membawa Toyota Hilux Revo nomor 116 untuk berlaga di Asia Cross Country Rally (AXCR) 2026 di Thailand. Setelah menyelesaikan seluruh enam leg AXCR 2026 dan finis di posisi keempat kelas T1G, kendaraan beserta perlengkapan pendukungnya kembali ke Indonesia. Pada 9 September, Bea Cukai melakukan pemeriksaan terhadap kontainer yang membawa kendaraan dan perlengkapan tersebut sebagai bagian dari proses kepabeanan. Bagi Memen, yang mendapat dukungan dari banyak sponsor, seperti FIN+, Galad Exchange, Pertamina Lubricants, Pegadaian Indonesia, dan InJourney Airport, pengalaman tersebut juga menjadi kesempatan untuk berbagi edukasi mengenai proses resmi membawa kendaraan kompetisi ke luar negeri. ATA Carnet, ""Paspor"" untuk Barang Salah satu dokumen penting dalam kegiatan tersebut adalah ATA Carnet, yaitu dokumen kepabeanan internasional untuk membawa barang secara sementara ke negara lain dan kemudian membawanya kembali ke negara asal. Karena sifatnya sementara, ATA Carnet banyak digunakan untuk kegiatan internasional, termasuk motorsport yang membawa kendaraan, spare part, tools, ban, dan perlengkapan pendukung lainnya. Secara sederhana, ATA Carnet kerap disebut sebagai ""paspor untuk barang"". Namun, penggunaannya tetap harus mengikuti ketentuan kepabeanan negara asal maupun negara tujuan. Pengurusan Dimulai dari KADIN Menurut pengalaman Memen, proses perlu dipersiapkan jauh sebelum keberangkatan. Pengajuan ATA Carnet dilakukan melalui Kamar Dagang dan Industri (KADIN) sebagai lembaga penerbit ATA Carnet di Indonesia. Pemohon harus menyiapkan general list, yakni daftar rinci barang yang akan dibawa. Untuk motorsport, daftar tersebut dapat mencakup kendaraan, spare part, ban, velg, tools, dan perlengkapan servis. Data seperti jenis dan jumlah barang, identitas atau nomor seri, nilai barang, serta asal barang perlu dicantumkan secara akurat karena akan menjadi acuan dalam pemeriksaan. Selain biaya administrasi, pemohon juga perlu menyiapkan uang jaminan sesuai ketentuan yang berlaku. Jaminan tersebut berkaitan dengan kewajiban pemegang Carnet untuk memenuhi mekanisme pemasukan sementara dan penyelesaian kepabeanan sampai barang kembali atau mendapatkan penyelesaian sesuai prosedur. Setelah seluruh persyaratan dipenuhi, barang akan diperiksa Bea Cukai sebelum keberangkatan untuk dicocokkan dengan data dalam general list dan ATA Carnet. ""Kalau mau bawa mobil balap ke luar negeri, persiapannya jangan hanya mobilnya. Dari awal kita harus tahu barang apa saja yang dibawa, spare part, tools, ban, dan semuanya harus didata dengan baik. Mulai dari jenis barang, harga dan asal negara. Form tersebut bisa kita dapatkan di KADIN pada saat pengajuan,"" ujar Memen. Dua Kontainer Menuju Thailand Untuk AXCR 2026, kebutuhan logistik tim cukup besar. Total terdapat tiga kontainer yang diberangkatkan dari Indonesia. Satu kontainer 40 feet digunakan untuk membawa Toyota Hilux Revo Memen Harianto, spare part, serta kebutuhan tim motor yang dipimpin Rudy Poa selaku leader tim sekaligus rider senior. Satu kontainer 20 feet membawa Suzuki Jimny milik Gema Suria - Dodi. Kondisi tersebut menunjukkan bahwa mengikuti cross-country rally internasional bukan hanya membutuhkan mobil yang siap balap, tetapi juga perencanaan logistik yang matang. Kapal Sempat Delay Dalam perjalanan menuju Thailand, tim juga menghadapi perubahan jadwal dan keterlambatan kapal. Kondisi tersebut pada periode itu juga terjadi di berbagai negara dan bukan hanya di Indonesia. Perubahan jadwal membuat tim harus menyesuaikan berbagai kebutuhan logistik dan administrasi. Dalam kondisi tersebut, koordinasi dengan Bea Cukai menjadi bagian penting dalam penyelesaian proses keberangkatan. Memen mengapresiasi asistensi dan koordinasi yang diberikan Bea Cukai dalam penyelesaian proses dokumen kepabeanan sehingga penyesuaian akibat perubahan jadwal kapal dapat dilakukan sesuai prosedur. ""Waktu itu kapal sempat delay, jadi kami harus menyesuaikan jadwal. Kami sangat terbantu dengan asistensi dan koordinasi dari Bea Cukai dalam penyelesaian proses dokumen keberangkatan. Komunikasinya sangat membantu kami memahami dan menyelesaikan proses yang harus dilakukan,"" kata Memen. Dukungan tersebut juga mendapat apresiasi dari Adhang Noegroho Adhi selaku Kepala Kantor Pelayanan Utama (KPU) Bea dan Cukai Tipe A Tanjung Priok. ""Kami mendukung dan mengapresiasi Indonesia Cross Country Rally Team. Selain membawa nama harum Indonesia di event rally internasional, mereka layak menjadi contoh dan panutan sebagai tim yang tertib dan menaati aturan, dengan membawa barang keluar dan masuk selalu sama dari tahun ke tahun,"" ujar Adhang. Setelah AXCR selesai, kendaraan dan perlengkapan kembali ke Indonesia dan menjalani proses kepabeanan. Bea Cukai melakukan pemeriksaan terhadap kontainer yang tiba di Tanah Air. Kendaraan dan perlengkapan diperiksa serta dicocokkan kembali dengan data dan dokumentasi yang tercantum dalam ATA Carnet dan general list. Proses tersebut penting untuk memastikan barang yang kembali sesuai dengan barang yang sebelumnya dibawa keluar dari Indonesia. Setelah seluruh kewajiban kepabeanan diselesaikan sesuai ketentuan, proses penyelesaian ATA Carnet dan pengembalian jaminan kepada pemegang Carnet dapat dilanjutkan melalui mekanisme yang berlaku. ""Support dari Bea Cukai kami rasakan dari proses keberangkatan sampai barang kembali. Asistensi dan koordinasi yang diberikan sangat membantu kami dalam menyelesaikan proses dan memastikan semuanya berjalan sesuai prosedur,"" ujar Memen. Baca juga: AXCR 2026: Overheating Gagalkan Misi Juara Memen Harianto Motorsport Bukan Hanya Soal Balapan Dari pengalaman tersebut, Memen menilai pembalap Indonesia yang ingin mengikuti kompetisi internasional perlu memahami bahwa motorsport memiliki ekosistem yang lebih luas daripada sekadar persiapan kendaraan. Teknis, safety, shipping, dokumen, kepabeanan, hingga koordinasi logistik harus dipikirkan sejak awal. ""Jangan sampai kita hanya fokus membuat mobil bagus dan cepat, tapi lupa bagaimana cara membawa mobil itu keluar dan masuk kembali ke Indonesia. Semua harus dipikirkan dari awal,"" tutur Memen. Memen berharap pengalaman ini dapat menjadi referensi bagi pembalap Indonesia lainnya yang ingin membawa kendaraan sendiri untuk berlaga di kompetisi internasional. ""Terima kasih kepada KADIN, dan Bea Cukai, yang setiap tahun selalu mendukung kami dalam mengikuti AXCR,"" tutup Memen. Baca juga: Bagaimana Kiprah Pereli Indonesia di AXCR 2026? Simak Video ""Video Walkot-Gubernur di Kolombia Adu Jotos di Atas Ring"" [Gambas:Video 20detik] Anda menyukai artikel ini Artikel disimpan",sport,https://sport.detik.com/sport-lain/d-8664494/cerita-memen-harianto-saat-tampil-di-axcr-2026
27,"Marc Marquez Akui Dapat Kado Manis dari Rival-rivalnya Marc Marquez memimpin persaingan MotoGP 2026 setelah sempat jauh tertinggal. Marquez mengakui, dirinya mendapatkan keuntungan dari rival-rivalnya. Pebalap Ducati itu tak sekalipun memenangi balapan grand prix di tujuh seri pertama musim ini, bahkan empat kali gagal mendulang angka. Sementara itu duo Aprilia Marco Bezzecchi dan Jorge Martin tokcer sehingga mendominasi dua posisi teratas klasemen. Finis ketujuh di Mugello menempatkan Marc Marquez tercecer 102 poin dari pemimpin kejuaraan. Namun, setelahnya juara dunia sembilan kali itu pelan-pelan melesat. Marquez tampil sebagai juara di Hungaria, Ceko, Jerman, Aragon, dan San Marino. Empat di antaranya termasuk balapan akhir pekan lalu di Misano berhasil disapu bersih Marquez. Di sisi lain, baik Martin dan Bezzecchi justru memudar usai sama sekali gagal memenangi satupun balapan grand prix. Alhasil, Marc Marquez kini memuncaki klasemen MotoGP dengan 274 poin. Marquez dibayangi Jorge Martin dengan perolehan poin yang sama tapi unggul jumlah kemenangan, sedangkan Bezzecchi ketiga dengan selisih 33 poin. Marquez mengungkapkan, performa menurun rival-rivalnya jadi kado manis buatnya dalam persaingan MotoGP 2026. ""Aku tadinya siap balapan [di Mugello], dengan kondisi tidak 100%, tapi itu sekaligus juga cara untuk mempersiapkan -- jika Anda ingin memiliki kesempatan untuk memenangi balapan,"" sahut pebalap berusia 33 tahun ini di Crash. ""Saat itu aku enggak memikirkan tentang kejuaraan karena itu tidak tergantung kepadaku. Memang benar bahwa para rival memberiku sebuah hadiah, dan ketika aku merasakan hadiah itu, rasanya manis. Jadi aku sedang berusaha memaksimalkan keuntunganku dari gaya balapku, dari motorku, dan dari timku,"" Marc Marquez menambahkan. Anda menyukai artikel ini Artikel disimpan",sport,https://sport.detik.com/moto-gp/d-8663795/marc-marquez-akui-dapat-kado-manis-dari-rival-rivalnya
28,"Eko Yuli Masih Incar Tiket Olimpiade LA 2028 Atlet angkat besi Eko Yuli Irawan incar tiket Olimpiade Los Angeles 2028. Tekadnya itu sekaligus menandakan kariernya belum lah usai. Eko, sapaan karibnya, memang akan menandai Asian Games 2026 sebagai multievet level Asia terakhirnya. Tapi untuk urusan Olimpiade, dia masih menyimpan ambisi besar untuk dapat tampil kembali. ""Ya kita coba. Mudah-mudahan terakhir juga (Olimpiade). Cuma kita bersaing dengan para junior untuk kualifikasi lagi,"" ujar Eko kepada detikSport. Jika lolos kualifikasi Olimpiade LA, maka Eko akan menandai Olimpiade keenamnya. Empat edisi sebelumnya (2008, 2012, 2016, 2020), ia sudah mengantongi dua medali perak dan dua perunggu. Pada Olimpiade 2024, atlet kelahiran Lampung ini gagal meraih medali. Ia mengalami cedera pada bagian paha kanan satu bulan sebelum terbang ke Paris sehingga mengganggu performanya saat bertanding. Di kualifikasi Olimpiade, Eko rencananya akan turun di kelas 65kg dan Asian Games di Aichi-Nagoya bakal menjadi ajang pemanasannya dengan kelas baru tersebut. Saat ini bobotnya masih di 69kg dan ditargetkan turun seminggu sebelum bertanding. ""Saya turun di kelas 65kg. Sudah berubah lagi, kelasnya pakai yang olimpiade.Sekarang (berat badan) saya masih di 69kg. Maunya turun seminggu terakhir,"" jelas Eko. Selain kelas 65kg, kelas Olimpiade sektor putra terdiri dari 75kg, 85kg, 95kg, 110kg, dan +110kg. Sementara nomor putri yaitu 53kg, 61kg, 69kg, 77kg, 86kg, dan +86kg. Kualifikasi Olimpiade angkat besi akan dibagi dalam dua periode. Periode pertama bakal dimulai tepatnya di Kejuaraan Dunia Angkat Besi Senior yang rencananya bergulir 27 Oktober hingga 8 November 2026 di Ningbo, China. Setelahnya event yang mengikuti ialah 1st IWF Qualifier for LA2028. Jika mengikuti kalender IWF maka akan berlangsung pada Desember. Namun itu belum bisa dipastikan karena tempat dan waktu penyelenggaraan masih akan diumumkan lebih lanjut. Sementara tahun 2027 akan digelar lima kejuaraan yang merupakan bagian dari kualifikasi Olimpiade. Yaitu Kualifikasi IWF II, Kejuaraan Senior Kontinental, Kualifikasi IWF III, Kejuaraan Senior Dunia IWF 2027. Empat kejuaraan di atas masih masuk dalam periode pertama kualifikasi Olimpiade. Sementara di periode kedua akan digelar Kualifikasi IWF IV yang digelar pada tahun depan. Kemudian Kualifikasi IWF 2028, Kejuaraan Kontinental senior, Kejuaraan Dunia Senior IWF. Periode kualifikasi Olimpiade akan berakhir pada 7 Mei 2028. (mcy/aff) Anda menyukai artikel ini Artikel disimpan",sport,https://sport.detik.com/sport-lain/d-8664208/eko-yuli-masih-incar-tiket-olimpiade-la-2028
29,"Jelang Asian Games 2026, Bulutangkis Indonesia Cari Variasi Lawan di Jepang Tim bulutangkis Indonesia terus mematangkan persiapan menuju Asian Games Aichi-Nagoya 2026. Memasuki hari kedua pemusatan latihan di Tokyo, skuad Merah Putih mendapat variasi permainan lewat latih tanding dengan klub Jepang, NTT East Badminton Club. Latih tanding tersebut digelar Selasa (15/9/2026). Para pemain ganda putra dan putri Indonesia mendapat kesempatan menghadapi pasangan Jepang untuk menambah pengalaman sebelum terjun di Asian Games. Pelatih Kepala Ganda Putra Indonesia, Antonius Budi Ariantho, menilai latih tanding dengan klub Jepang memberikan manfaat penting. Menurutnya, para pemain bisa menghadapi pola permainan berbeda dibandingkan saat berlatih dengan rekan sendiri. ""Dengan sparing bersama klub dari Jepang saya rasa sangat positif. Kami mendapat variasi pola main dari lawan yang berbeda. Kalau dengan tim sendiri kan sudah sehari-hari ya,"" kata Antonius Budi Ariantho dalam keterangannya. ""Manfaatnya nanti bisa dirasakan saat pertandingan, sudah lebih banyak dan siap dengan pola yang berbeda-beda,"" lanjutnya. Anton juga menyebut persiapan sektor ganda putra sudah matang. Lima pemain yang ada di skuad terus dibiasakan bermain dengan pasangan berbeda selama persiapan di Indonesia. ""Dari sejak di Indonesia sudah dibiasakan, lima pemain ini kami putar dengan pasangan yang berbeda. Saya rasa persiapan sudah matang banget ya, tinggal lihat nanti ketemu siapa, kebutuhannya bagaimana,"" Anton mengungkapkan. Hal serupa dirasakan ganda putri Rachel Allessya Rose/Febi Setianingrum. Bagi mereka, kesempatan berlatih tanding dengan ganda putri Jepang membuat suasana latihan lebih segar sekaligus memberikan pengalaman menghadapi karakter permainan yang berbeda. ""Seru tadi bisa latih tanding dengan ganda-ganda Jepang. Biasanya jadi lawan tapi hari ini bisa latihan bersama. Positif sekali hawanya dan ada suasana baru,"" kata Rachel. Febi menilai karakter permainan ganda Jepang juga bisa menjadi modal tambahan bagi dirinya dan Rachel sebelum tampil di Asian Games. ""Ganda Jepang terkenal ulet dan tenaganya cukup kencang, tadi juga ada Hinata Suzuki/Nao Yamakita yang sudah sering ikut World Tour Series. Ini jadi tambahan modal kami ke Asian Games nanti,"" Febi menimpali. Asian Games Aichi-Nagoya 2026 akan dibuka pada 19 September. Cabang bulutangkis kemudian dipertandingkan pada 20-24 September untuk nomor beregu dan 25-29 September untuk nomor perorangan. Bagi Rachel/Febi, Asian Games kali ini menjadi panggung debut mereka. Keduanya ingin menjadikan hasil di Kejuaraan Dunia sebagai bahan evaluasi untuk tampil lebih baik di Jepang. ""Hasil dari Kejuaraan Dunia jadi evaluasi bagi kami. Di sini kami harus lebih maksimal, tidak mau kalahnya ditingkatkan lagi. Senang bisa dipercaya main Asian Games,"" ucap Febi yang diamini Rachel. Dengan persiapan yang semakin dekat ke hari pertandingan, latih tanding melawan klub Jepang menjadi kesempatan bagi para pemain Indonesia untuk memperkaya variasi permainan sebelum menghadapi persaingan di Asian Games 2026. Anda menyukai artikel ini Artikel disimpan",sport,https://sport.detik.com/raket/d-8664011/jelang-asian-games-2026-bulutangkis-indonesia-cari-variasi-lawan-di-jepang
30,"Gagal di Asian Games 2026, Timnas Basket Putra RI Bakal Evaluasi Total Timnas basket putra Indonesia gagal melaju ke perempatfinal Asian Games 2026. Pelatih David Singleton menyebut hasil tersebut sebagai kegagalan dan menegaskan evaluasi menyeluruh akan dilakukan. Yudha Saputera dkk gagal meraih kemenangan dalam tiga pertandingan Grup A. Indonesia kalah telak dari Jepang 53-98, kemudian takluk 48-102 dari Korea Selatan, dan kembali menelan kekalahan saat menghadapi Arab Saudi dengan skor 89-100. Hasil tersebut membuat Indonesia finis di posisi keempat Grup A dengan tiga poin dari tiga kekalahan. Tim Merah Putih pun harus mengakhiri kiprahnya lebih awal. Singleton secara terbuka mengakui hasil tersebut tidak sesuai dengan standar yang ditetapkan untuk tim nasional. ""Kami menilai hasil ini sebagai kegagalan. Kami yakin masih banyak potensi yang bisa kami tunjukkan, namun kami tidak mendapatkan proses adaptasi yang cukup cepat selama berada di Jepang,"" kata pelatih yang karib disapa Dave ini dikutip dari laman federasi. Singleton menegaskan timnya tidak ingin mencari alasan atas hasil buruk tersebut. Menurutnya, Indonesia membutuhkan lebih banyak pengalaman bertanding dan waktu kebersamaan, terutama dalam persiapan menghadapi Asian Games. ""Kami tidak mencari-cari alasan. Itu poin utamanya. Jika harus menjawab berdasarkan fakta, kami sebenarnya membutuhkan lebih banyak pengalaman bertanding dan waktu kebersamaan, terutama bagi tim Asian Games. Kami baru benar-benar bangkit dan menunjukkan kemampuan terbaik kami pada pertandingan ketiga,"" jelasnya. Meski gagal meraih kemenangan, Singleton menilai para pemain tetap menunjukkan perjuangan hingga pertandingan terakhir. ""Hal yang ingin saya tekankan adalah tim kami tetap tampil dan berjuang hingga akhir. Kami ingin masyarakat Indonesia tahu bahwa kami tidak akan pernah menyerah,"" ujarnya. Namun, Singleton mengakui penampilan Indonesia belum mencerminkan kemampuan sebenarnya. ""Sayangnya, kami tidak bisa menunjukkan jati diri kami yang sesungguhnya hingga pertandingan terakhir melawan Arab Saudi. Ini bukanlah standar yang ingin kami tetapkan di level tim nasional,"" tegas Singleton. Kegagalan di Asian Games 2026 pun menjadi bahan evaluasi besar bagi seluruh elemen tim. Evaluasi tidak hanya menyasar pelatih dan pemain, tetapi juga staf pendukung, aspek organisasi, hingga penjadwalan. ""Kami harus mengevaluasi segalanya. Federasi memiliki harapan agar kami meraih kemenangan dan tampil lebih baik. Oleh karena itu, mulai dari pelatih, pemain, staf pendukung, hingga aspek organisasi dan penjadwalan, semuanya akan dievaluasi dan diperbaiki,"" tuturnya. Singleton juga menilai pembenahan tidak boleh berhenti di level tim senior. Pengembangan pemain dan pelatih dari level akar rumput dinilai penting untuk menyiapkan generasi berikutnya. ""Kami sebenarnya tidak jauh dari pencapaian hasil yang lebih baik, namun kami harus bergerak dalam hal pengembangan dan peningkatan, tidak hanya di level senior, tetapi juga di tingkat akar rumput (baik bagi pemain maupun pelatih), demi generasi mendatang."" ""Kami akan mencari berbagai cara untuk melakukan perbaikan, baik pada masa persiapan maupun selama kompetisi berlangsung,"" tegas Singleton. (mcy/krs) Anda menyukai artikel ini Artikel disimpan",sport,https://sport.detik.com/basket/d-8663627/gagal-di-asian-games-2026-timnas-basket-putra-ri-bakal-evaluasi-total
31,"Roster Timnas Basket 3x3 Putri Indonesia di Asian Games 2026 Perbasi merilis roster Timnas Basket 3x3 Putri Indonesia yang akan berlaga di Asian Games 2026. Empat pemain dipilih untuk membawa Merah Putih dalam ajang yang digelar di Jepang tersebut. Keempat pemain itu adalah Jesslyne Jaya Wiyanto, Thasya Hery Saputera, Erlina Christiana, dan Diva Intan Nur Fadillah. Mereka akan berjuang di bawah asuhan Deny Sartika. Deny optimistis dengan komposisi yang dimiliki Timnas Basket 3x3 Putri Indonesia. Ia menilai skuadnya memiliki perpaduan pemain big dan small yang dapat menjadi modal menghadapi persaingan di fase grup. ""Komposisi ini secara size ada dua pemain big dan dua small. Nana dan Thasya dengan pengalamannya bisa mengangkat tim dan nge-lead teman-temannya di pertandingan,"" kata Deny Sartika dalam keterangan tertulisnya, Selasa (15/9/2026). ""Kami dari coaching staff komit, game by game anak-anak bisa kasih improve yang bagus, keluarkan kemampuannya secara maksimal,"" ujarnya. Indonesia tergabung di Pool D bersama Singapura, Thailand, dan Korea Selatan. Berdasarkan jadwal pertandingan yang dirilis panitia Asian Games 2026, Timnas Basket 3x3 Putri Indonesia akan menghadapi Singapura terlebih dahulu pada 21 September. Pada hari yang sama, Indonesia kemudian berhadapan dengan Korea Selatan. Pertandingan terakhir di fase grup akan mempertemukan Indonesia dengan Thailand pada 23 September. Dari tiga lawan tersebut, Deny menilai Korea Selatan menjadi tim yang paling diunggulkan di Pool D. ""Melihat persaingan di Pool D, kita anggap poolnya yang menjadi unggulan secara hitung-hitungan ya Korea Selatan,"" jelas Deny. Meski demikian, Deny memilih meminta para pemain fokus menghadapi pertandingan satu per satu. Ia ingin skuadnya mampu mengeluarkan kemampuan terbaik yang sudah dipersiapkan selama training center. ""Kami akan hadapi game lawan Singapura dan Thailand step by step. Kami mencoba mengeluarkan kemampuan terbaik yang kita kejar dan keluarkan apa yang telah latih selama persiapan training center."" Timnas Basket 3x3 Putri Indonesia dijadwalkan bertolak ke Jepang pada 19 September. Deny berharap para pemain dapat tampil tanpa beban dan mendapat dukungan penuh dari masyarakat Indonesia. ""Semoga pemain tidak terbebani dan bisa mengeluarkan kemampuan terbaiknya lawan Thailand dan Singapura,"" kata Deny. ""Saya berharap dukungan dari masyarakat Indonesia dan insan basket di Tanah Air, semoga basket 3x3 putri bisa memberikan all out 100% di setiap game,"" ucapnya. Anda menyukai artikel ini Artikel disimpan",sport,https://sport.detik.com/basket/d-8663672/roster-timnas-basket-3x3-putri-indonesia-di-asian-games-2026
32,"MotoGP San Marino Selesai, Ini Nama Pemenang Bold Riders Podium Picks Marc Marquez kembali menjadi yang tercepat di MotoGP San Marino 2026. Rider Ducati Lenovo Team itu memenangi balapan di Sirkuit Misano, Minggu (13/9). Kemenangan ini didapat usai insiden yang menimpa Marco Bezzecchi. Bezzecchi yang start dari pole position harus mengakhiri balapannya lebih awal setelah terjatuh di Tikungan 13 pada lap pertama. Insiden tersebut membuka jalan bagi Marc untuk mengambil alih posisi terdepan. Ia pun terus memimpin balapan hingga garis finis tanpa terkejar rider lain. Alex Marquez dari BK8 Gresini Racing MotoGP tampil solid dan finis di posisi kedua. Podium ketiga ditempati Pedro Acosta dari Red Bull KTM Factory Racing. Tebakan Podium Terjawab Keseruan di San Marino tidak hanya terjadi di lintasan. Para penggemar MotoGP sebelumnya juga ikut menguji insting mereka lewat Bold Riders Podium Picks.image.png Dalam kompetisi ini, peserta menebak tiga rider yang akan finis di posisi pertama, kedua, dan ketiga. Setelah race selesai dan seluruh prediksi diperiksa, dua detikers berhasil mengumpulkan poin tertinggi. Mereka adalah: Vita Mayawati Khoirul Anam Keduanya berhak mendapatkan voucher masing-masing senilai Rp 250 ribu. Selamat untuk Vita Mayawati dan Khoirul Anam yang berhasil membaca peluang podium di San Marino. Buat detikers yang belum berhasil, masih ada seri MotoGP berikutnya untuk kembali menguji insting. Siapa tahu, tebakan berikutnya justru membawa pulang hadiah. Buat kamu yang belum gabung, sekarang waktunya follow Bold Riders, official sponsor Gresini Racing MotoGP team sekaligus wadah komunitas motor multi-genre terbesar di Indonesia. Di sini kamu bisa ketemu sesama pecinta motor, riding bareng, sampai ikut berbagai aktivitas seru. Jangan lupa follow Instagram @boldriders supaya nggak ketinggalan update MotoGP, konten otomotif, dan info event motor lainnya. Bold Riders, Spirit of Brotherhood! Anda menyukai artikel ini Artikel disimpan",sport,https://sport.detik.com/moto-gp/d-8663669/motogp-san-marino-selesai-ini-nama-pemenang-bold-riders-podium-picks
33,"Herindra Pimpin PB ESI, Pembinaan Atlet dan Ekosistem Esports Diperkuat Jenderal TNI (Purn.) Muhammad Herindra resmi memimpin Pengurus Besar Esports Indonesia (PB ESI) periode 2026-2030. Pembinaan atlet menjadi salah satu fokus utama kepengurusan baru, selain memperkuat ekosistem esports nasional. Herindra dikukuhkan sebagai Ketua Umum PB ESI periode 2026-2030 di Jakarta, Selasa (15/9/2026). Ia menilai kepemimpinan di PB ESI merupakan amanah strategis untuk meningkatkan prestasi sekaligus membangun ekosistem esports yang lebih profesional dan berkelanjutan. ""Menjadi Ketua Umum PB ESI merupakan amanah strategis bangsa, bukan sekadar tugas memajukan olahraga. Talenta lokal harus menjadi tuan rumah di negeri sendiri dan pemain kunci di pasar global,"" kata Herindra dalam pernyataan yang diterima detikSport. Pembinaan tidak hanya akan diarahkan pada kemampuan teknis atlet. Disiplin, kebugaran, kesehatan mental, perlindungan pemain, hingga kepastian jalur karier juga menjadi bagian yang perlu diperkuat. Herindra optimistis Indonesia memiliki banyak talenta muda yang bisa membawa prestasi esports ke level internasional. ""Saya yakin bahwa ke depan kita akan dapat banyak berprestasi. Karena saya melihat banyak talenta-talenta muda Indonesia yang mempunyai bakat untuk membawa Indonesia lebih berbicara di tingkat internasional,"" tegas Herindra. Ia juga menekankan pentingnya memperkuat ekosistem dalam negeri. Pengembangan developer game lokal, penyelenggara kompetisi, content creator, platform streaming, regulasi, dan standardisasi menjadi bagian dari arah kepengurusan PB ESI. ""Indonesia tidak boleh hanya menjadi pasar atau penonton. Talenta lokal harus menjadi tuan rumah di negeri sendiri dan pemain kunci di pasar global,"" kata Herindra. Herindra juga memandang prestasi esports tidak sebatas perolehan medali, tetapi dapat menjadi bagian dari diplomasi Indonesia di era digital. ""Prestasi internasional bukan hanya soal medali, tetapi juga bentuk diplomasi digital yang memperkuat citra Indonesia,"" ujarnya. KONI Dukung Pembinaan Atlet Ketua Umum KONI Pusat Letnan Jenderal TNI (Purn.) Marciano Norman memberikan dukungan terhadap kepengurusan PB ESI di bawah Herindra. Ia menilai esports Indonesia sudah memiliki fondasi prestasi setelah meraih gelar di tingkat ASEAN, Asia, hingga dunia. ""PB Esports Indonesia ini telah melahirkan atlet-atlet yang berprestasi dan membanggakan kita semua. Mereka telah berhasil meraih juara, baik di tingkat ASEAN, di tingkat Asia, maupun di tingkat dunia,"" kata Marciano. Marciano berharap capaian tersebut menjadi modal untuk meningkatkan prestasi Indonesia pada kompetisi internasional berikutnya, termasuk Asian Games Aichi-Nagoya. ""Saya betul-betul memberikan dukungan penuh kepada Ketua PB Esports Indonesia, Bapak Muhammad Herindra, beserta jajaran pengurus masa bakti 2026-2030, agar prestasi esports kita dari waktu ke waktu semakin baik,"" tegas Marciano Norman. Selain pembinaan atlet, Marciano menyoroti pentingnya memperkuat industri game dalam negeri. Menurutnya, Indonesia perlu menjadi tuan rumah di negeri sendiri dengan memberikan ruang lebih besar bagi game karya anak bangsa. ""Esports ini juga harus menjadi tuan rumah di negara kita sendiri. Salah satunya dengan meningkatkan kualitas dan menyosialisasikan game-game yang merupakan produk dalam negeri,"" ujarnya. Taufik: Pembinaan Harus Dimulai Sejak Dini Wakil Menteri Pemuda dan Olahraga Taufik Hidayat juga mendukung kepengurusan PB ESI 2026-2030. Ia menilai esports sudah berkembang dari sekadar permainan dan hiburan menjadi olahraga prestasi, profesi, serta industri. ""Esports bukan lagi sekadar permainan atau hiburan, tetapi telah menjadi olahraga prestasi, profesi, industri, dan bagian dari masa depan generasi muda,"" ujar Taufik di Jakarta, Selasa (15/9). Taufik menilai pembinaan atlet esports membutuhkan proses panjang. Latihan fisik, daya tahan, dan pembentukan mental perlu menjadi bagian dari sistem pembinaan sejak usia dini. Ia juga mengingatkan bahwa esports membutuhkan latihan dan persiapan seperti cabang olahraga lainnya. ""Yang saya titipkan bahwa jenjang atletnya harus pembinaan dari usia dini agar lebih baik lagi,"" tambah Taufik Hidayat. ""Jangan orang berasumsi bahwa esports ini hanya main game, tapi mereka butuh latihan itu juga,"" ungkap Taufik. Dengan dukungan pemerintah, KONI, PB ESI, industri, dan komunitas, kepengurusan Herindra periode 2026-2030 diarahkan untuk memperkuat jalur pembinaan atlet sekaligus membangun ekosistem esports nasional yang lebih profesional, mandiri, dan berkelanjutan. (dspo/krs) Anda menyukai artikel ini Artikel disimpan",sport,https://sport.detik.com/sport-lain/d-8663534/herindra-pimpin-pb-esi-pembinaan-atlet-dan-ekosistem-esports-diperkuat
34,"Hyrox Akhirnya Minta Maaf soal Insiden Atlet Cepirit di Beijing Insiden Joanna Wietrzyk cepirit di ajang Hyrox Beijing jadi sorotan. Pendiri Hyrox, Moritz Furste, akhirnya minta maaf. Insiden terjadi di ajang Hyrox Beijing akhir pekan lalu. Wietrzyk, pemegang rekor dunia, cepirit akibat diare di tengah perlombaan sejak stasiun Burpee Broad Jump. Kakinya penuh kotorannya sendiri hingga stasiun-stasiun berikutnya seperti walking lunges dan farmer's carry. Wietrzyk tetap melanjutkan perlombaanya, dan panitia penyelenggara juga tak menyetopnya. Insiden itu viral, mempertanyakan standar Hyrox. Khususnya soal kebersihan dan kesehatan atlet, sebab Hyrox menerapkan aturan penggunaan alat dan lintasan bersama. Pendiri Hyrox, Moritz Furste, akhirnya angkat suara. Mantan atlet hoki asal Jerman itu meminta maaf karena tak segera bertindak saat insiden cepirit terjadi. ""Saya perlu berbicara langsung kepada kalian semua mengenai peristiwa-peristiwa terbaru di Tiongkok. Saya meminta maaf kepada semua pihak yang terdampak secara langsung maupun tidak langsung, serta kepada semua orang yang merasa kami tidak menangani situasi ini sebagaimana mestinya,"" tulis Furste di Instagram-nya. ""Hyrox melakukan kesalahan dengan tidak bereaksi segera selama balapan berlangsung. Pada akhirnya, tugas saya adalah mengantisipasi insiden-insiden potensial semacam ini-dan saya tidak melakukannya."" ""Mulai saat ini, telah diberlakukan aturan dan prosedur baru untuk mencegah terulangnya situasi seperti ini. Kami belajar dan berusaha menjadi lebih baik setiap hari,"" katanya. Sebelumnya Hyrox China selaku penyelenggara mengaku sudah membersihkan area yang terkena kotoran Wietrzyk. ""Setelah insiden itu, panitia penyelenggara segera menutup dan mengisolasi daerah yang terkena dampak dan melacak, dan menyelesaikan desinfeksi komprehensif,"" kata penyelenggara Hyrox China. Anda menyukai artikel ini Artikel disimpan",sport,https://sport.detik.com/sport-lain/d-8663381/hyrox-akhirnya-minta-maaf-soal-insiden-atlet-cepirit-di-beijing
35,"Tak Takut Tekanan Jepang, FORKI Targetkan 1 Emas di Asian Games 2026 Jepang sebagai tuan rumah sudah pasti diunggulkan di cabang olahraga karate Asian Games 2026. Tapi, PB FORKI yakin Indonesia bisa membawa pulang satu emas. Karate jadi salah satu cabor yang diandalkan Indonesia untuk meraih medali emas Asia Games Aichi-Nagoya. Setelah mengirim berbagai atletnya ke ajang internasional, FORKI kemudian menetapkan enam atlet Asian Games 2026. Di nomor kata ada Marzella Sekar Damayanti dabn Christopher Edbert Setiabudi. Sementara di nomor kumite, ada Muhammad Tegar Januar, Leica Al Humaira Lubis, Cok Istri Sanistya Rani, dan Daniel Hutapea. Dengan dibantu tiga pelatih termasuk Syamsuddin Barkhani sebagai pelatih kepala, tim karate Indonesia setidaknya ditargetkan membawa pulan minimal satu emas dari nomor kumite wanita. ""Menurut saya persiapan sudah bagus. Kami sudah mempersiapkan timnas Asian Games Nagoya sudah 7 bulan lalu, persiapan fisik maupun mental. Saya yakin mereka sudah siap. Apalagi mereka juga kita libatkan beberapa event internasioinal untuk tambah wawasan dan mental,"" ujar Ketua PB Forki, Hadi Tjahjanto, kepada detikSport dalam acara pelepasan atlet Asian Games 2026 di Cilandak, Jakarta Selatan, Senin (14/9/2026). ""Ada enam atlet, kita harapkan dapat emas dari kelas kumite wanita. Kalau kata pria harapkan kita bisa ambil juga. Lawan kita paling kuat Jepang. Jika melihat latihan mereka, saya optimistis kami bisa meraih emas untuk kumite. Harapan kami juga dari nomor kata, setiap event kata jadi andalan kami,""sambungnya. ""Saya yakin kumite dapatkan satu emas, kalau kata dapat emas, itu hal luar biasa. Tapi estimasi saya, perak atau perunggu pasti dapat."" Indonesia sendiri di Asian Games 2022 memang kurang bagus prestasinya karena cuma mendapat satu medali perunggu. Tugas makin berat di 2026 karena adanya pengetatan biaya pelatnas dari Kementerian Pemuda dan Olahraga (Kemenpora) imbas efisiensi yang dilakukan Pemerintah Indonesia. ""Untuk event Asian Games Nagoya, kita dapat bantuan dari Kemenpora juga sesuai porsinya. Tapi saya rasa tidak masalah semuanya. Tapi memang pembinaan sebelumnya kita harus koordinasi dengan kemenpora."" ""Kita selalu koordinasi dan kita selalu mendapatkan solusi yang solutif untuk situasi yang seperti ini. Tapi, untuk atlet kita semua juga, akhirnya bisa kita bisa melaksanakan kegiatan sesuai program yang kami buat,"" papar purnawirawan TNI-AU tersebut. Tim Karate Indonesia akan terbang ke Jepang pada 17 September dan melakukan persiapan akhir sebelum pertandingan 20-23 September. Mengingat karate bukan cabang terukur, bagaimana FORKI mengantisipasi adanya kemungkinan keputusan juri nantinya menguntungkan tuan rumah? ""Oh ya, maka itu kita kirim pelatih yang sudah pengalaman, satu untuk kata, dua untuk kumite. Tidak khawatir dengan tekanan rumah. Kami yakin emas untuk kumite, kata paling gak kita perunggu dapat,"" demikian Hadi yang sempat menjabat Panglima TNI serta Menteri Agraria dan Tata Ruang itu. Anda menyukai artikel ini Artikel disimpan",sport,https://sport.detik.com/sport-lain/d-8662678/tak-takut-tekanan-jepang-forki-targetkan-1-emas-di-asian-games-2026
36,"Crash di San Marino, Bezzecchi: Balapan Masih Banyak Marco Bezzecchi gagal mendulang poin di MotoGP San Marino 2026 usai mengalami crash. Rider Aprilia itu pantang lempar handuk di sisa kejuaraan dunia. Nasib apes dialami Bezzecchi pada race MotoGP San Marino, Minggu (13/9/2026). Memulai balapan sebagai pole-sitter, dirinya justru terjatuh ketika baru memasuki lap pertama. Crash itu memaksa Bezzecchi mengakhiri balapan lebih cepat dan gagal mendulang poin. Marc Marquez yang akhirnya keluar sebagai pemenang MotoGP San Marino 2026. Kegagalan mendulang poin di San Marino menambah hasil buruk Marco Bezzecchi dalam 7 race terakhir. Dia sudah 5 kali gagal meraih poin pada balapan utama, 3 di antaranya karena crash. Bezzecchi pun lengser dari pemuncak klasemen dan kini terdampar di posisi ketiga. Rider asal Italia itu mengoleksi 241 poin, tertinggal 33 angka dari Marc Marquez (274 poin) di puncak. MotoGP kini menyisakan 8 balapan lagi sebelum tutup musim. Bezzecchi menilai jumlah tersebut masih banyak baginya untuk bangkit dan merebut kembali puncak klasemen. Just like that, it all changes in the #MotoGP standings 🤯#SanMarinoGP 🇸🇲 pic.twitter.com/9J4elWJLPZ — MotoGP™🏁 (@MotoGP) September 13, 2026 ""Setelah tujuh balapan, Anda tidak bisa menganggap enteng apa pun, begitu pula setelah empat belas balapan. Lagipula, masih banyak balapan yang harus dilalui,"" kata Bezzecchi, dilansir dari Mundo Deportivo. ""Saya tidak pernah berpikir, setelah tujuh balapan pertama, bahwa saya sudah mengamankan gelar juara. Saya yakin Marc juga tidak berpikir demikian sekarang,"" ujarnya. Anda menyukai artikel ini Artikel disimpan",sport,https://sport.detik.com/moto-gp/d-8662441/crash-di-san-marino-bezzecchi-balapan-masih-banyak
37,"Karena Jorge Martin Kehilangan Kendali Jorge Martin gagal naik podium di MotoGP San Marino 2026, posisinya di puncak klasemen tergeser Marc Marquez. Ini penyebabnya. Jorge Martin finis kelima di balapan utama MotoGP San Marino 2026, Minggu (13/9). Sempat memimpin, Martin terus melorot. Atas hasil itu, Jorge Martin tergeser posisinya di puncak Klasemen MotoGP 2026 sementara oleh Marc Marquez. Meski sama-sama punya 274 poin, jumlah kemenangan lebih banyak Marquez (lima berbanding satu). Jorge Martin mengaku ada masalah arm pump. Itu terjadi ketika pengereman keras dari kecepatan tinggi, tekanan yang sangat besar dapat membuat otot di lengan membengkak dan terjepit di dalam jaringan otot. Kondisi tersebut dapat menghambat aliran darah dan menyebabkan tangan terasa kaku hingga kehilangan tenaga saat mengendalikan motor. ""Saya mengalami masalah serius dengan arm pump,"" ungkap Martin dilansir dari Crash. ""Sayang sekali. Menurut saya, kami kehilangan peluang besar hari ini. Saya mengawali balapan dengan sangat baik,"" tambahnya. Jorge Martin mengaku bisa ladeni Marc Marquez. Tapi karena rasa sakit tidak tertahankan, alhasil rider Aprilia itu kehilangan kendali. ""Kemudian saya mulai mengalami masalah saat mengerem dan membuka gas, dan kondisinya semakin memburuk di setiap putaran,"" jelasnya. ""Pada akhirnya, saya tidak bisa berbuat apa-apa; saya benar-benar kehilangan kendali atas motor,"" sambungnya. ""Sekarang saya tidak punya banyak waktu untuk melakukan tindakan apa pun. Saya harus memulihkan diri dengan baik dan berusaha tetap fokus untuk balapan di Austria, namun kami jelas perlu memahami langkah selanjutnya setelah Austria, apakah saya perlu menjalani operasi atau tidak, mengingat jadwal balapan yang sangat padat saat ini,"" tutupnya. (aff/bay) Anda menyukai artikel ini Artikel disimpan",sport,https://sport.detik.com/moto-gp/d-8662260/karena-jorge-martin-kehilangan-kendali
38,"Bos Ducati: Marc Marquez Bukan Favorit Juara! Marc Marquez akhirnya puncaki Klasemen MotoGP 2026 sementara. Bos Ducati, Davide Tardozzi tolak label favorit juara buat Marquez! Marc Marquez menangi MotoGP San Marino 2026, Minggu (13/9). Marquez yang sempat kesulitan di awal musim karena cedera bahu, terus-terusan pangkas jarak. Sampai akhirnya, Marquez bisa pangkas ketertinggalan 102 poin. Marquez pun jadi pemuncak Klasemen MotoGP 2026 sementara dengan 274 poin, geser Jorge Martin dengan poin yang sama tapi punya jumlah kemenangan lebih banyak (lima berbanding satu). Team Manager alias bos Ducati, Davide Tardozzi tolak label favorit juara buat Marc Marquez. Sebab, kompetisi masih panjang! ""Menurut saya, tidak ada favorit juara saat ini,"" tegasnya dilansir dari Crash. ""Kami tahu masih ada delapan balapan tersisa, dengan banyak poin yang masih bisa diperebutkan. Kami pun sangat mengenal lawan-lawan kami, baik para pembalap maupun motor mereka,"" papar Tardozzi. Davide Tardozzi yakin, para rival masih bisa bangkit. Khususnya duo Aprilia yakni Jorge Martin dan Marco Bezzecchi yang pasti akan bersaing sampai akhir. ""Jadi, kami harus tetap fokus dari satu balapan ke balapan berikutnya dan berusaha mengumpulkan poin sebanyak mungkin di setiap sirkuit, karena kami tahu ada sirkuit di mana Aprilia akan lebih cepat daripada kami,"" tutupnya. (aff/nds) Anda menyukai artikel ini Artikel disimpan",sport,https://sport.detik.com/moto-gp/d-8661830/bos-ducati-marc-marquez-bukan-favorit-juara
39,"Pimpin Klasemen, Marc Marquez: Kejuaraan Belum Berakhir! Marc Marquez memimpin klasemen untuk kali pertama di MotoGP 2026 setelah jadi jawara di Misano. Marquez mengaku sangat bahagia, sekaligus menolak terlena. Marquez diuntungkan dengan crash yang dialami pole sitter Marco Bezzecchi di putaran pertama balapan MotoGP San Marino, Minggu (13/9). Pebalap Ducati itu mengambil alih pimpinan lomba, kemudian mengatasi perlawanan Jorge Martin. Pada prosesnya, Marquez menjaga posisi terdepan sampai akhir lomba untuk menyapu bersih seri San Marino. Tambahan 37 poin ini melambungkan Marc Marquez ke puncak klasemen MotoGP dengan 274 poin. Marquez memiliki jumlah angka yang sama dengan Martin (2) tapi unggul jumlah kemenangan. Marc Marquez akhirnya kembali ke performa terbaik setelah tersendat di awal musim ini. Dipengaruhi cedera bahu yang dideritanya di Mandalika tahun lalu, Marquez kesulitan sehingga sempat tertinggal 102 poin dari pemimpin klasemen. Akan tetapi, setelah seri Italia Marquez bangkit. Juara dunia sembilan kali itu memenangi lima dari tujuh balapan grand prix terakhir, termasuk menyapu bersih empat seri di antaranya. Kendati demikian, Marc Marquez menegaskan kejuaraan belum selesai. ""Rasanya tidak nyata. Ini terasa tidak nyata,"" cetus Marquez di parc ferme, yang diwartakan Crash. ""Tapi aku tidak pernah menyerah. Aku akan berjuang sampai akhir. Ini belum selesai, ini belum berakhir."" ""Jadi, kami sekarang ada di puncak klasemen, bersaing melawan pebalap-pebalap yang sangat bagus terutama Martin dan Bez. Namun, seperti yang kita saksikan, semuanya di ambang batas, dan sebuah kesalahan kecil bisa mengakibatkan kehilangan banyak poin."" ""Dan hari ini, memang benar di balapan tadi, setelah kesalahan Bezzecchi, aku sedikit terlalu percaya diri dan kemudian Martin menyerangku. Namun, kemudian aku mendapatkan kembali kepercayaan diri, aku menjaga kecepatan dan merasa gembira karena 37 poin di sini di Misano berarti sangat penting,"" lugas Marc Marquez. Anda menyukai artikel ini Artikel disimpan",sport,https://sport.detik.com/moto-gp/d-8661491/pimpin-klasemen-marc-marquez-kejuaraan-belum-berakhir
40,"Zverev Juara US Open 2026 Usai Kalahkan Ben Shelton Alexander Zverev keluar sebagai juara US Open 2026. Petenis Jerman itu mengalahkan Ben Shelton untuk memenangi titel Grand Slam kedua di dalam kariernya. Zverev, unggulan teratas, menumpas perlawanan Shelton dalam final sepanjang empat set di Stadion Arthur Ashe, Senin (14/9) dinihari WIB. Petenis Jerman ini kehilangan set ketiga sebelum menang dengan kedudukan akhir 6-3, 7-6(2), 5-7, 6-2. Kemenangan ini melengkapi musim 2026 yang indah bagi Zverev. Sebelumnya, Zverev 'pecah telur' dengan merengkuh gelar juara French Open pada Juni silam. Sedangkan bagi Ben Shelton, kekalahan ini praktis menambah panjang puasa gelar Grand Slam petenis putra Amerika Serikat. Adalah Andy Roddick, yang terakhir kali memenanginya saat juara US Open 2003. Alexander Zverev memenangi 85 persen poin di servis pertamanya dan mengemas 35 pukulan winner. Petenis berusia 29 tahun itu turut diuntungkan dengan unforced error Ben Shelton yang lebih banyak (47), sekalipun lebih banyak melakukan pukulan winner (47). ""Ben - kamu adalah pemain dan orang yang luar biasa. Ini memang final Grand Slam pertama bagimu, tapi kamu akan kembali berkali-kali lagi dan jika aku harus mempertaruhkan seluruh uangku, aku berani bertaruh kamu akan mengangkat trofi ini suatu hari nanti,"" ungkap Zverev dalam pidatonya di atas lapangan. ""Aku tahu bahwa 99,9% penonton di sini ingin Ben yang jadi juaranya, jadi aku sungguh minta maaf! Yang kedua, rasanya luar biasa bermain di atmosfer seperti ini. Kalian semua membawa energi, keriuhan, dan kami berterima kasih untuk itu. Kurasa aku sudah cukup bicaranya jadi terima kasih dan sampai jumpa tahun depan,"" kata dia dikutip BBC Sport. Anda menyukai artikel ini Artikel disimpan",sport,https://sport.detik.com/raket/d-8661489/zverev-juara-us-open-2026-usai-kalahkan-ben-shelton
41,"Bezzecchi Jatuh Bukan karena Rasakan Tekanan Marco Bezzecchi gagal total di balapan grand prix MotoGP San Marino 2026. Bezzecchi menegaskan, hasil mengecewakan ini tak ada hubungannya dengan tekanan. Rider Aprilia itu memulai balapan di Sirkuit Misano, Minggu (13/9) di grid terdepan. Bezzecchi berupaya menyenangkan publik sendiri sekaligus mengakhiri puasa kemenangan sejak terakhir kali juara di Mugello. Namun, balapan Bezzecchi justru berakhir dengan bencana. Bezzecchi jatuh di tengah-tengah putaran kedua saat memimpin balapan di depan Marc Marquez. Dalam potongan video insiden terkait, Bezzecchi dan motornya terseret jauh ke luar lintasan sampai area gravel. Pebalap Italia itupun praktis retired, nol poin empat kali dalam tujuh balapan grand prix terakhir. Marco Bezzecchi mengungkapkan bahwa kecelakaan yang dialaminya itu murni akibat kesalahan yang dia lakukan. Pebalap Italia itu menangkis anggapan bahwa dirinya merasakan tekanan besar untuk menang di balapan kandang sekaligus melanjutkan momentumnya. ""Sayang sekali, semuanya tadinya berjalan dengan baik, tapi aku membuat kesalahan di Tikungan 13 dan aku kehilangan kendali bagian depan motor,"" sahut Bezzecchi dilansir Crash. Saat ditanya apakah dia merasakan tekanan untuk memenangi balapan di kandang sendiri, Bezzecchi menjawab: ""Enggak sih. Ketika Anda start terdepan Anda ingin menang. Tidak masalah apakah balapannya di Misano atau bukan."" ""Pastinya ketika tangki bahan bakar motor Anda penuh, Anda harus mengatur titik pengereman sedikit lebih baik. Aku mengalami sedikit guncangan di bagian kencang, jadi ketika aku mengerem aku tidak menutup jalur balap dengan sempurna dan sayang sekali aku kehilangan kendali bagian depan motor,"" dia menjelaskan. Anda menyukai artikel ini Artikel disimpan",sport,https://sport.detik.com/moto-gp/d-8661442/bezzecchi-jatuh-bukan-karena-rasakan-tekanan
42,"36 Pebulutangkis Muda Raih Super Tiket dan Melaju ke Fase Karantina 36 pebulutangkis muda berhasil meraih Super Tiket dalam Audisi Umum PB Djarum Kudus 2026. Mereka berhak melanjutkan perjuangan ke tahap karantina setelah melewati rangkaian seleksi selama lima hari, 9-13 September 2026, di GOR Djarum Jati, Kudus. Para pemegang Super Tiket selanjutnya akan menjalani Tahap Karantina selama empat pekan di asrama PB Djarum. Dalam periode tersebut, mereka akan menghadapi dua fase eliminasi untuk mengukur kemampuan, perkembangan, serta mentalitas bertanding sebelum menentukan atlet yang berhak melangkah ke tahap berikutnya. Peserta yang berhasil lolos dari Tahap Karantina nantinya akan mendapatkan Djarum Beasiswa Bulutangkis dari Bakti Olahraga Djarum Foundation sekaligus bergabung sebagai atlet binaan PB Djarum. Dari 36 peraih Super Tiket, sebanyak 18 atlet putra dan putri lolos melalui jalur turnamen yang mempertandingkan tiga kelompok usia, yakni U-11, KU 11, dan KU 12. Sementara itu, 18 atlet lainnya mendapatkan Super Tiket berdasarkan hasil pemantauan langsung Tim Pencari Bakat PB Djarum. Program Director Bakti Olahraga Djarum Foundation sekaligus Ketua PB Djarum, Yoppy Rosimin, mengapresiasi tingginya antusiasme peserta dan orang tua dalam mengikuti Audisi Umum PB Djarum 2026. ""Kami mengapresiasi kepada orang tua, pelatih, dan anak-anak atlet usia dini yang selalu menanti penyelenggaraan Audisi Umum. Itu artinya, kaderisasi mata rantai bulutangkis Indonesia tetap terpelihara dengan baik,"" ujar Yoppy dalam rilis yang diterima detikSport. ""Selamat untuk yang lolos ke Tahap Karantina, tapi ini baru permulaan karena tantangan selanjutnya akan semakin berat. Bahkan, jika nanti masuk PB Djarum pun level persaingannya akan lebih tinggi lagi. Jadi para peserta harus bersiap,"" lanjutnya. Ketua Tim Pencari Bakat Audisi Umum PB Djarum, Sigit Budiarto, mengapresiasi kegigihan para pebulutangkis muda yang berjuang melewati setiap tahapan seleksi. Juara All England 2003 tersebut juga menegaskan bahwa perjuangan belum usai. ""Selamat kepada para peserta Audisi Umum PB Djarum yang berhasil mendapatkan Super Tiket. Perjuangan belum berakhir karena masih ada fase karantina. Jadi, semua peserta harus mempersiapkan diri lebih matang lagi mulai dari fisik hingga mental,"" kata Sigit. Berikut Daftar Penerima Super Tiket Audisi Umum PB Djarum Kudus 2026: Super Tiket Jalur Turnamen: U-11 Putri 1. Selena Arraya Prasetyo - Sukoharjo (PB PMS Solo) 2. Ailsie Elaina Sembiring - Kota Bogor (PB Champion Kudus) KU 11 Putri 1. Anindita Khaira Wilda - Kota Bekasi (non klub) 2. Farisa F. Zafiranihall Sya'bani Setiawan - Kota Mojokerto (PB Griya Bugar Yogyakarta) KU 12 Putri 1. Fiona Ayundya Putri Berlian - Kota Semarang (PB Arista Semarang) 2. Syarifah Adshila Nugroho - Sleman (PB Champion Reborn Jogja) U-11 Putra 1. Zayn Abdullah Rajendra - Penajam Paser Utara (PB Champion Kudus) 2. Muhammad Deffran Alfarraz - Cirebon (PB Pandawa)n 3. Kentaro Javas Kaivan Tsaqib - Kebumen (PB Champion Kebumen) 4. Ghaozan Gaffi Algibran - Bekasi (PB Champion Kudus) KU 11 Putra 1. Ashoka Putra Arvita - Kota Semarang (Altrec Semarang) 2. Azka Adhitama - Bekasi (PB Bhinneka 2) 3. Jethro Alexander Kemas - Kota Palembang (Five Stars Badminton Club) 4. Muhammad Marus Sulaiman - Pekalongan (PB Champion Kudus) KU 12 Putra 1. Aldi Aprian Nugraha Aldi Aprian Nugraha - Kota Semarang (PB. Mustika Ungaran) 2. Fawwaz Sani Adhipramana - Ponorogo (PB PMS Solo) 3. Baron Baswara Putra - Kota Yogyakarta (PB Champion Reborn Jogja) 4. M. Ramdani Mubarok - Bandung (PB Victory Bandung) Super Tiket Pilihan Tim Pencari Bakat: U-11 Putri 1. Adibha Fitria - Kota Samarinda (PB Champion Kudus) 2. Sanabila Niyaz Faza - Kota Tangerang (PB Champion Bogor) 3. Vicky Lee Alison - Tegal (PB Sinar Mutiara) 4. Chloe Levona Willie - Kota Bandung (Ade Badminton Club Bandung) KU 11 Putri 1. RR. Arnetta Safara Bilqish Sholeh - Kota Yogyakarta (Eko Febrianto) KU 12 Putri 1. Lilianne Andrea Octaviany - Kabupaten Sintang (PB Champion Klaten) 2. Stefanie Tricia Laiman - Kabupaten Klaten (PB Champion Klaten) 3. Karenina Putri Inka Azzahra - Kabupaten Kendal ((Altrec Semarang) 4. Karina Frederika Putri Loen - Kota Depok (PB Champion Dakota) U-11 Putra 1. Moreno Putra Zhulkifli - Kota Balikpapan (PB Cahaya Indonesia) 2. Wijaya Putra Sugiharto - Kabupaten Sidoarjo (PB Champion Klaten) 3. Arjuna Azka Aldrich - Kabupaten Sragen (PB Sukowati) KU 11 Putra 1. Azka Azfar Rabbani - Kabupaten Purworejo (PB Garuda Jaya) 2. Muh. Rifky Harimurti Ramadhan - Kabupaten Kolaka (PB Champion Kudus) KU 12 Putra 1. Feliks Zebua - Kabupaten Bogor (KAYP1 Champion Bogor) 2. Ghian Ahza Danish Adinata - Kota Surakarta (PB PMS Solo) 3. Muhadad Al Azzam - Kota Bandung (Jingga Badminton Academy) 4. Raziq Sahala - Kabupaten Banjarnegara (PB Delta Klampok) Anda menyukai artikel ini Artikel disimpan",sport,https://sport.detik.com/raket/d-8661256/36-pebulutangkis-muda-raih-super-tiket-dan-melaju-ke-fase-karantina
43,"Men's World Tennis Championship: Karan Singh Juara Lagi Karan Singh belum terbendung di Men's World Tennis Championship 2026. Petenis asal India itu kembali berjaya di Seri V. Pada final ITF World Tennis Tour M-15 di Lapangan A, Bali Beach Country Club, Nusa Dua, Minggu (13/9/2026), Karen menghadapi petenis Amerika Serikat Alexander Chang, 7-6 dan 7-5, dalam tempo 1 jam 28 menit. Ini merupakan duel besar karena Karan adalah juara bertahan dari Seri V, sementara Alexander Chang juara UTR PTT. Mempertemukan dua karakter permainan yang berbeda. Karan dengan ketenangan dan akurasi penempatan bolanya, di set pertama mampu meredam kelincahan dan kecepatan dari Chang untuk unggul 7-6 tie break 5. Memasuki set kedua intensitas pertandingan tetap berlangsung dengan tempo tinggi, di mana Chang berusaha meningkatkan tekanannya lewat sergapan voli depan net maupun senjata servis kerasnya. Namun Karan mampu merespon dengan baik perubahan strategi Chang dan berhasil mematahkan servis lawannya pada game ke 11 untuk memimpin 6-5. Tanpa menyia-nyiakan kesempatan emas tersebut, dengan servisnya, Karan menutup set kedua dengan skor akhir 7-5 untuk tampil sebagai juara seri kelima. Dua gelar beruntun ini bikin Karan senang bukan main. Tapi, dia tidak mau cepat puas karena merasa bisa tampil lebih baik. ""Senang dan bahagia atas pencapaian hasil pada seri 4 dan 5 di Bali. Saya memang jadi juara, tapi laga hari ini tidak mudah karena Alexander Chang juga bermain bagus,"" ujar Karan dalam rilis kepada detikSport. Dengan raihan gelar juara tunggal putra Seri V, Karan berhak atas hadiah uang 2.160 USD serta tambahan 15 poin ATP. Alexander berhak atas 1.272 USD serta trofi, yang di serahkan oleh Heru Gunawan selaku Area Business Team Leader BNI Kanwil Denpasar dan didampingi Bayu Anggoro Widyanto CFO Paiton Energi. Setelah ini, Amman Mineral Men's World Tennis Championship 2026 akan rehat kruang lebih dua bulan sebelum bergulir lagi bulan Desember. Ada dua seri, yakni M-15 pada 21-26 Desember, yang dilanjutkan M-25 pada 28 Desember-3 Januari 2027. Anda menyukai artikel ini Artikel disimpan",sport,https://sport.detik.com/raket/d-8661341/mens-world-tennis-championship-karan-singh-juara-lagi
44,"Hasil F1 GP Spanyol 2026: Kimi Antonelli Menang Lagi Kimi Antonelli kembali merebut podium pertama setelah di seri Italia lalu. Di Formula 1 GP Spanyol 2026, ia finis di depan Max Verstappen dan Lando Norris. Formula 1 GP Spanyol 2026 berlangsung di Madring, Minggu (13/9/2026) malam WIB. Lando Norris start dari pole position, diikuti Max Verstappen dan Kimi Antonelli di grid 2-3. Awalnya, Norris sempat mengontrol di awal balapan. Namun sebuah virtual safety car merusak hari mereka dengan momentum pit stop terlewat. Charles Leclerc kemudian memimpin untuk waktu yang cukup lama. Hanya saja perjudian menggunakan ban keras dan menunda masuk pit ternyata jadi bumerang, karena tak ada insiden lagi yang menghadirkan safety car. Antonelli jadi yang ketiban berkah hingga akhirnya juara. Norris di lain sisi masih mampu bangkit dan sempat bertarung dengan Verstappen, kendati harus puas dengan podium ketiga. Leclerc finis keempat, di epan George Russell dan Liam Lawson. Franco Colapinto, Oscar Piastri, Arvin Lindblad, dan Nico Hulkenberg melengkapi 10 besar, sementara Lewis Hamilton gagal finis. Hasil GP Spanyol 2026 Anda menyukai artikel ini Artikel disimpan",sport,https://sport.detik.com/f1/d-8661387/hasil-f1-gp-spanyol-2026-kimi-antonelli-menang-lagi
45,"Foto Sport Jelang Asian Games, Timnas Skateboard Indonesia Matangkan Persiapan Bali - Timnas Skateboard Indonesia menjalani latihan tahap akhir di Bali sebelum bertolak ke Jepang untuk tampil di Asian Games Aichi-Nagoya 2026. Anda menyukai artikel ini Artikel disimpan",sport,https://sport.detik.com/fotosport/d-8660163/jelang-asian-games-timnas-skateboard-indonesia-matangkan-persiapan
46,"Marco Bezzecchi Crash Lagi, Berkah buat Marc Marquez Marco Bezzecchi mengalami crash di MotoGP San Marino 2026. Nasib buruk rider Aprilia itu jadi berkah buat sang rival Marc Marquez. MotoGP San Marino digelar di Misano World Circuit Marco Simoncelli, Minggu (13/9/2026) malam WIB. Bezzecchi memulai race sebagai pole-sitter. Petaka menimpa Bezzecchi pada tikungan ke-13 lap pertama. Dia mengalami lowside hingga crash dan terlempar ke gravel. Marc Marquez langsung mengambil alih pimpinan balapan selepas Bezzecchi crash. Sempat direbut Jorge Martin, MM93 mampu mengakhiri race di posisi pertama. Crash di San Marino menambah hasil buruk Marco Bezzecchi dalam 7 race terakhir. Dia sudah 5 kali gagal meraih poin dalam balapan utama, 3 di antaranya karena terjatuh dari motor. Bezzecchi sebelumnya crash di MotoGP Hungaria dan MotoGP Belanda. Pada race di Ceko MB72 kena sanksi larangan tampil akibat mendorong dan menyerang marshal, sementara di Jerman dirinya tak ikut balapan lantaran patah tulang usai crash dalam sesi kualifikasi. Hasil-hasil buruk itu membuat Bezzecchi lengser dari pemuncak klasemen dan kini terdampar di posisi ketiga. Rider berusia 27 tahun itu mengoleksi 241 poin, tertinggal 33 angka dari Marc Marquez (274 poin) di puncak. Marc Marquez yang berhasil memanfaatkan peluang atas hasil-hasil buruk Bezzecchi. The Baby Alien memenangkan 5 dari 7 race utama dan kini menduduki puncak klasemen MotoGP 2026 untuk pertama kalinya. EARLY EARLY DRAMA! — MotoGP™🏁 (@MotoGP) September 13, 2026 BEZZECCHI HAS CRASHED OUT OF THE LEAD 😱#SanMarinoGP 🇸🇲 pic.twitter.com/WLIHTCc3oi ""Seperti yang dilihat hari ini, kami balapan di atas kemampuan dan kesalahan kecil bisa merugikan banyak poin. Itu memang benar terlihat dalam balapan,"" kata Marquez usai memenangkan MotoGP San Marino 2026. ""Setelah kesalahan Bezzecchi, saya sedikit terlalu percaya diri, dan kemudian [Jorge] Martin menyerang saya. Kemudian saya mendapatkan kembali kepercayaan diri, saya mempertahankan kecepatan, dan ya, senang, karena 37 poin di Misano ini sangat berarti,"" ujarnya. Marco Bezzecchi Vs Marc Marquez 7 Main Race Terakhir Anda menyukai artikel ini Artikel disimpan",sport,https://sport.detik.com/moto-gp/d-8661314/marco-bezzecchi-crash-lagi-berkah-buat-marc-marquez
47,"Marc Marquez Akhirnya Puncaki Klasemen MotoGP 2026 Marc Marquez untuk pertama kalinya memuncaki klasemen MotoGP 2026. Hasil itu didapat setelah The Baby Alien memenangkan race di San Marino. MotoGP San Marino 2026 digelar di Misano World Circuit Marco Simoncelli, Minggu (113/9) malam WIB. Marquez start dari P2 di belakang Marco Bezzecchi selaku pole-sitter. Petaka menimpa Bezzecchi di lap pertama. Rider Aprilia ini mengalami crash hingga terlempar ke gravel. Marc Marquez mengambil alih posisi terdepan usai crash Bezzecchi. Jorge Martin menyalipnya memasuki lap ketujuh. Marquez merebut lagi pimpinan balapan dari Martin di lap ke-12. Rider Ducati ini berhasil mempertahankan posisi terdepan hingga garis finis, disusul Alex Marquez dan Pedro Acosta yang mengisi podium. Kemenangan ini melengkapi hasil sempurna Marc Marquez di San Marino. Juara bertahan MotoGP ini juga meraih podium pertama dalam sprint race hari Sabtu (11/9). Tambahan total 37 poin di San Marino mendongkrak posisi Marc Marquez di klasemen. The Baby Alien menduduki puncak untuk pertama kalinya sejak musim MotoGP 2026 bergulir. 🏆 @marcmarquez93 WINS AT MISANO AND TAKES THE CHAMPIONSHIP LEAD FOR THE FIRST TIME IN 2026! 🏆 #SanMarinoGP🇸🇲 pic.twitter.com/dvMirUsZvi — MotoGP™🏁 (@MotoGP) September 13, 2026 Marc Marquez sudah mengoleksi 274 poin, sama seperti yang dimiliki Jorge Martin (274 poin). Pencapaian ini bisa dibilang luar biasa, mengingat MM(3 sempat crash di MotoGP Prancis dan absen dalam balapan Catalunya. ""Rasanya tidak nyata, tapi Anda tahu, jangan pernah menyerah, saya akan terus berjuang sampai akhir. Ini belum selesai, tapi ini belum berakhir,"" kata Marc Marquez usai race MotoGP San Marino 2026. ""Jadi kami masih berada di kejuaraan, berjuang melawan rider-rider yang sangat bagus, terutama Martin dan Bezzecchi. Namun seperti yang kita lihat hari ini, kami balapan di batas kemampuan, dan kesalahan kecil bisa merugikan banyak poin,"" ujarnya. Anda menyukai artikel ini Artikel disimpan",sport,https://sport.detik.com/moto-gp/d-8661278/marc-marquez-akhirnya-puncaki-klasemen-motogp-2026
48,"Klasemen Sementara MotoGP 2026: Marquez Kudeta Martin dari Puncak Berikut klasemen sementara MotoGP 2026 setelah Marc Marquez memenangkan balapan utama San Marino. Rider Ducati itu sukses menggeser Jorge Martin dari posisi puncak. Dalam balapan 27 lap di Sirkuit Misano, Minggu (13/9), Marquez sukses mencatatkan kemenangan kelimanya di musim ini dengan mengungguli Alex Marquez dan Pedro Acosta yang melengkapi podium. Tambahan 25 poin membawa Marquez di posisi teratas dengan 274 poin. Martin yang finis kelima di Misano juga punya poin sama, namun Marquez unggul jumlah kemenangan (5 berbanding 1) dari pebalap Aprilia itu. Posisi ketiga ditempati Marco Bezzecchi dengan 241 poin. Ia gagal menambah poin akibat crash di awal balapan San Marino. Fabio Di Giannantonio menempati urutan empat dengan 223 poin usai finis ketujuh. Pedro Acosta naik ke urutan lima dengan 209 usai finis ketiga. Ia menggeser Ai Ogura (203 poin) yang absen kali ini karena pemulihan cedera. Posisi tujuh diisi Raul Fernandez dengan 199 poin. Posisi delapan diisi Alex Marquez (153 poin) yang menambah 20 poin usai finis kedua. Ia menggeser Francesco Bagnaia (143 poin) yang mengalami crash di tengah balapan. Fermin Aldeguer melengkapi 10 besar dengan 105 poin usai finis keempat. Klasemen sementara MotoGP 2026: 1. Marc Marquez (Ducati) - 274 poin 2. Jorge Martin (Aprilia) - 274 3. Marco Bezzecchi (Aprilia) - 241 4. Fabio Di Giannantonio (VR46) - 223 5. Pedro Acosta (KTM) - 209 6. Ai Ogura (Trackhouse) - 203 7. Raul Fernandez (Trackhouse) - 199 8. Alex Marquez (Gresini) - 153 9. Francesco Bagnaia (Ducati) - 143 10. Fermin Aldeguer (Gresini) - 105 11. Luca Marini (Honda) - 96 12. Enea Bastianini (Tech3) - 92 13. Brad Binder (KTM) - 83 14. Diogo Moreira (LCR) - 64 15. Fabio Quartararo (Yamaha) - 61 16. Franco Morbidelli (VR46) - 56 17. Johann Zarco (LCR) - 36 18. Joan Mir (Honda) - 33 19. Jack Miller (Pramac) - 28 20. Alex Rins (Yamaha) - 24 21. Toprak Razgatlioglu (Pramac) - 18 22. Maverick Vinales (Tech3) - 10 23. Iker Lecuona (Gresini) - 9 24. Augusto Fernandez (Yamaha) - 6 25. Pol Espargaro (Tech3) - 5 Anda menyukai artikel ini Artikel disimpan",sport,https://sport.detik.com/moto-gp/d-8661248/klasemen-sementara-motogp-2026-marquez-kudeta-martin-dari-puncak
49,"Hasil MotoGP San Marino 2026: Marc Marquez Juaranya! MotoGP San Marino 2026 tuntas digelar. Marc Marquez jadi juaranya disusul Alex Marquez dan Pedro Acosta. MotoGP San Marino 2026 berlangsung di Sirkuit Misano. Pada Minggu (13/9) malam WIB, digelar balapan utama dengan total 27 laps. Pada starting grid, posisi pole diisi oleh Marco Bezzecchi. Diikuti oleh Marc Marquez dan Fermin Aldeguer. Pada row dua diisi oleh Fabio Di Giannantonio, Jorge Martin, dan Luca Marini. Balapan dimulai! Marco Bezzecchi ngacir, sekaligus tutup celah buat Marc Marquez. Bezzecchi pun mempertahankan posisinya sampai tikungan pertama. Jorge Martin naik ke posisi ketiga, Aldeguer turun keempat. Masuk ke tikungan ke-13, petaka buat Bezzecchi yang alami lowside, crash, dan terlempar ke gravel! Marc Marquez naik ke posisi pertama. Jorge Martin naik kedua, Pedro Acosta bisa naik ke posisi ketiga di lap ketiga. Panas duel duo Gresini vs KTM. Alex Marquez maju ke posisi ketiga setelah asapi Pedro Acosta, Aldeguer masih membayanginya di belakang. Di lap keenam, Francesco Bagnaia terjatuh. Lagi-lagi, Pecco tidak menyelesaikan balapannya. Di lap ketujuh pada tikungan keempat, Jorge Martin sukses menyalip Marc Marquez. Martin menyalip dari sisi dalam. Balapan makin ketat. Posisi dari pertama sampai ketiga yakni Martin, Marc, dan Alex selisih waktunya tidak sampai 1 detik! Lap ke-12, Marc Marquez sukses menyalip Jorge Martin di tikungan keenam. Marquez yang terus menekan dapatkan momentumnya. Lap ke-14, gantian Alex Marquez salip Martin. Persis dilakukan seperti kakaknya, di tikungan keenam. Marc Marquez bisa unggul nyaman satu detik dari kejaran Alex di lap ke-15. Sementara Martin, ditekan terus oleh Acosta. Di lap ke-16, Asocta sukses salip Martin di tikungan kedelapan. Martin tampak mulai mengendur, yang selanjutnya bisa disalip Aldeguer. Situasi tidak banyak berubah saat masuki lap ke-20. Alex sempat nyaris terlempar setelah berbelok, untung masih bisa kendalikan kuda besinya. Alex sempat pangkas jarak jadi 0,624 dari Marc di depan. Tapi Marc masih bisa pertahankan momentumnya. Tiga lap terakhir, Alex makin kikis jarak jadi selisih 0,3 detik dari Marc! Marc Marquez akhirnya tidak terkejar. Rider Ducati itu jadi kampiun MotoGP San Marino 2026 disusul oleh Alex Marquez dan Pedro Acosta yang lengkapi podium. Hasil MotoGP San Marino 2026 1 Marc Marquez SPA Ducati Lenovo (GP26) 27 laps 2 Alex Marquez SPA BK8 Gresini Ducati (GP26) +0.657s 3 Pedro Acosta SPA Red Bull KTM (RC16) +2.326s 4 Fermin Aldeguer SPA BK8 Gresini Ducati (GP25) +6.027s 5 Jorge Martin SPA Aprilia Racing (RS-GP26) +14.021s 6 Raul Fernandez SPA Trackhouse Aprilia (RS-GP26) +18.252s 7 Fabio Di Giannantonio ITA Pertamina VR46 Ducati (GP26) +20.581s 8 Enea Bastianini ITA Red Bull KTM Tech3 (RC16) +20.858s 9 Luca Marini ITA Honda HRC Castrol (RC213V) +22.911s 10 Fabio Quartararo FRA Monster Yamaha (YZR-M1) +23.229s 11 Brad Binder RSA Red Bull KTM (RC16) +23.905s 12 Toprak Razgatlioglu TUR Pramac Yamaha (YZR-M1)* +28.031s 13 Franco Morbidelli ITA Pertamina VR46 Ducati (GP25) +28.927s 14 Pol Espargaro SPA Red Bull KTM Tech3 (RC16) +31.792s Johann Zarco FRA Castrol Honda LCR (RC213V) Alex Rins SPA Monster Yamaha (YZR-M1) Joan Mir SPA Honda HRC Castrol (RC213V) Francesco Bagnaia ITA Ducati Lenovo (GP26) Jack Miller AUS Pramac Yamaha (YZR-M1) Diogo Moreira BRA Pro Honda LCR (RC213V)* Marco Bezzecchi ITA Aprilia Racing (RS-GP26) Anda menyukai artikel ini Artikel disimpan",sport,https://sport.detik.com/moto-gp/d-8661237/hasil-motogp-san-marino-2026-marc-marquez-juaranya
50,"MotoGP San Marino 2026: Marquez Bersaudara Asapi Martin MotoGP San Marino 2026 masuki pertengahan balapan. Marquez bersaudara asapi Jorge Martin. MotoGP San Marino 2026 berlangsung di Sirkuit Misano. Pada Minggu (13/9) malam WIB, digelar balapan utama dengan total 27 laps. Pada starting grid, posisi pole diisi oleh Marco Bezzecchi. Diikuti oleh Marc Marquez dan Fermin Aldeguer. Pada row dua diisi oleh Fabio Di Giannantonio, Jorge Martin, dan Luca Marini. Balapan dimulai! Marco Bezzecchi ngacir, sekaligus tutup celah buat Marc Marquez. Bezzecchi pun mempertahankan posisinya sampai tikungan pertama. Jorge Martin naik ke posisi ketiga, Aldeguer turun keempat. Masuk ke tikungan ke-13, petaka buat Bezzecchi yang alami lowside, crash, dan terlempar ke gravel! Marc Marquez naik ke posisi pertama. Jorge Martin naik kedua, Pedro Acosta bisa naik ke posisi ketiga di lap ketiga. Panas duel duo Gresini vs KTM. Alex Marquez maju ke posisi ketiga setelah asapi Pedro Acosta, Aldeguer masih membayanginya di belakang. Di lap keenam, Francesco Bagnaia terjatuh. Lagi-lagi, Pecco tidak menyelesaikan balapannya. Di lap ketujuh pada tikungan keempat, Jorge Martin sukses menyalip Marc Marquez. Martin menyalip dari sisi dalam. Balapan makin ketat. Posisi dari pertama sampai ketiga yakni Martin, Marc, dan Alex selisih waktunya tidak sampai 1 detik! Lap ke-12, Marc Marquez sukses menyalip Jorge Martin di tikungan keenam. Marquez yang terus menekan dapatkan momentumnya. Lap ke-14, gantian Alex Marquez salip Martin. Persis dilakukan seperti kakaknya, di tikungan keenam. Marc Marquez bisa unggul nyaman satu detik dari kejaran Alex di lap ke-15. Sementara Martin, ditekan terus oleh Acosta. Di lap ke-16, Asocta sukses salip Martin di tikungan kedelapan. Martin tampak mulai mengendur. (aff/bay) Anda menyukai artikel ini Artikel disimpan",sport,https://sport.detik.com/moto-gp/d-8661225/motogp-san-marino-2026-marquez-bersaudara-asapi-martin
51,"MotoGP San Marino 2026: Jorge Martin Salip Marquez, Jadi Terdepan MotoGP San Marino 2026 masuki lap ketujuh. Momen penting terjadi, Jorge Martin lewati Marc Marquez untuk jadi terdepan! MotoGP San Marino 2026 berlangsung di Sirkuit Misano. Pada Minggu (13/9) malam WIB, digelar balapan utama dengan total 27 laps. Pada starting grid, posisi pole diisi oleh Marco Bezzecchi. Diikuti oleh Marc Marquez dan Fermin Aldeguer. Pada row dua diisi oleh Fabio Di Giannantonio, Jorge Martin, dan Luca Marini. Balapan dimulai! Marco Bezzecchi ngacir, sekaligus tutup celah buat Marc Marquez. Bezzecchi pun mempertahankan posisinya sampai tikungan pertama. Jorge Martin naik ke posisi ketiga, Aldeguer turun keempat. Masuk ke tikungan ke-13, petaka buat Bezzecchi yang alami lowside, crash, dan terlempar ke gravel! Marc Marquez naik ke posisi pertama. Jorge Martin naik kedua, Pedro Acosta bisa naik ke posisi ketiga di lap ketiga. Panas duel duo Gresini vs KTM. Alex Marquez maju ke posisi ketiga setelah asapi Pedro Acosta, Aldeguer masih membayanginya di belakang. Di lap keenam, Francesco Bagnaia terjatuh. Lagi-lagi, Pecco tidak menyelesaikan balapannya. Di lap ketujuh pada tikungan keempat, Jorge Martin sukses menyalip Marc Marquez. Martin menyalip dari sisi dalam. (aff/adp) Anda menyukai artikel ini Artikel disimpan",sport,https://sport.detik.com/moto-gp/d-8661206/motogp-san-marino-2026-jorge-martin-salip-marquez-jadi-terdepan
52,"MotoGP San Marino 2026: Balapan Dimulai! Bezzecchi Crash MotoGP San Marino 2026 dimulai! Bezzecchi langsung ngacir, tutup celah buat Marc Marquez di belakangnya. Tapi rider Aprilia itu langsung crash! Balapan dimulai! Jorge Martin naik ke posisi ketiga, Aldeguer turun keempat. Masuk ke tikungan ke-12 masih di lap pertama, petaka buat Bezzecchi yang alami lowside, crash, dan terlempar ke gravel! (aff/bay) Anda menyukai artikel ini Artikel disimpan",sport,https://sport.detik.com/moto-gp/d-8661202/motogp-san-marino-2026-balapan-dimulai-bezzecchi-crash
53,"Klasemen Moto3 2026 Usai Race San Marino: Veda Gagal Tambah Poin Veda Ega Pratama gagal menambah poin dalam race Moto3 San Marino 2026. Posisinya di klasemen semakin didekati Hakim Danish. Moto3 San Marino digelar Minggu (13/9/2026) sore WIB di Misano World Circuit Marco Simoncelli. Veda memulai race sebanyak 20 laps ini dari posisi ke-15. David Almansa memulai race sebagai pole-sitter. Dia terus berada di posisi terdepan hingga memasuki lap terakhir. Maximo Quiles berhasil menyalip Almansa pada tikungan terakhir lap pamungkas. Rider asal Spanyol itu pun keluar sebagai pemenang Moto3 San Marino 2026. Veda Ega Pratama gagal meningkatkan performa di San Marino. Rider Honda Team Asia ini harus puas finis di posisi ke-18 dan gagal mendulang poin. Hasil lebih baik ditunjukkan rider Malaysia Hakim Danish. Memulai race di grid belakang, dia mampu finis di posisi ke-12 dan meraih 4 poin. Quiles menambah 25 poin dari kemenangan di Moto3 San Marino 2026. Rider tim CFMotoAspar Team ini kukuh di puncak klasemen sementara dengan 281 poin. David Almansa berada di urutan kedua klasemen Moto3 2026 dengan 175 poin, disusul Alvaro Carpe (174 poin). Brian Uriarte menduduki posisi keempat dengan 154 poin, di depan Marco Morelli (138 poin) dan Valentin Perrone (114 poin). Veda Ega Pratama di urutan ketujuh klasemen dengan 97 poin. Dia kini hanya berjarak 3 poin dari Hakim Danish (94 poin) di belakangnya. Klasemen Moto3 2026 (10 Besar) 1. Maximo Quiles: 281 poin 2. David Almansa: 174 poin 3. Alvaro Carpe: 159 poin 4. Brian Uriarte: 154 poin 5. Marco Morelli: 138 poin 6. Valentin Perrone: 114 poin 7. Veda Ega Pratama: 97 poin 8. Hakim Danish: 90 poin 9. Matteo Bertelle: 84 poin 10. Rico Salmela: 70 poin. Anda menyukai artikel ini Artikel disimpan",sport,https://sport.detik.com/moto-gp/d-8661170/klasemen-moto3-2026-usai-race-san-marino-veda-gagal-tambah-poin
54,"Tiba di Tokyo, PBSI Pastikan Semua Kelengkapan Pemusatan Latihan Lengkap Tim bulutangkis Indonesia tiba di Tokyo jelang Asian Games Aichi-Nagoya 2026. Mereka jalani pemusatan latihan dulu. Tim bulutangkis Indonesia yang akan berlaga di Asian Games Aichi-Nagoya 2026 telah tiba di Tokyo hari Minggu (13/9) untuk menjalani pemusatan latihan. Pemusatan latihan akan berlangsung kurang lebih tiga hari mulai Senin (14/9) hingga Rabu (16/9) mendatang. Kabid Binpres Pelatnas yang juga sebagai Head Coach di Asian Games, Eng Hian, mengatakan seluruh fasilitas untuk pemusatan latihan sudah lengkap dan memadai. ""Seluruh fasilitas dari hotel, tempat latihan dan kebutuhan-kebutuhan lain terkait pemusatan latihan anak-anak sudah lengkap sesuai dengan yang kami harapkan,"" ucap Eng Hian. ""Sehingga persiapan anak-anak dipastikan tidak terganggu dan akan sesuai dengan program-program yang sudah dirancang sejak dari pelatnas di Indonesia,"" tambahnya. Eng Hian menambahkan bahwa selain sparring partner yang dibawa dari Jakarta, akan ada latihan bersama dengan atlet-atlet Jepang. ""Kami membawa beberapa atlet untuk sparring partner ditambah akan ada latihan bareng bersama atlet-atlet Jepang di tiga hari pelaksanaan pemusatan latihan,"" jelas Eng Hian. ""Hal ini sangat positif sebagai bekal tambahan untuk melakoni laga di Asian Games nanti. Saya berharap semua pemain bisa menjalani seluruh proses dengan fokus, dalam suasana yang positif, dan dengan rasa percaya diri yang semakin kuat. Jaga kondisi, perkuat kekompakan dan siap memberikan kemampuan terbaik untuk Merah Putih,"" pesan Eng Hian. Cabang bulutangkis Asian Games Aichi-Nagoya 2026 bergulir pada 20-24 September untuk nomor beregu putra & putri lalu 25-29 September untuk nomor perorangan. (aff/bay) Anda menyukai artikel ini Artikel disimpan",sport,https://sport.detik.com/raket/d-8661092/tiba-di-tokyo-pbsi-pastikan-semua-kelengkapan-pemusatan-latihan-lengkap
55,"Hasil Moto3 San Marino 2026: Quiles Pemenangnya, Veda Pratama P18 Maximo Quiles memenangkan race Moto3 San Marino 2026. Veda Ega Pratama harus puas finis di posisi ke-18. Seri ke-14 Moto3 2026 digelar di Misano World Circuit Marco Simoncelli, Minggu (13/9) sore WIB. Balapan bertajuk Moto3 San Marino ini berlangsung sebanyak 20 laps. David Almansa memulai race sebagai pole-sitter. Rider Indonesia Veda Ega Pratama start dari dari posisi ke-15. Veda melorot ke P16 selepas lap pertama. Almansa masih memimpin race, disusul Brian Uriarte dan Valentin Perrone di belakangnya. Posisi ke-15 kembali diraih Veda memasuki lap ketiga. Almansa dan Uriarte masih menjadi 2 rider terdepan. Maximo Quiles menyalip Uriarte ke posisi 2 pada lap keenam. Veda melorot ke P16 dan balik lagi ke P15, disusul Hakim Danish di belakangnya. Hakim Danish menyalip Veda memasuki lap kedelapan. Veda bahkan melorot ke P18 pada lap berikutnya dan turun ke P19 di lap kesepuluh. Uriarte kembali merebut P2 dari Quiles di lap kesebelas. Dia hanya berjarak 0,2 detik dari Alamnsa di depannya. Quiles menyalip Uriarte pada lap ke-14. Veda Ega melorot ke P20, sementara Hakim Danish masih di P15. Maximo Quiles berhasil menyalip Almansa pada tikungan terakhir di lap pamungkas. Quiles jadi pemenang Moto3 San Marino 2026! Veda Ega Pratama gagal meraih poin karena finis di urutan ke-18. Hakim Danish mengakhiri balapan di P12. Hasil Moto3 San Marino 2026 1. Maximo Quiles 2. David Almansa 3. Brian Uriarte 4. Matteo Bertelle 5. Valentin Perrone 6. Rico Salmela 7. Joel Kelso 8. Adrian Cruces 9. Marco Morelli 10. David Gonzalez 11. Casey O'Gorman 12. Hakim Danish 13. Ryusei Yamanaka 14. Adrian Fernandez 15. Scott Ogden 16. Eddie O'Shea 17. Alvaro Carpe 18. Veda Ega Pratama 19. Guido Pini 20. Jesus Rios. Anda menyukai artikel ini Artikel disimpan",sport,https://sport.detik.com/moto-gp/d-8661058/hasil-moto3-san-marino-2026-quiles-pemenangnya-veda-pratama-p18
56,"Asian Games 2026: Ditekuk Arab Saudi, Basket Putra RI Angkat Koper Indonesia kalah 89-100 dari Arab Saudi dalam partai terakhir penyisihan Grup A cabang olahraga basket putra Asian Games 2026. Dengan hasil ini, Merah Putih dipastikan angkat koper. Bertanding di Aichi International Arena, Nagoya, Minggu (13/9), kedua tim bermain imbang 21-21 di akhir kuarter pertama. Namun Arab Saudi berhasil mengambil momentum di kuarter kedua untuk memimpin 50-41. Arab Saudi kembali menjauh dari kejaran Indonesia di kuarter ketiga. Mereka sempat unggul 69-49 di sisa waktu 1 menit 20 detik sebelum menutup kuarter dengan skor 70-55. Indonesia yang pantang menyerah begitu saja lantas memberikan perlawanan di kuarter empat. Sempat tertinggal 66-87 saat laga tersisa empat menit 29 detik, Derrick Xzavierro dkk lalu menipiskan jarak menjadi 85-89 di sisa waktu 56,3 detik. Namun Arab Saudi kemudian mencetak tujuh poin beruntun untuk unggul 96-85. Di sisa waktu, Indonesia hanya mampu menambah empat poin, sedangkan Arab Saudi juga menambah empat poin lagi untuk menutup laga dengan skor 100-89. Pada laga ini, Abraham Grahita menjadi penyumbang poin terbanyak Indonesia dengan 22 poin, disusul Xzavierro dengan 14 poin dan Yudha Saputera dengan 13 poin. Andakara Prastawa menyumbang 12 poin, sedangkan yang lainnya di bawah dua digit. Di kubu Arab Saudi, Muhammad Abdurrahkman menyumbang 41 poin, disusul oleh Mohammed Alsuwailem dengan 33 poin. Mathna Almarwani menyumbang 13 poin, dan sisanya di bawah dua digit. Ini menjadi kekalahan ketiga Indonesia setelah dipecundangi Jepang (53-98) dan Korea Selatan (48-102). Merah Putih pun finis sebagai juru kunci Grup A dengan tiga poin dan gagal melangkah ke fase gugur. (adp/aff) Anda menyukai artikel ini Artikel disimpan",sport,https://sport.detik.com/basket/d-8661022/asian-games-2026-ditekuk-arab-saudi-basket-putra-ri-angkat-koper
57,"Tebak 4 Sirkuit MotoGP, 3 Peserta Ini Berhasil Jadi Pemenang Pengumuman pemenang Social Media Quiz 12 bertema tebak nama sirkuit MotoGP yang ditunggu-tunggu akhirnya tiba. Rangkaian kuis ini telah menyedot antusiasme tinggi dari para pencinta balap motor di seluruh Indonesia. Kuis yang digelar Bold Riders bersama detikcom ini sebelumnya mengajak peserta menguji pengetahuan tentang berbagai lintasan MotoGP. Peserta diminta menebak nama sirkuit berdasarkan siluet pada postingan kuis serta mengikuti mekanisme yang telah ditentukan. Dalam tantangan ini, terdapat empat nama sirkuit yang menjadi jawaban benar. Jawabannya meliputi Misano World Circuit Marco Simoncelli, Red Bull Ring, Twin Ring Motegi, dan Mandalika International Street Circuit. Berdasarkan hasil pengundian dan verifikasi jawaban tepat, tiga peserta beruntung berhak keluar sebagai pemenang. Ketiga akun Instagram tersebut adalah @ricoramaddhan, @fikrinugraha12, serta @dwidilanmchtr_. Selamat kepada seluruh pemenang yang berhasil menjawab kuis dengan cermat dan cepat. Para pemenang dimohon segera mengecek kotak masuk pesan pribadi (direct message) akun Instagram masing-masing mendata klaim hadiah. Bagi peserta yang belum beruntung, kesempatan meraih berbagai hadiah menarik lainnya masih terbuka lebar. Pantau terus akun media sosial @boldriders agar tidak ketinggalan berita terkini dan kuis seru selanjutnya. Bold Riders adalah wadah komunitas motor multigenre untuk semua merek yang menjunjung tinggi semangat brotherhood. Sebagai sponsor Gresini Racing Team di ajang MotoGP, kami membawa semangat balap yang penuh adrenalin dan keberanian mengambil risiko. Bold Riders mendukung nilai ""Live Bold"" yang menjadi jiwa bagi MotoGP dan anak motor, meliputi: Keberanian mengambil keputusan dalam hitungan detik. Mentalitas untuk terus berkembang. Passion tinggi terhadap dunia roda dua. Disiplin serta menghargai proses dan latihan. Menjadikan setiap perjalanan lebih bermakna. Persaudaraan inklusif yang merangkul semua jenis motor. Jangan lupa follow @boldriders untuk update informasi terbaru seputar dunia motor dan MotoGP! Anda menyukai artikel ini Artikel disimpan",sport,https://sport.detik.com/moto-gp/d-8660955/tebak-4-sirkuit-motogp-3-peserta-ini-berhasil-jadi-pemenang
58,"Foto Sport Rybakina Cetak Sejarah, Juara US Open dan Jadi Nomor 1 Dunia Amerika Serikat - Rybakina juara US Open 2026 usai mengalahkan juara bertahan dua kali, Aryna Sabalenka, dalam final sengit tiga set di New York. Anda menyukai artikel ini Artikel disimpan",sport,https://sport.detik.com/fotosport/d-8660471/rybakina-cetak-sejarah-juara-us-open-dan-jadi-nomor-1-dunia
59,"Elena Rybakina Juara US Open 2026 Elena Rybakina tampil sebagai juara grand slam US Open 2026 usai mengalahkan juara bertahan dua kali Aryna Sabalenka di final. Ini jadi gelar US Open pertama untuk Rybakina. Dalam pertandingan final di USTA Billie Jean King National Tennis Center, Minggu (13/9/2026) pagi WIB, Rybakina menang dalam duel tiga set dengan skor 6-4, 5-7, 6-2. Petenis Kazakhstan itu menyegel kemenangan dengan ace. Kemenangan ini sekaligus melengkapi keberhasilan Rybakina menduduki peringkat satu dunia. Petenis berusia 27 tahun itu dipastikan naik ke peringkat satu dunia menggeser Sabalenka usai menembus semifinal US Open 2026 lalu. Ini jadi gelar grand slam ketiga bagi Rybakina di sepanjang kariernya, sekaligus yang kedua di 2026 setelah menang di Australian Open. Ia jadi petenis wanita ketiga di abad ini yang menjuarai dua grand slam lapangan keras di tahun yang sama. ""Sulit untuk menemukan kata-kata yang tepat sekarang. Saya tidak menyangkanya saat memulai turnamen,"" ujar Rybakina yang sempat diganggu cedera pergelangan kaki sebelum turnamen, seperti dilansir Reuters. ""Saya harus menghadapi cedera. Entah bagaimana segalanya berpihak kepada saya. Aryna ... melawan kamu itu sulit. Kamu mendorong saya sampai ke batasnya."" ""Saya ingin berterima kasih kepada penonton atas atmosfer yang luar biasa. Saya sudah ke sini selama 10 tahun terakhir dan tidak pernah berhasil. Saya makin jatuh cinta ke New York,"" katanya. Anda menyukai artikel ini Artikel disimpan",sport,https://sport.detik.com/raket/d-8660398/elena-rybakina-juara-us-open-2026
60,"Pebulutangkis yang Kandas di Audisi PB Djarum Masih Bisa Raih Super Tiket Persaingan memperebutkan Super Tiket semakin mengerucut pada hari keempat Audisi Umum PB Djarum Kudus 2026 yang berlangsung di GOR Djarum, Jati, Kudus, Sabtu (12/9/2026). Selain diberikan melalui jalur turnamen, Super Tiket juga menjadi kesempatan bagi peserta yang belum mampu melangkah jauh di arena pertandingan, tetapi dinilai memiliki potensi untuk berkembang menjadi atlet berkualitas di masa depan. Setelah empat hari melakukan pemantauan secara langsung dari tepi lapangan, Tim Pencari Bakat PB Djarum mulai mengantongi sejumlah nama yang dinilai layak mendapat perhatian lebih. Legenda bulutangkis PB Djarum sekaligus anggota Tim Pencari Bakat, Hastomo Arbi, mengatakan proses pencarian bakat dilakukan secara menyeluruh. Tidak hanya melihat hasil pertandingan, tim juga memperhatikan berbagai aspek yang dapat menjadi modal seorang pemain untuk berkembang. ""Saya mengantongi beberapa nama karena saya lihat skill mereka itu bagus sekali. Dari cara bertandingnya ada yang berbeda dari pemain lain dan juga dari postur tubuh. Tapi penilaian yang terpenting ialah bagaimana kita bisa memproyeksikan apakah mereka bisa diasah dan menjadi atlet berkualitas di masa mendatang,"" ujar Hastomo. Peraih Piala Thomas 1984 tersebut menegaskan, hasil pertandingan bukan menjadi satu-satunya ukuran. Tim Pencari Bakat juga berusaha melihat potensi jangka panjang seorang pemain, hal yang ditegaskan oleh Maria Kristin Yulianti selaku anggota Tim Pencari Bakat Audisi Umum PB Djarum 2026 dari sektir putri. ""Biasanya, kandidat peraih Super Tiket pilihan Tim Pencari Bakat ini berasal dari peserta yang gugur di babak turnamen di 32 besar. Kami melihat kerja keras dan daya juang mereka di lapangan, jadi tidak hanya hasil akhir semata,"" ujar Maria Kristin. ""Dari pengamatan kami, ada beberapa yang mainnya ngoyo dan terlihat tidak mau kalah. Artinya mereka memiliki spirit yang tinggi untuk menang, ini yang juga bisa menjadi kandidat peraih Super Tiket,"" tegasnya. Anda menyukai artikel ini Artikel disimpan",sport,https://sport.detik.com/raket/d-8660351/pebulutangkis-yang-kandas-di-audisi-pb-djarum-masih-bisa-raih-super-tiket
61,"Men's World Tennis Championship: Nathan Barki Tumbang di Semifinal Nathan Barki harus mengubur impiannya menjuarai Seri V Men's World Tennis Championship 2026. Sebab, dia kandas di semifinal. Pada pertandingan ITF World Tennis Tour M-15 di Bali Beach Country Club, Nusa Dua, Sabtu (12/9/2026), Nathan menghadapi Alexander Chang asal Amerika Serikat. Bertanding selama 2 jam 15 menit menghadapi juara UTR PTT 2026, Nathan sejatinya sempat unggul 6-4 di set pertama. Tapi, dia kehabisan tenaga di set kedua dan menyerah mudah 1-6. Pada set penentuan, Nathan memberikan perlawanan sengiti sebelum akhirnya kalah 4-6. Meski gagal ke final, Nathan tetap puas dengan pencapaiannya di seri V ini mengingat prestasi terbaiknya adalah perempatfinalis. ""Ini pencapaian bagus untuk saya, mengingat lawan adalah Alexander Chang, bermain luar biasa. Setelah ini saya akan fokus untuk tampild serangkaian turnamen level kampus di Amerika Serikat dan rencananya kembali lagi ke tanah air pada Desember mendatang, untuk tampil di ajang M-15 dan M-25 Bali,"" ujar Nathan dalam rilis kepada detikSport. Alexander akan menghadapi petenis India Karan Singh yang sukses mengalahkan kompatriotnya Digvijay Pratap Singh, dengan dua set langsung, 6-4 dan 6-5. Karan akan coba mempertahankan gelar yang direbutnya di seri IV lalu. Sementara dari nomor ganda putra, Alexander Chang/Pablo Perez Ramos berhasil mempertahankan gelar juara ganda putra usai menumbangkan Isaac Becroft/Reece Falck dari Selandia Baru, lewat pertarungan tiga set selama 1 jam 11 menit. Takluk 3-6 di set pertama, Alexander/Pablo membalasnya ngan angka sama 6-3, sehingga set ketiga harus dilakoni untuk menentukan pemenang. Duel semakin sengit di set ketiga, ketika Alexander/Pablo yang sempat tertinggal 2-5 dan match point 7-9, berhasil membalikkan keadaan untuk menang 12-10. Mereka berhak atas hadiah 930 dolar AS, serta tambahan 15 poin ATP. Sedangkan Isaac/Reece memperoleh uang 540 dolar AS serta trofi. ""Saya sangat senang dengan raihan dua gelar juara pada M-15 Bali. Saya berikan apresiasi kepada rekan saya, Alexander Chang, yang performanya tetap prima meskipun habis bertanding di nomor tunggal,"" papar Pablo. ""Pablo sangat cepat dalam mengantisipasi permainan lawan maupun perubahan strategi di saat poin-poin kritis menjadi sebuah kemenangan,"" timpal Alexander. Anda menyukai artikel ini Artikel disimpan",sport,https://sport.detik.com/raket/d-8660335/mens-world-tennis-championship-nathan-barki-tumbang-di-semifinal
62,"Eks Menpora Dito Ariotedjo Tampil di Ajang Balap Jetski Panglima TNI Cup Perairan Ancol, Jakarta, ramai oleh deru mesin jetski pada Sabtu (12/9/2026). Ajang Panglima TNI Cup yang digelar Mabes TNI di Jetski Academy Ancol menjadi titik temu puluhan pembalap dari berbagai latar belakang, mulai dari prajurit, atlet, hingga komunitas sipil. Salah satu sosok yang mencuri perhatian adalah Ario Bimo Nandito Ariotedjo, mantan Menteri Pemuda dan Olahraga. Dito tidak hadir sekadar sebagai tamu kehormatan. Ia justru turun langsung sebagai peserta dan memacu jetski pada kelas Moto 1 Amateur Runabout Racing. Mengenakan nomor punggung dan berdiri di garis start bersama peserta lainnya, Dito menjalani seluruh rangkaian balapan sesuai jadwal yang telah ditetapkan panitia. Bagi Dito, dunia olahraga bukanlah sesuatu yang asing. Jauh sebelum dipercaya menjadi Menteri Pemuda dan Olahraga pada April 2023, pria kelahiran 25 September 1990 itu telah aktif di berbagai sektor ekosistem olahraga Indonesia. Dito pernah dipercaya sebagai Chef de Mission Kontingen Indonesia pada Youth Olympic 2018 di Argentina. Dia juga tercatat pernah terlibat dalam kepengurusan Ikatan Sport Sepeda Indonesia (ISSI) DKI Jakarta hingga menjabat sebagai Chairman RANS Basket. Dalam rilis yang diterima detikSport, ajang Panglima TNI Cup ini menawarkan ruang kompetisi yang relatif jarang ditemui dalam olahraga Indonesia. Prajurit TNI, atlet, pehobi, dan pembalap dari komunitas sipil dapat bertemu dalam satu arena dengan aturan, standar pertandingan, dan penilaian yang sama. Kelas Moto 1 Amateur Runabout Racing menjadi salah satu contohnya. Kelas ini menjadi pintu masuk bagi pembalap yang sedang membangun pengalaman dan meniti jenjang kompetisi. Di level inilah proses regenerasi pembalap jetski berlangsung. Sebelum mencapai level elite dan membawa nama Indonesia di kompetisi internasional, para pembalap membutuhkan ruang untuk berkompetisi, mengasah kemampuan, sekaligus membangun mental bertanding. Anda menyukai artikel ini Artikel disimpan",sport,https://sport.detik.com/g-sport/d-8660296/eks-menpora-dito-ariotedjo-tampil-di-ajang-balap-jetski-panglima-tni-cup
63,"900 Perenang Pemula Bersaing di Kejuaraan Pelajar Kejuaraan Renang Pelajar Pemula, Jakarta Selatan 2026, telah selesai dilaksanakan. Kejuaraan untuk perenang muda ini berlangsung di Kolam Renang Tirta Faletehan, Pesanggrahan, Jakarta Selatan, pada Sabtu (12/9). Ketua Panitia Pelaksana Agus Maulana mengatakan bahwa total ada 900 perenang muda putra dan putri ambil bagian di ajang ini. Kejuaraan ini menjadi panggung bagi perenang mulai tingkat anak kelahiran 2021 sampai 2009. Lanjut Agus, para peserta merupakan siswa sekolah atau anggota klub renang di seluruh Indonesia. Dari panitia memberikan ketegasan terkait status peserta, yaitu bukan juara lomba O2SN tingkat nasional atau provinsi, PON, POPNAS, Indonesia Open, KEJUARDA dan KEJURNAS, FAI atau Atlet POPB. Panitia telah membuka pendaftaran sejak 10 Juli hingga 6 September 2026. ""Ini adalah kejuaraan renang khusus untuk pemula. Ini pelaksanaan yang ketujuh kami buat dari tahun 2024 untuk menjadi wadah anak-anak mengembangkan kemampuan berenangnya,"" jelas Agus. ""Harapan kami, melalui kegiatan ini bisa bersinergi dengan pihak-pihak terkait dan mewadahi prestasi para pelajar di Indonesia,"" ungkapnya. Sebagai bagian dari pembinaan, kata Agus, nomor khusus dipertandingkan di ajang ini. Nomor Short Course menjadi pilihan karena untuk meningkatkan kepercayaan diri para perenang muda. ""Kami fokuskan untuk mempertandingkan nomor short coures karena untuk mengukur kepercayaan diri dan kemampuan perenang pemula tingkat pelajar,"" jelas Agus. Sebagai bagian dari apresiasi kerja keras dan perjuangan perenang muda di lintasan renang, lanjut Agus, panitia menyediakan hadiah untuk para pemenang. Ada dua kategori ketentuan pemenang, yaitu juara 1, 2, dan 3 untuk setiap seri dan juara acara 1, 2, 3. ""Juara 1,2,3 setiap seri mendapatkan medali. Juara Acara 1,2,3 mendapat piala dan sertifikat eksklusif yang akan kami kurasikan. Apresiasi ini bagian dari motivasi kami dalam meningkatkan kebanggaan para perenang muda atas kerja kerasnya dalam latihan dan bertanding,"" terang Agus. ""Kami juga sediakan hadiah uang pembinaan untuk para pemenang dengan nilai total hadiah sebesar Rp 10 juta,"" ungkapnya. Agus berharap, kejuaraan ini bisa terus dilaksanakan berkelanjutan karena perenang muda membutuhkan wadah untuk menunjukkan hasil berlatih. Dengan adanya banyak kejuaraan, perenang pemula akan terasah mental dan kemampuannya sejak dini. ""Kami berharap ada perenang andal di masa depan yang lahir dari kejuaraan ini dan menjadi penyumbang medali untuk Indonesia di ajang internasional,"" ujarnya. Anda menyukai artikel ini Artikel disimpan",sport,https://sport.detik.com/sport-lain/d-8660249/900-perenang-pemula-bersaing-di-kejuaraan-pelajar
64,"Ada Veda Ega, Semoga MotoGP Mandalika Lebih Ramai Pihak penyelenggara menargetkan jumlah penonton MotoGP Mandalika 2026 lebih banyak ketimbang tahun lalu. Adanya Veda Ega Pratama jadi alasan utama. Menurut informasi detikSport tahun lalu, MotoGP Mandalika 2025 memecahkan rekor penonton yakni 67.905 orang saat race day. Total penonton selama tiga hari perhelatan ajang itu mencapai 140.324 penonton. Dalam tiga tahun terakhir sejak diselenggarakan, MotoGP Mandalika mencatat pertumbuhan penonton sekitar 37.395 penonton atau sekitar 15,73 persen. Itulah mengapa Direktur Operasi InJourney Tourism Development Corporation (ITDC), Troy Warokka, yakin jumlah penontonnya akan semakin banyak tahun. Sebab, Indonesia punya dua pebalap, yakni Veda Ega Pratama di Moto3 dan Mario Aji di Moto2. Terlebih untuk Veda di mana performanya sejak awal musim ini membetot perhatian publik, sekalipun belakangan lagi menurun. Sejauh ini Troy menyebut penjualan tiket MotoGP Mandalika sudah mencapai 50 persen dari total kapasitas. Selain Veda dan Mario, ada juga Marc Marquez yang punya basis pendukung besar di Indonesia. Fans tentu ingin menyaksikan Marquez meraih kemenangan pertamanya di Indonesia. ""Yang menarik, MotoGP kali ini karena ada pebalap Indonesia, Veda Ega Pratama dan Mario Aji, di Moto3 dan Moto2. Ini juga yang membuat pergerakan pembelian tiket lebih agresif dibandingkan tahun lalu,"" ujar Troy dalam keterangan kepada media di Indonesia Sport Summit (ISS) 2026, Jumat (11/9/2026). ""Saat ini tiket sudah terjual 50 persen, bahkan 51 persen. Animo masyarakat cukup luar biasa karena selain ingin menonton Marc Marquez yang diramal menjadi juara dunia dan belum pernah naik podium di Mandalika, ada juga dua pebalap Indonesia yang tampil, Mario Aji dan Veda Ega Pratama,"" sambungnya. ""Jadi, menariklah MotoGP Mandalika tahun ini. Semua menunggu apakah Marquez mampu naik podium di Mandalika, dan juga bagaimana kiprah pebalap Indonesia, Mario Aji dan Veda Ega Pratama."" MotoGP Mandalika 2026 akan digelar 9-11 Oktober mendatang. Troy berharap dukungan seluruh pihak terutama pemerintah agar hajatan kali ini bisa berjalan lancar dan sukses. ""Kita lihat. Jadi, saat ini memang persiapan MotoGP-nya sudah semakin baik. MotoGP-nya juga saya rasa makin positif. Dan yang paling penting, dukungan pemerintah, baik pusat maupun daerah, itu luar biasa pada kegiatan ini,"" paparnya."" ""Jadi, buat kita, ini merupakan dukungan yang luar biasa. Dan yang paling penting adalah doa dari seluruh masyarakat supaya acaranya sukses, lancar, dan aman."" Anda menyukai artikel ini Artikel disimpan",sport,https://sport.detik.com/moto-gp/d-8660139/ada-veda-ega-semoga-motogp-mandalika-lebih-ramai
65,"Hasil Sprint Race MotoGP San Marino 2026: Marquez Asapi Bezzecchi Marc Marquez tampil dominan untuk memenangi Sprint Race MotoGP San Marino 2026. Pebalap Ducati itu mengasapi duo Aprilia, Marco Bezzecchi dan Jorge Martin. Jalannya balapan Pada balapan di Misano World Circuit Marco Simoncelli, Sabtu (12/9/2026) malam WIB, Marc yang start dari posisi kedua langsung menyalip Marco Bezzecchi di tikungan pertama untuk berada di posisi terdepan. Jorge Martin yang start kelima berupaya menyelak ke posisi terdepan, tapi cuma bisa naik satu strip ke posisi keempat. Fabio Di Giannantonio sukses mempertahankan posisi ketiga selepas start. Fermin Aldeguer yang harus turun ke posisi keenam di akhir lap pertama setelah disalip Pedro Acosta. Masuk di lap ketiga, persaingan mulai panas saat Alex Marquez tiba-tiba melesat ke posisi kelima melewati Acosta dan Aldeguer. Marc masih dikuntit Bezzecchi di posisi kedua dan Di Giannantonio di posisi ketiga. Hampir setengah balapan berjalan, Marc masih memimpin balapan disusul Bezzecchi. Sementara Martin terus memburu Di Giannantonio untuk posisi ketiga. Menjelang ujung lap ketujuh, Martin akhirnya bisa menyalip Di Giannantonio dari sisi kiri luar untuk merebut posisi ketiga. Marc masih memimpin dengan selisih satu detik dari Bezzecchi. Pada lap kesembilan, Bezzecchi sukses memangkas jarak dengan Marc menjadi 0,7 detik sehingga balapan menjadi lebih sengit. Martin, Di Giannantonio, dan Alex masih berada di posisi ketiga sampai kelima untuk berebut podium terakhir. Menyadari Bezzecchi mengintainya, Marc melajukan motornya lebih kencang di sisa tiga lap untuk melebarkan jarak yang sudah mencapai 0,592 detik. Bezzecchi sendiri berjarak lebih dari satu detik atas Martin di posisi ketiga. Di lap ke-12, Marc membuat jarak sedikit menjauh menjadi 0,812 detik atas Bezzecchi sebelum di atas satu detik pada lap terakhir. Marc akhirnya jadi pebalap pertama yang melintasi garis finis disusul Bezzecchi dan Martin. Di Giannantonio dan Alex Marquez melengkapi posisi lima besar. Acosta, Fernandez, Aldeguer, Luca Marini, dan Johann Zarco di posisi keenam hingga kesepuluh. Hasil Sprint Race MotoGP San Marino 2026 Anda menyukai artikel ini Artikel disimpan",sport,https://sport.detik.com/moto-gp/d-8660193/hasil-sprint-race-motogp-san-marino-2026-marquez-asapi-bezzecchi
66,"Hasil Kualifikasi Moto3 San Marino: Veda Ega Start ke-16 Hasil kualifikasi Moto3 San Marino sudah bisa dilihat. Rider Indonesia, Veda Ega Pratama, menempati posisi start ke-16. Dalam sesi kualifikasi Moto3 San Marino, Sabtu (12/9/2026) malam WIB, David Almansa yang menjadi rider tercepat. Pebalap tim Intact GP itu mencatatkan waktu satu menit 40,612 detik. Melengkapi front row ada Brian Uriarte dan Joel Kelso. Baris kedua posisi start diisi oleh Valentin Perrone, Maximo Quiles, dan Matteo Bertelle. Veda Ega mencatatkan waktu terbaik satu menit 42,041 detik. Pebalap Honda Team Asia itu mencatatkan waktu 1,429 detik lebih lambat dari Almansa. Di sesi kualifikasi ini, Veda Ega cuma melahap sebanyak enam lap. Rider asal Gunungkidul, Yogyakarta, itu mencatatkan top speed 210,9 kilometer/jam. Hasil Kualifikasi Moto3 San Marino 1. David Almansa - 1 Menit 40,612 detik 2. Brian Uriarte 3. Joel Kelso 4. Valentin Perrone 5. Maximo Quiles 6. Matteo Bertelle 7. Casey O'Gorman 8. Rico Salmela 9. Alvaro Cape 10. Scott Ogden 11. Adrian Fernandez 12. Ryusei Yamanaka 13. Joel Esteban 14. Marco Moelli 15. Eddie O'Shea 16. Veda Ega Pratama 17. Jesus Rios 18. Hakim Hanish 19. Marcos Uriarte 20. Adrian Cruces 21. Guido Lini 22. Zen Mitani 23. Leo Rammerstofer 24. Nicola Carraro 25. Ruche Moodley 26. David Gonzalez Anda menyukai artikel ini Artikel disimpan",sport,https://sport.detik.com/moto-gp/d-8660090/hasil-kualifikasi-moto3-san-marino-veda-ega-start-ke-16
67,"Hasil Kualifikasi MotoGP San Marino: Bezzecchi Pole, Marquez Kedua Selesai sudah Kualifikasi MotoGP San Marino 2026. Pebalap Aprilia Marco Bezzecchi meraih pole, mengungguli rider Ducati Marc Marquez. Pada sesi yang digelar di Misano World Circuit Marco Simoncelli, Sabtu (12/9/2026) sore WIB, Francesco Bagnaia gagal lolos dari Q1, sementara Raul Fernandez dan Fermin Aldeguer jadi peserta terakhir di Q2. Sempat terjadi crash di awal Q2 ketika Alex Marquez tergelincir. Marc berada di posisi terdepan di awal, sementara Bezzecchi sempat jatuh ke posisi ke-12. Mendekati empat menit waktu tersisa, Marc masih memimpin dan yellow flag keluar karena Fabio Di Giannantonio terjatuh di tikungan keempat. Bezzecchi kemudian melesat pada percobaan keduanya di kualifikasi ini untuk berada di posisi terdepan. Marc yang coba memperbaiki catatan waktu harus puas di posisi kedua dengan jarak 0,918 detik. Aldeguer melengkapi barisan terdepan karena start dari posisi ketiga. Di Giannantonio dan Jorge Martin di posisi keempat serta kelima. Luca Marini, Pedro Acosta, Franco Morbidelli, Alex, dan Fernandez di posisi keenam sampai ke-10. Alex sempat tergelincir lagi di tikungan keempat pada kesempatan kedua. Hasil Kualifikasi MotoGP San Marino 2026 Anda menyukai artikel ini Artikel disimpan",sport,https://sport.detik.com/moto-gp/d-8659903/hasil-kualifikasi-motogp-san-marino-bezzecchi-pole-marquez-kedua
68,"Jadwal MotoGP San Marino Hari Ini: Sore Kualifikasi, Malamnya Sprint Race Simak jadwal MotoGP San Marino 2026 Misano untuk hari Sabtu (12/9/2026). Persaingan Marc Marquez dan Marco Bezzecchi menjadi perhatian utama setelah keduanya bergantian memimpin sesi latihan pada Jumat. Rangkaian MotoGP San Marino hari ini akan dimulai dengan FP2 pada sore WIB. Setelah itu, para rider kelas utama akan menjalani kualifikasi untuk menentukan posisi start, sebelum ditutup dengan Sprint Race pada malam hari. Bezzecchi Balik Unggul dari Marc Marquez Duel Bezzecchi dan Marc sudah panas sejak hari pertama. Marc Marquez menjadi yang tercepat pada FP1 Jumat pagi dengan catatan waktu 1 menit 31,468 detik. Rider Ducati Lenovo itu mengungguli Bezzecchi dengan selisih hanya 0,060 detik. Bezzecchi lantas membalas pada sesi Practice Jumat malam. Rider Aprilia Racing tersebut mencatat waktu 1 menit 30,144 detik untuk menempati posisi pertama. Hasil Practice tersebut juga memastikan Bezzecchi, Marc Marquez, dan pebalap lain yang masuk 10 besar mendapat tiket langsung ke Q2 dalam sesi kualifikasi pada hari Sabtu (12/9) ini. Jadwal MotoGP San Marino Hari Ini Hari kedua MotoGP San Marino dimulai sejak siang. Moto3 lebih dulu menjalani FP2, kemudian Moto2. Untuk kelas utama, FP2 MotoGP digelar pukul 15.10 WIB. Sesi ini menjadi kesempatan terakhir para pembalap untuk mempersiapkan motor sebelum memasuki kualifikasi. Kualifikasi MotoGP kemudian berlangsung mulai 15.50 WIB, terbagi ke dalam Q1 dan Q2. Sesi ini akan menentukan posisi start untuk Sprint dan balapan utama. Puncaknya, Sprint MotoGP San Marino digelar pukul 20.00 WIB. Balapan tersebut berlangsung selama 13 lap. Berikut jadwal MotoGP San Marino 2026 hari ini - 13.40-14.10 WIB - Moto3 Free Practice Nr. 2 - 14.25-14.55 WIB - Moto2 Free Practice Nr. 2 - 15.10-15.40 WIB - MotoGP Free Practice Nr. 2 - 15.50-16.05 WIB - MotoGP Qualifying Nr. 1 - 16.15-16.30 WIB - MotoGP Qualifying Nr. 2 - 17.45-18.00 WIB - Moto3 Qualifying Nr. 1 - 18.10-18.25 WIB - Moto3 Qualifying Nr. 2 - 18.40-18.55 WIB - Moto2 Qualifying Nr. 1 - 19.05-19.20 WIB - Moto2 Qualifying Nr. 2 - 20.00 WIB - MotoGP Sprint - 13 lap Anda menyukai artikel ini Artikel disimpan",sport,https://sport.detik.com/moto-gp/d-8659447/jadwal-motogp-san-marino-hari-ini-sore-kualifikasi-malamnya-sprint-race
69,"Wujud Livery Simoncelli yang Akan Dipakai Gresini di MotoGP San Marino Gresini Racing akan menggunakan livery khusus untuk mengenang mendiang Marco Simoncelli dalam balapan MotoGP San Marino 2026 akhir pekan ini. Simoncelli memulai debut MotoGP bersama Gresini pada 2010 dan terus di sana sampai wafat pada usia 24 tahun akibat kecelakaan di MotoGP Malaysia pada 2011. Ia sukses mencatat dua podium dan dua pole position. Selama periode itu, citra Simoncelli lekat dengan motor dengan livery putih bercorak merah. Kombinasi warna tersebut menyesuaikan dengan sponsor saat itu, San Carlo. Livery tersebut akan kembali dipakai oleh Gresini saat berlaga di MotoGP San Marino akhir pekan ini, yang digelar di Misano World Circuit Marco Simoncelli. Sejak 2012, nama trek ini diubah untuk menghormati sang rider yang juga lahir dan besar di Rimini. Penggunaan livery ini juga menjadi bagian dari perayaan 30 tahun Gresini Racing berkiprah di ajang balap motor prototipe ini, yang pertama kali terjun di kelas 500cc pada musim 1997. ""Hari Minggu nanti, fairing motor Alex Marquez dan Fermin Aldeguer akan memberikan penghormatan penuh kepada mesin yang menemani Marco Simoncelli selama kariernya yang begitu singkat di MotoGP,"" bunyi pernyataan Gresini Racing, dikutip Crash. Dalam perilisan livery ini, Paolo Simoncelli yang merupakan ayah Marco juga turut hadir. Sesuai pengumuman tim, livery ini belum tampak pada sesi latihan pada Jumat (11/9). Alex dan Aldeguer masih mengendarai motor dengan livery biru muda yang menjadi ciri khas Gresini Racing di beberapa musim terakhir. (adp/pur) Anda menyukai artikel ini Artikel disimpan",sport,https://sport.detik.com/moto-gp/d-8659329/wujud-livery-simoncelli-yang-akan-dipakai-gresini-di-motogp-san-marino
70,"Berbeda dengan Aragon, Marquez Rasakan Kesulitan di Misano Marc Marquez mengaku sedikit kesulitan saat menjalani latihan di hari pertama MotoGP San Marino 2026. Padahal ia hanya kalah dari Marco Bezzecchi dan sukses lolos langsung ke sesi kualifikasi kedua (Q2). Pada latihan bebas di Sirkuit Misano pada Jumat (11/9), Marquez berhasil menjadi yang tercepat. Pada sesi practice beberapa jam berselang, ia finis kedua dengan selisih 0,103 detik saja di belakang Bezzecchi. Meski begitu, ia belum merasa nyaman seperti saat membalap di Aragon pekan lalu. Saat itu, ia berhasil meraih kemenangan ganda di sprint race dan balapan utama. ""Memang benar pada akhirnya saya finis di posisi kedua (saat practice), tapi situasinya tak seperti di Aragon, saat saya selalu berada di tiga besar sepanjang sesi latihan,"" ujar Marc Marquez, dikutip Crash. ""Memang benar saya mencatatkan waktu yang kompetitif dalam putaran cepat. Namun, seperti yang kita lihat, persaingan sangat ketat dan sesi kualifikasi besok akan menjadi sangat krusial."" ""Sebab, jika melakukan sedikit saja kesalahan, Anda bisa saja harus memulai balapan dari baris kedua atau bahkan ketiga, dan inilah masalah terbesar di MotoGP saat ini."" ""Misano adalah salah satu sirkuit tempat kekuatan antar-tim lebih seimbang. Seperti yang terlihat dari catatan waktu, Aprilia tampil kuat di tikungan cepat, sedangkan Ducati unggul di tikungan tipe stop-and-go,"" tegasnya. (adp/bay) Anda menyukai artikel ini Artikel disimpan",sport,https://sport.detik.com/moto-gp/d-8659328/berbeda-dengan-aragon-marquez-rasakan-kesulitan-di-misano
71,"Ducati Akan Dukung Total Bagnaia Sampai Akhir Musim Ducati menegaskan akan terus memberikan dukungan optimal kepada Francesco Bagnaia hingga akhir musim MotoGP 2026 di tengah performa labil pebalap asal Italia itu. Sudah hampir setahun berlalu sejak terakhir kali Bagnaia meraih kemenangan di balapan utama MotoGP, tepatnya di Sirkuit Motegi. Musim ini, capaian terbaiknya hanyalah finis ketiga sebanyak empat kali. Bagnaia juga tercatat retired sebanyak enam kali, termasuk crash dalam dua seri terakhir di Silverstone dan Aragon. Kondisi tersebut turut berdampak kepada kepercayaan dirinya saat mengendarai Desmosedici GP26. Hal itu diperparah dengan hasil latihan di MotoGP San Marino 2026. Ia hanya berada di urutan 19 dari 21 rider dan harus menjalani Q1 untuk kali keempat secara beruntun, tepatnya sejak MotoGP Jerman pada Juli lalu. Pencapaiannya sejauh ini di musim 2026 amat kontras dengan rekan setimnya, Marc Marquez. Juara bertahan MotoGP itu sudah menang empat kali musim ini meski masih memiliki masalah di bahunya. Dalam jumpa pers pada Kamis (10/9), Bagnaia menilai Ducati akan lebih dominan seandainya turun dengan GP24 musim ini. Motor tersebut memberinya 10 kemenangan dalam semusim di tahun 2024, yang merupakan torehan terbaiknya. Menanggapi komentar itu, bos Ducati Davide Tardozzi menegaskan komitmen pihaknya untuk terus memperbaiki kondisi Bagnaia, sekalipun ia akan pindah ke Aprilia tahun depan. ""Saya pikir Pecco (panggilan Bagnaia) punya opininya sendiri, namun setelah musim 2024 kami berhasil menjadi juara pada 2025,"" ujar Tardozzi pada Jumat (11/9), dikutip Crash. ""Namun, maksud saya, Pecco masih menginginkan rasa percaya diri yang dulu diberikan oleh motor lamanya, dan sayangnya dia belum menemukannya pada motor baru ini."" ""Bagaimanapun, kami berusaha keras untuk mengembalikan sensasi tersebut kepadanya, terutama terkait bagian depan motor dan kecepatan saat menikung."" ""Tapi sejauh ini, tampaknya kami belum berhasil mewujudkannya. Kami sedang berupaya mengembalikan rasa itu untuknya, khususnya di Misano, tempat kami tahu dia sangat cepat."" ""Yang pasti, tidak ada masalah kepercayaan antara Ducati dan Pecco, baik dari sisi kami maupun dirinya. Saya mengetahuinya karena saya berbicara dengannya setiap hari, dan saya tahu tidak ada masalah di antara kami."" ""Dia sangat paham bahwa kami berusaha keras untuk membantunya, dan dia juga sangat paham bahwa kami akan terus berjuang bersamanya hingga lap terakhir di balapan terakhir,"" tegas Tardozzi. Anda menyukai artikel ini Artikel disimpan",sport,https://sport.detik.com/moto-gp/d-8659326/ducati-akan-dukung-total-bagnaia-sampai-akhir-musim
72,"Antasyafi Robby Raih Emas di World Climbing Series Guiyang Antasyafi Robby Al Hilmi meraih medali emas speed perorangan putra dalam World Climbing Series Guiyang. Robby untuk pertama kali dapat emas di World Climbing Series. Final perebutan emas pada nomor speed perorangan putra World Climbing Series di Guiyang, China, berlangsung Jumat (11/9/2026). Atlet panjang tebing Indonesia, Antasyafi Robby Al Hilmi bersaing dengan dua wakil tuan rumah Yongzhi Ling dan Shouhong Chu serta atlet Jepang Ryo Omasa. Robby mampu jadi yang tercepat di final dengan catatan waktu 4,65 detik. Peringkat kedua diduduki Yongzhi Ling dengan catatan waktu 4,75 detik. Shouhong Chu menduduki peringkat ketiga dengan catatan waktu 4,80 detik, sedangkan Ryo Omasa harus puas di posisi keempat dengan torehan waktu 4,99 detik. Medali emas ini merupakan medali emas pertama Robby dalam World Climbing Series. Selain itu, torehan di Guiyang juga membuat Robby memecahkan catatan waktu pribadi terbaiknya di babak final. Robby sangat senang bisa meraih medali emas pertamanya di World Climbing Series. Ia mengaku prestasi ini berkat dukungan dari banyak pihak. ""Saya senang karena ini emas pertama saya di World Climbing Series. Ini berkat dukungan semuanya dan latihan bersama teman-teman atlet di Indonesia,"" ujar Robby dalam rilis yang diterima detikSport. Ia pun mempersembahkan kemenangan ini untuk seluruh rakyat Indonesia dan ibunda tercinta. ""Ibu, akhirnya aku emas!"" Ungkapnya. Head Coach Galar Pandu Asmoro berharap keberhasilan Robby di nomor speed perorangan menular ke nomor speed relay. Ia ingin Indonesia menambah emas di ajang ini. ""Kami berharap akan ada medali lagi yang didapat dari nomor relay,"" ujar Pandu Asmoro. Wakil Indonesia lainnya di nomor putra Raharjati Nursamsa harus terhenti di babak semifinal. Di sektor putri, Rajiah Sallsabillah terhenti di semifinal. Sementara, Adi Asih dan Berthdigna Devi Surya mentok di perempatfinal. Anda menyukai artikel ini Artikel disimpan",sport,https://sport.detik.com/sport-lain/d-8659280/antasyafi-robby-raih-emas-di-world-climbing-series-guiyang
73,"Ganggu Bastianini, Morbidelli Diganjar Long Lap Penalty Pebalap VR46 Racing Team Franco Morbidelli harus menjalani hukuman long lap penalty dalam balapan MotoGP San Marino 2026 akhir pekan ini menyusul pelanggaran yang ia lakukan dalam sesi practice. Dilaporkan oleh Crash, Morbidelli dinyatakan bersalah karena telah berkendara terlalu lambat hingga mengganggu Enea Bastianini di tikungan 13 pada awal sesi yang berlangsung di Sirkuit Misano, Jumat (11/9). Stewards MotoGP menegaskan aksi Morbidelli masuk kategori ""dangerous slow riding."" Mengingat ia telah beberapa kali melakukan pelanggaran pada musim 2026, maka long lap penalty adalah ""hukuman yang tepat."" Penalti ini akan diterapkan dalam balapan utama pada hari Minggu (13/9) nanti. Ia sendiri mengakhiri sesi practice di posisi lima dan berhak lolos langsung ke sesi kualifikasi kedua (Q2). MotoGP San Marino 2026 akan menjadi balapan kandang terakhir Morbidelli di kelas primer. Musim depan, ia akan pindah ke ajang World Superbike karena untuk bertukar posisi dengan Nicolo Bulega yang saat ini berlaga di ajang balap motor produksi massal itu. Sebelum penalti ini diumumkan, Morbidelli sempat mengungkapkan optimismenya menatap balapan akhir pekan ini. ""Sensasi saya saat mengendarai motor terasa seperti biasanya,"" ujar murid Valentino Rossi itu. ""Ini adalah sirkuit kandang, jadi saya sangat mengenal Misano dengan baik; karena itu, saya berusaha memberikan usaha lebih,"" tegasnya. (adp/pur) Anda menyukai artikel ini Artikel disimpan",sport,https://sport.detik.com/moto-gp/d-8659283/ganggu-bastianini-morbidelli-diganjar-long-lap-penalty
74,"Tentang Pegokar Abraham Benedict, Wakil RI di Kejuaraan Dunia Indonesia punya wakil di kejuaraan dunia karting bulan depan. Mari berkenalan dengan sosok Abraham Benedict. Abraham memang terbilang baru di pentas gokart nasional. Remaja kelahiran Jakarta, 28 Desember 2011 ini, mulai mengenal gokart nasional sejak Januari 2025 bersama TKM Racing Team. Sebelumnya Abrahham hanya bermain gokart di Gokart Avenue, di kawasan Lebak Bulus, Jakarta Selatan. Dilatih mantan pembalap Formula 4 Asia, Keanon Santoso, Abraham terus melangkah di pentas kejuaraan gokart nasional 2025. Tampil setahun pada persaingan nasaional, Abraham ternyata dilirik tim Dewa United Motosport dan bergabung dengan tim itu mulai Januari 2026. Performanya pun terbilang menjanjikan. Sepanjang enam Round yang dijalani sejak awal musim 2026 hingga seri penutup Eshark Rok Cup pada 6 September, Abraham konsisten naik podium di kelas Junior newbie maupun non-seeded. Puncaknya ketika dia meraih posisi keempat di balapan final A. Tapi, konsistensinya mengumpul poin demi poin lewat podium kelas Junior yang ia raih sejak putaran awal membuat nama pelajar kelas 9 Sekolah Pelita Harapan Kemang Village finis runner-up klasemen akhir National Championship Eshark Rok Cup 2026. Ketetapan di Eshark Rok Cup adalah memberangkatkan pebalap juara dan runner-up National Championship untuk kelas Junior dan Senior membuat Abraham sontak bergirang bukan main. Sebab dia akan tampil di Rok Cup Superfinal 2026, 13-17 Oktober di Sirkuit South Garda, Lonato, Italia. Ini kali petama Abraham tampil di ajang kelas dunia. Oleh karenanya putra pertama dari Asyma Sianipar-Novri Rozzak ini langsung melakukan persiapan dengan rutin fitness untuk menjaga fisik dan dua kali sepekan berlatih di Sirkuit Karting International Sentul. Abraham sudah melihat beberapa video pertandingan gokart superfinal sejak tahun-tahun lalu dan tahu persis persaingan nantinya sangat ketat. Pasalnya di ajang Rok Cup Superfinal nanti akan mempertemukan juara-juara nasional dari puluhan negara di dunia. ""Seru kalau melihat persaingannya. Saya terus berlatih tapi tidak mau terlalu tinggi berharap. Terpenting bisa masuk final sudah sangat bersyukur. Selanjutnya, mohon didoakan saja,"" ucap Abraham kepada media, Jumat 11 September 2026. Rencananya Abraham dan seluruh tim Indonesia akan terbang ke Italia awal Oktober agar lebih punya banyak waktu untuk beradaptasi. Ibunda Abraham, Azyma, mengaku kagum dengan prestasi putra sulungnya. Terlebih, gokart benar-benar merubah karakter putranya. ""Abraham itu sangat pemalu. Tapi, syukur ya gokart dan lingkungannya merubah karakternya. Ia mau berbicara banyak dengan orang lain dan dia juga bisa me-manage emosinya dengan baik. Saya bersyukur sekali dengan itu semua, apalagi dia malah berprestasi, berkat banget buat kami,"" tutur Asyma. Anda menyukai artikel ini Artikel disimpan",sport,https://sport.detik.com/sport-lain/d-8659274/tentang-pegokar-abraham-benedict-wakil-ri-di-kejuaraan-dunia
75,"Indonesia Sports Awards: Kemenpora Beri Penghargaan ke 3 Perusahaan Kemenpora RI memberi penghargaan kepada 3 perusahaan dalam Indonesia Sports Awards. Ketiganya dinilai berkontribusi dalam perkembangan olahraga nasional. Acara Indonesia Sports Summit 2026 diselenggarakan di Jakarta International Convention Centre (JICC), Jumat (11/9). Kemenpora memberi penghargaan Indonesia Sports Awards kategori Sports Industry of the Year 2026 kepada Djarum Foundation, PT Bank Rakyat Indonesia dan PT Indofood Sukses Makmur Tbk. Penghargaan diberikan langsung oleh Menpora RI Erick Thohir. Pemberian penghargaan dari Kemenpora ini dilakukan melalui proses yang panjang dan ketat bersama dewan juri yang kompeten dari lintas disiplin. ""Tidak mungkin dunia olahraga berkembang tanpa dukungan stakeholder yang bersatu membangun olahraga di Indonesia. Di tahun kedua Indonesia Sports Summit perspektifnya kita mendorong industri olahraga dan memasyarakatkan olahraga agar prestasi bisa terus meningkat,"" kata Erick Thohir dalam rilis yang diterima detikSport. ""Kita tidak mungkin bekerja sendiri. Karena olahraga adalah pemersatu bangsa. Apa yang dilakukan penerima penghargaan ini menunjukkan bahwa kontribusi berkelanjutan dapat memberikan dampak luas bagi perkembangan olahraga Indonesia,"" ujarnya. Djarum Foundation sebagai salah satu penerima penghargaan Indonesia Sports Awards berterima kasih kepada Kemenpora RI atas apresiasi yang diberikan. Djarum Foundation merupakan salah satu stakeholder yang memiliki program berkelanjutan dan berdampak terhadap perkembangan industri olahraga nasional, utamanya di bidang bulutangkis dan sepakbola putri. ""Djarum Foundation memulai ini (kontribusi di bidang olahraga) dari hobi yang tidak sengaja yaitu bulutangkis, sampai sekarang sudah 57 tahun. Support dari kami juga membangun Supersoccer Arena untuk mengembangkan sepakbola putri Indonesia, yang menjadi tantangan baru buat kami. Kami harap di kemudian hari Timnas Putri Indonesia mampu berkompetisi di Piala Dunia,"" kata Direktur Djarum Foundation Roberto Hartono. Kontribusi Djarum Foundation telah berlangsung panjang di cabang bulutangkis. Mulai dari pembinaan talenta secara berjenjang melalui Audisi Umum PB Djarum, serta penyelenggaraan kompetisi seperti Sirkuit Nasional, Kejuaraan Nasional, Indonesia Masters dan Indonesia Open. Di cabang sepakbola putri komitmen tersebut diwujudkan melalui MilkLife Soccer Challenge yang sejak pertama kali digelar di Kudus pada 2023 terus berkembang dan kini menjangkau 15 kota di Indonesia. Program ini tidak hanya menghadirkan kompetisi, tetapi juga dilengkapi rangkaian pembinaan seperti Skill Challenge, MilkLife Soccer Extra Training, hingga MilkLife Soccer Challenge All-Stars. Komitmen terhadap pembinaan olahraga usia dini juga dikembangkan melalui MilkLife Archery Challenge, MilkLife Athletics Challenge, serta MilkLife Festival SenengMinton yang memberikan ruang bagi anak-anak untuk mengenal, mencintai, sekaligus mengembangkan potensi mereka di bidang olahraga. Sementara pada jenjang kompetisi yang lebih tinggi, Djarum Foundation turut mendukung dan menghadirkan berbagai kompetisi sepakbola, di antaranya HYDROPLUS Soccer League dan turnamen level internasional, Srikandi Merdeka Cup. Rangkaian tersebut membentuk jalur pembinaan yang lebih berkelanjutan, sehingga talenta yang ditemukan sejak usia dini memiliki kesempatan berkembang melalui jenjang kompetisi berikutnya. Anda menyukai artikel ini Artikel disimpan",sport,https://sport.detik.com/sport-lain/d-8659282/indonesia-sports-awards-kemenpora-beri-penghargaan-ke-3-perusahaan
76,"Kualitas Sektor Putra Meningkat, Perebutan Super Tiket Makin Ketat Audisi Umum PB Djarum 2026 di Kudus berlanjut ke Tahap Turnamen. Pada babak ini, sebanyak 576 atlet yang telah lolos fase screening bersaing sengit guna memperebutkan Super Tiket. Momen ini berlangsung di GOR Djarum, Jumat ((11/9/2026). Pebultangkis muda di sektor putra mengalami peningkatan kualitas sehingga persaingan semakin ketat. ""Dari segi kualitas ada beberapa yang bagus. Selain dari Pulau Jawa, saya juga melihat ada yang dari Kalimantan itu juga bagus. Bagaimana cara dia merespon permainan, misal posisi jatuhnya bola di tengah atau di samping, pengembalian bolanya apakah tetap taktis atau seenaknya,"" kata Tim Pencari Bakat Audisi Umum PB Djarum 2026, Aryono Miranat, dalam keterangan persnya. ""Selain itu, attitude juga penting seperti bagaimana menyikapi hasil misalnya banting raket atau meledek lawan, dan lainnya. Semoga kami bisa memantau bibit dan talenta terbaik,"" ucap pria yang dijuluki Coach Naga Air tersebut. Salah satu peserta yang mencuri perhatian adalah Keanu Al Fathir Rahadi. Pebulutangkis KU-12 asal Balikpapan, Kalimantan Timur, tersebut mengawali Tahap Turnamen dengan kemenangan meyakinkan atas Nidan Mauludi Fathan dari Kuningan, Jawa Barat, 21-10, 21-13. ""Saya ingin bergabung dengan PB Djarum karena banyak atletnya yang menjadi juara dunia. Sama pelatih saya bukan cuma dilatih soal teknik tapi saya juga soal kemandirian,"" kata Keanu. Koordinator Atlet Putra Tim Pencari Bakat Audisi Umum PB Djarum 2026, Leonard Holvy de Pauw, berharap para peserta yang menang di Tahap Turnamen pada Jumat (11/9) tidak berpuas diri. Perjuangan bergabung dengan PB Djarum masih sangat panjang. ""Penilaian sebenarnya ada pada saat karantina. Di sana kami bisa melihat kebiasaan mereka yang sebenarnya. Bagaimana mereka hidup di asrama, disiplin, makan dan mengatur waktu istirahat,"" kata Holvy. Anda menyukai artikel ini Artikel disimpan",sport,https://sport.detik.com/raket/d-8659272/kualitas-sektor-putra-meningkat-perebutan-super-tiket-makin-ketat
77,"Men's World Tennis Championship: Nathan Barki Tembus Semifinal Seri V Indonesia masih menjaga asa meraih gelar di Seri V Amman Mineral Men's World Tennis Championship 2026. Sebab, Nathan Barki tembus semifinal. Pada laga perempatfinal seri V ITF World Tennis Tour M-15, lapangan D, Bali Beach Country Club, Nusa Dua, Jumat (11/9/2026), Nathan (21 tahun) menghadapi unggulan keenam Isaac Becroft asal Selandia Baru. Bermodal kemenangan atas unggulan teratas, Anthon Sheep, Nathan tancap gas di set pertama untuk memimpin 6-4. Meski demikian, Nathan kehilangan set kedua karena kalah 2-6. Memasuki set penutup, Nathan mengajak Anthon bermain reli-reli panjang yang menguras tenaga. Sebab, Nathan tahu lawannya baru saja mengalahkan Anthony Susanto tiga set sehari sebelumnya. Meski duel berlangsung ketat dan dalam tensi tinggi, strategi Nathan berjalan efektif di mana dengan kondisi lebih bugar serta mental bertanding yang kuat, dia berhasil menyudahi perlawanan Becroft yang berperingkat 679 ATP, dengan skor akhir 7-6 tiebreak 4. ""Kemenangan yang tidak mudah mengingat lawannya adalah petenis tangguh dan merupakan juara seri 4 M-15 pekan lalu. Namun dengan motivasi yang tinggi, fokus di setiap game serta tekad kuat untuk menang, hasilnya pun menggembirakan,"" ujar Nathan dalam rilis kepada detikSport. Pada laga semifinal, Nathan akan bertemu juara tunggal UTR PTT 2026 yaitu Alexander Chang. Petenis kidal Amerika Serikat mengalahkan partnernya di nomor ganda, Pablo Perez Ramos, 6-1 dan 6-0 di laga perempatfinal. Sementara itu di semifinal sektor ganda putra, unggulan kedua sekaligus juara seri 4 M-15, Alexander/Pablo lolos lagi ke final usai menaklukkan Ashwin Ryan Sharma/Ha Minh Duc Vu. Kemenangan dua set langsung 6-1 dan 6-2 dalam tempo relatif singkat 46 menit. Mereka bertemu Isaac Becroft/Reece Flack dari Selandia Baru di laga final besok. Isaac/Reece sendiri lolos ke final usai melewati duel rubber set melawan rekan senegaranya, Nick Beamish/Matthew Shearer 6-4, 3-6 dan super tiebreak 10-4 dalam tempo 1 jam 24 menit. Anda menyukai artikel ini Artikel disimpan",sport,https://sport.detik.com/raket/d-8659109/mens-world-tennis-championship-nathan-barki-tembus-semifinal-seri-v
78,"Hasil Practice MotoGP San Marino 2026: Bezzecchi Gantian Ungguli Marquez Marco Bezzecchi tampil sebagai pebalap tercepat pada sesi practice MotoGP San Marino 2026. Ia menggeser Marc Marquez pada detik-detik terakhir. Sesi Practice MotoGP San Marino 2026 berlangsung di Misano World Circuit Marco Simoncelli, Jumat (11/9/2026) malam WIB. Marco Bezzecchi sejak awal berkutat di posisi atas, bersaing dengan Alex Marquez. Franco Morbidelli sempat merangsek ke dua besar. Mendekati 15 menit terakhir sesi, Fabio Di Giannantonio meluncur dan melintasi garis sebagai pebalap tercepat. Menuju 10 menit terakhir, para pebalap mulai melakukan time attack. Pedro Acosta sempat memimpin, lalu Luca Marini dan Raul Fernandez di posisi 2-3. Marc Marquez yang di sebagian besar sesi di luar lima besar berhasil merebut posisi teratas. Ia mengungguli Bezzecchi saat waktu tersisa delapan menit. Alex Marquez merangsek ke posisi dua menggeser Bezzecchi di menit-menit akhir. Tapi Bezzecchi merespons dan merebut kembali posisi pertama saat sesi tersisa 10 detik! Alhasil Marc Marquez turun ke posisi dua dan Alex di tempat ketiga. Di Giannantonio, Morbidelli, dan Acosta menempati posisi 4-6. Luca Marini, Johann Zarco, Pol Espargaro, dan Jorge Martin melengkapi 10 besar. Hasil Practice MotoGP San Marino 2026 Anda menyukai artikel ini Artikel disimpan",sport,https://sport.detik.com/moto-gp/d-8659103/hasil-practice-motogp-san-marino-2026-bezzecchi-gantian-ungguli-marquez
79,"Asian Games 2026: Timnas Basket RI Kalah Lagi, Kini Ditunggu Arab Saudi Timnas basket putra Indonesia kembali menelan kekalahan di Pool A Asian Games Aichi-Nagoya 2026. Setelah takluk dari Jepang pada laga perdana, Yudha Saputera dkk kini kembali kalah telak, kali ini dari Korea Selatan dengan skor 48-102. Bertanding di Aichi International Arena, Jumat (11/9/2026), Indonesia sejatinya mengawali pertandingan dengan cukup baik. Yudha Saputera dkk sempat memimpin lima angka pada awal kuarter pertama melalui tembakan tiga angka Ali Alhadar dan dua poin dari Lester Prosper. Korea Selatan kemudian mengejar melalui aksi Lee Hyunjung hingga menyamakan kedudukan menjadi 5-5. Setelah itu, permainan berangsur dikuasai Korea Selatan. Korea Selatan menutup kuarter pertama dengan keunggulan 18-10. Memasuki kuarter kedua, Hendrick Yonga membuka perolehan poin Indonesia melalui tembakan dua angka. Korea Selatan membalas lewat tembakan tiga angka Lee Woosuk. Indonesia terus berupaya membangun serangan dan mengejar ketertinggalan. Tapi Korea Selatan mampu mempertahankan keunggulannya hingga akhir kuarter kedua. Indonesia menambah 20 poin pada kuarter kedua, sedangkan Korea Selatan menghasilkan 21 poin. Alhasil, Korea Selatan masih unggul sembilan angka saat memasuki jeda dengan skor 39-30. Korea Selatan Makin Menjauh Indonesia kesulitan mempertahankan momentum pada kuarter ketiga. Perolehan poin skuad Garuda kembali seret, sementara Korea Selatan semakin leluasa mencetak angka. Korea Selatan menghasilkan 31 poin pada kuarter ketiga. Indonesia hanya mampu menambah 11 poin. Jarak kedua tim pun semakin lebar. Korea Selatan menutup kuarter ketiga dengan keunggulan 70-41. Pada kuarter terakhir, Indonesia masih berusaha mengejar. Namun, selisih poin yang terlalu jauh membuat upaya tersebut belum mampu mengubah jalannya pertandingan. Indonesia hanya menambah tujuh poin pada kuarter keempat. Sebaliknya, Korea Selatan mencetak 32 poin, sekaligus menjadi perolehan tertinggi mereka dalam satu kuarter pada pertandingan ini. Korea Selatan akhirnya mengunci kemenangan telak 102-48. Yudha Saputera menjadi salah satu pemain Indonesia yang mencatatkan kontribusi dengan 17 poin dan satu assist. Derrick Michael Xzavierro juga membukukan double-double setelah mencatatkan 12 poin dan 11 rebound. Dua Kali Kalah, Ditunggu Arab Saudi Kekalahan dari Korea Selatan menjadi kekalahan kedua Indonesia di Pool A Asian Games 2026. Pada laga perdana, Indonesia lebih dulu takluk dari tuan rumah Jepang. Yudha Saputera dkk harus mengakui keunggulan Jepang dengan skor 53-98. Dengan demikian, Indonesia belum meraih kemenangan dari dua pertandingan yang sudah dimainkan. Indonesia masih memiliki satu pertandingan tersisa di penyisihan Pool A. Skuad asuhan David Singleton akan menghadapi Arab Saudi pada 13 September 2026. Timnas basket putra Indonesia memiliki waktu rehat sehari untuk memulihkan kondisi sebelum menjalani pertandingan terakhir fase grup. Laga melawan Arab Saudi menjadi kesempatan Indonesia untuk menutup perjalanan di Pool A Asian Games Aichi-Nagoya 2026 dengan hasil positif. Anda menyukai artikel ini Artikel disimpan",sport,https://sport.detik.com/basket/d-8658897/asian-games-2026-timnas-basket-ri-kalah-lagi-kini-ditunggu-arab-saudi
80,"Hasil FP1 MotoGP San Marino 2026: Marc Marquez Tercepat, Ungguli Bezzecchi! Marc Marquez langsung unjuk kecepatan pada sesi latihan bebas pertama (Free Practice 1) MotoGP San Marino 2026. Marquez menjadi yang tercepat di FP1 Misano, dibuntuti Marco Bezzecchi dengan selisih hanya 0,060 detik. Marquez mencatatkan waktu 1 menit 31,468 detik pada sesi yang berlangsung di Misano World Circuit Marco Simoncelli, Jumat (11/9/2026) sore WIB. Catatan tersebut dibuat pada lap terakhirnya menggunakan ban depan soft bekas dan ban belakang medium. Bezzecchi menempel ketat di posisi kedua. Rider tuan rumah itu mencatat waktu 1 menit 31,528 detik atau hanya 0,060 detik lebih lambat dari Marquez. Ia menggunakan ban medium baik di bagian depan maupun belakang. Posisi ketiga ditempati Raul Fernandez dari Trackhouse Aprilia. Ia terpaut 0,133 detik dari Marquez dan juga menggunakan kombinasi ban medium depan-belakang. Jack Miller mengalami awal akhir pekan dengan buruk. Rider Pramac Yamaha itu terjatuh setelah menyentuh rem depan di Tikungan 4 ketika baru menjalani lap keluar. Pedro Acosta juga mengalami insiden. Rider KTM tersebut terjatuh di Tikungan 1, tetapi tetap mampu menempati posisi keenam pada akhir sesi. Hasil FP1 MotoGP San Marino 2026 Anda menyukai artikel ini Artikel disimpan",sport,https://sport.detik.com/moto-gp/d-8658785/hasil-fp1-motogp-san-marino-2026-marc-marquez-tercepat-ungguli-bezzecchi
81,"Asian Games 2026: Amri/Nita Tak Terbebani Jadi Tumpuan Ganda Campuran Amri Syahnawi/Nita Violina Marwah jadi ujung tombak ganda campuran di Asian Games 2026. Meski demikian, Amri/Nita tak merasa terbebani. Amri/Nita menjadi satu-satunya ganda campuran murni yang akan diturunkan di cabang bulutangkis Asian Games Aichi-Nagoya pada 19 September hingga 4 Oktober mendatang.Pasangan lainnya, Nikolaus Joaquin/Siti Fadia Silva Ramadhanti, merupakan pemain 'cabutan' dari ganda putra dan ganda putri. Selain itu, Amri/Nita juga merupakan wakil Indonesia dengan hasil terbaik di Kejuaraan Dunia Bulutangkis 2026 lalu. Mereka finis sebagai semifinalis dan meraih medali perunggu. ""Kalau saya pribadi beban tak ada. Saya lebih menikmati karena sejauh ini jadi andalan atau tak jadi andalan, kami latihan tetap sama, persiapan juga sama. Mungkin lebih ke ujung tombaknya jadi ke kita, kalau saya lebih menikmati lah,"" kata Amri saat ditemui di Pelatnas PBSI, Cipayung. ""Maksudnya, itu kan satu kebanggaan juga buat kami. Tapi enggak mau yang terlalu berpikir jauh. Kami mau fokus di persiapan, menikmati pertandingannya, dan jalani harinya semaksimal mungkin,"" tambahnya. ""Tentunya (hasil di Kejuaraan Dunia) besar banget karena itu modal utama kami untuk Asian Games. Ya menambah percaya diri lah, jadi merasa bisa bersaing, dan kami tak cukup segitu saja. Kami mau naik untuk ke level berikutnya,"" ujar Nita menimpali. Amri/Nita memang mengaku jauh lebih intens dalam menjalani latihan. Mereka merasa ada banyak perubahan signifikandi bawah asuhan Nova Widianto. ""Dia banyak detail-detailnya dan memaksa kami untuk naikin speed, fokusnya. Saya pribadi, kami, masuk dengan program Coach Nova,"" ujar Nita. ""Latihannya jadi berasa latihan. Kami juga jadi lebih mengerti mainnya bagaimana. Polanya harus seperti apa, Kak Amri harus mukul begini, aku gimana. Jadi sekarang kami berdua take and give-nya lebih dapat,"" dia melanjutkan. Amri menyebut kembalinya Coach Nova juga mengubah pola latihan ganda campuran menjadi lebih murni. ""Mudah-mudahan ini kesempatan juga dengan sudah baliknya Coach Nova ke sini, kan mixed murni ya. Jadi polanya agak berubah dari yang sebelumnya sama sekarang. Jadi murni di latihan mixed itu pemain putra seperti ini, putrinya seperti ini. Sebagai pasangan juga harus saling mengisi dan komunikasinya harus bagus lah,"" ujar Amri. Tak hanya itu, Amri/Nita juga ingin memanfaatkan momen ini untuk kebangkitan ganda campuran Indonesia. ""Ini kesempatan bagi kami, karena tak semua kesempatan dapat ini. Apalagi mixed double yang murni cuma kami, yang lain dari ganda putri dan ganda putra. Ya kesempatan ini coba kami maksimalkan,"" tegas Amri. (mcy/nds) Anda menyukai artikel ini Artikel disimpan",sport,https://sport.detik.com/raket/d-8658287/asian-games-2026-amri-nita-tak-terbebani-jadi-tumpuan-ganda-campuran
82,"Bonus Asian Games Rp 3 Miliar, Amri/Nita: Jadi Motivasi, tapi Bukan Utama Presiden RI Prabowo Subianto mengugkap bonus emas Asian Games 2026 sebesar Rp 3 miliar. Amri Syahnawi/Nita Violina Marwah menganggapnya sebagai suntikan motivasi. Asian Games berlangsung di Aichi-Nagoya, 19 September hingga 4 Oktober 2026. Menatap ajang itu, kontingen Indonesia yang berjumlah 430 atlet dari 35 cabang olahraga telah resmi dilepas oleh Presiden Prabowo di Istana Negara pada Kamis (9/9). Tak hanya melepas dan memberi pengarahan, pada momen tersebut, Presiden juga menjanjikan bonus besar bagia peraih medali emas. Rp3 miliar bagi yang berhasil menjadi juara. Jumlah ini naik dua kali lipat dari bonus edisi sebelumnya di Hangzhou 2023. Peraih emas perorangan mendapatkan bonus Rp1.575.000.000. Amri menanggapi kenaikan angka penghargaan yang diberikan kepada atlet peraih emas Asian Games 2026. ""Kalau rasanya pasti senang lah, termotivasi lah (mendengar soal bonus itu),"" kata Amri saat ditemui di Pelatnas PBSI, Cipayung. ""Tapi tujuan utamanya bukan itu. Itu kan sesuatu yang didapat setelah hasil. Ya kami fokusnya pasti main bagus, prestasi kami bisa dapat medali di Asian Games ini,"" lanjutnya. Alih-alih memikirkan bonus, Amri/Nita ingin memaksimalkan kesempatan yang diberikan oleh pelatih dan pengurus di Asian Games pertama mereka ini. Multievent ini juga jadi pembuktian mereka untuk terus naik level. ""Ini kesempatan bagi kami, karena tak semua kesempatan dapat ini. Apalagi mix double yang murni cuma kami, yang lain dari ganda putri dan ganda putra. Ya kesempatan ini coba kami maksimalkan,"" kata Amri. ""Saya rasa latihannya sudah luar biasa, dari program, intensitas latihan, dan kami berdua juga saling, serta suasana di latihan pengaruh banget. Mudah-mudahan bisa bawa pulang medali."" ""Balik lagi kalau bonus biar nanti. Menyusul lah,"" pungkasnya. (mcy/cas) Anda menyukai artikel ini Artikel disimpan",sport,https://sport.detik.com/raket/d-8658280/bonus-asian-games-rp-3-miliar-amri-nita-jadi-motivasi-tapi-bukan-utama
83,"Tebak Podium GP San Marino di Bold Riders Podium Picks, Hadiah Menanti Persaingan MotoGP 2026 kembali berlanjut ke GP San Marino. Selain menyaksikan aksi para rider di lintasan, detikers juga bisa ikut menguji ketepatan prediksi lewat Bold Riders Podium Picks. Bold Riders Podium Picks merupakan kompetisi kolaborasi Bold Rider dengan detikcom yang mengajak para pencinta MotoGP menebak tiga rider yang akan finis di posisi 1, 2, dan 3 pada setiap race. Menariknya, keseruan Bold Riders Podium Picks tak hanya berlangsung di satu seri balapan. Setiap prediksi yang dikirim peserta akan dihitung sebagai poin dan diakumulasikan sepanjang musim MotoGP 2026. Dengan begitu, konsistensi dan ketepatan prediksi di setiap seri menjadi kunci untuk memperbesar peluang bersaing di posisi teratas hingga akhir musim. Kompetisi ini dibuka mulai tanggal 11 hingga 13 September 2026, bertepatan dengan rangkaian GP San Marino. Seluruh peserta dapat menyalurkan prediksinya melalui microsite khusus yang tersedia di detikcom. Cara Mengikuti Bold Riders Podium Picks Cara mengikutinya cukup mudah. Berikut langkah-langkah yang perlu dilakukan: Login menggunakan akun Connect detikcom. Masuk ke microsite detik.com/boldriderspodiumpicks. Pilih tiga rider yang diprediksi finis di posisi pertama, kedua, dan ketiga. Kirim prediksi sebelum race dimulai. Setiap seri akan menghasilkan poin yang terus diakumulasikan hingga akhir musim MotoGP 2026. Semakin akurat prediksimu, semakin besar peluang menjadi pemuncak klasemen. Hadiah Tiap Race dan Grand Price Dua peserta dengan poin tertinggi dan waktu submit tercepat akan mendapatkan voucher masing-masing senilai Rp250.000. Sementara di akhir musim, peserta dengan akumulasi poin tertinggi berhak membawa pulang grand prize, yaitu: Juara 1: Yamaha Aerox 155. Juara 2: Samsung Galaxy A26 5G. Juara 3: Samsung Galaxy A17. Jadi, jangan lewatkan keseruan GP San Marino dan buktikan seberapa jitu prediksimu. Segera ikuti Bold Riders Podium Picks, kumpulkan poin di setiap seri, dan jadilah yang teratas untuk membawa pulang hadiah menarik di akhir musim MotoGP 2026. Anda menyukai artikel ini Artikel disimpan",sport,https://sport.detik.com/moto-gp/d-8658163/tebak-podium-gp-san-marino-di-bold-riders-podium-picks-hadiah-menanti
84,"Throttle LAnd 2026 Satukan Komunitas Motor Lintas Genre di Jakarta Lebih dari 100 komunitas motor dari tujuh genre roda dua berkumpul dalam penyelenggaraan perdana Throttle LAnd 2026 di The Terrace Jakarta, Gatot Subroto, Sabtu (29/8/2026). Berbagai tipe kendaraan mulai dari sport, classic, custom, adventure, supermoto, skutik, hingga motor listrik hadir di satu ruang yang sama. Lewat format cross-genre moto festival, Throttle LAnd mempertemukan komunitas dengan karakter, gaya, dan kultur berbeda yang selama ini lebih banyak bergerak dalam ekosistemnya masing-masing. ""Throttle LAnd kami buat sebagai ruang untuk mempertemukan berbagai genre dan komunitas motor tanpa menghilangkan karakter masing-masing. Yang menarik, ketika semuanya berada di satu tempat, perbedaan justru menjadi sesuatu yang bisa dinikmati bersama. Ada ruang untuk saling mengenal, berbagi passion, dan melihat kultur motor dari perspektif yang berbeda,"" ujar Project Director Throttle LAnd 2026, Adam Hadziq dalam keterangan tertulis, Kamis (10/9/2026). Rolling Wheels Jadi Awal Pertemuan Para Riders Pertemuan lintas komunitas sudah dimulai sebelum acara berlangsung di lokasi. Lebih dari 200 motor mengikuti kegiatan Rolling Wheels, yaitu riding bersama dari Taman Mataram menuju The Terrace Jakarta. Komunitas tidak hanya hadir sebagai peserta, tetapi perwakilan komunitas ikut mengambil bagian sebagai captain dalam Rolling Wheels, mengisi The Meet-Up Island, hingga menjalankan community games yang mempertemukan para riders. Interaksi lintas genre kemudian berlanjut melalui Moto & Street Market, Live Painting Helmet, serta berbagai aktivitas yang menghubungkan kultur motor dengan fashion, seni, musik, dan gaya hidup. Motor Jadi Ekspresi Gaya dan Identitas Riders Eksplorasi kultur motor juga hadir melalui Motor Gue, Gaya Gue dan Throttles Orchestra. Lewat Motor Gue, Gaya Gue, para riders membawa karakter personal ke runway bersama motor masing-masing. Riding gear, street style, casual look, hingga gaya khas tiap rider menunjukkan hubungan antara motor dan identitas pemiliknya. Sementara itu, Throttles Orchestra mempertemukan perwakilan berbagai komunitas dalam pertunjukan yang menggunakan suara throttle motor mengikuti alunan Jingle Throttle LAnd. Deru mesin dari berbagai jenis motor dimainkan bersama menjadi satu komposisi. 52 Chapter Bold Riders Hadir dari Berbagai Daerah Sebagai salah satu pendukung acara, Bold Riders turut mengajak chapter-chapternya dari berbagai daerah untuk hadir. Sebanyak 52 chapter Bold Riders hadir dari berbagai wilayah, mulai dari Jakarta, Bekasi, Bogor, Yogyakarta, Malang, Padang, Pontianak, Samarinda, hingga Makassar. ""Responsnya luar biasa. Banyak yang datang dari luar Jakarta, bahkan menempuh perjalanan dengan motor dari kota asal mereka. Buat kami, ini menunjukkan kuatnya semangat brotherhood di antara para riders. Kami berharap Throttle LAnd tidak hanya menjadi ruang bertemunya kultur motor di Jakarta, tetapi juga dapat berkembang menjadi ruang yang mempertemukan komunitas dari berbagai daerah di Indonesia,"" ujar Brand Communications Bold Riders, Matthew Raynaldi. Dari jumlah tersebut, 27 chapter dengan total 165 riders dari luar Jakarta menempuh perjalanan menggunakan motor menuju ibu kota. Mereka datang antara lain dari Karawang, Serang, Sukabumi, Bandung, Cirebon, Garut, Tasikmalaya, Madiun, hingga Jambi. Semangat lintas genre turut diterjemahkan melalui pilihan hiburan. Panggung Throttle LAnd diramaikan oleh Teenage Death Star Full Squad with Vincent Rompies, Orkes Nunung CS, Ten Holes feat. Nuwie Fourtwnty, The Diegos, Adella Johana, Bottom Bunkk, hingga NTRL. Dua unit motor diberikan sebagai Grand Prize. Polytron EV FOX200 dibawa pulang oleh Eko Frastianto dari Bold Riders Chapter Jambi, sedangkan Scorpio Custom Scrambler dimenangkan oleh Baba Gila Gimmic dari komunitas Classic. Acara ditutup dengan Night Riding menyusuri jalan protokol ibu kota usai seluruh program di venue berakhir. Penyelenggaraan perdana Throttle LAnd 2026 ini didukung oleh Bold Riders, Polytron EV, IPONE, Dainese, Kawasaki, KYB, Aspira Premio, dan Mine Helm bersama seluruh komunitas, riders, musisi, kreator, serta tenant yang terlibat. FAQ Apa yang membuat Throttle LAnd 2026 berbeda dari festival motor lainnya? Throttle LAnd 2026 menggunakan format cross-genre moto festival yang mempertemukan lebih dari 100 komunitas motor dari tujuh genre, yaitu sport, classic, custom, adventure, supermoto, skutik, dan motor listrik. Apa saja kegiatan yang bisa diikuti komunitas di Throttle LAnd 2026? Komunitas dapat mengikuti berbagai aktivitas, mulai dari Rolling Wheels, The Meet-Up Island, community games, Moto & Street Market, Live Painting Helmet, hingga kegiatan yang memadukan kultur motor dengan fashion, seni, musik, dan gaya hidup. Apa itu Rolling Wheels di Throttle LAnd 2026? Rolling Wheels merupakan kegiatan riding bersama yang menjadi awal pertemuan para komunitas. Lebih dari 200 motor mengikuti perjalanan dari Taman Mataram menuju The Terrace Jakarta, dengan perwakilan komunitas turut menjadi captain. Apa yang menarik dari Throttles Orchestra? Throttles Orchestra mempertemukan perwakilan berbagai komunitas dalam sebuah pertunjukan yang menggunakan suara throttle motor sebagai bagian dari komposisi musik. Deru mesin dari berbagai jenis motor dimainkan mengikuti alunan Jingle Throttle LAnd. Berapa banyak chapter Bold Riders yang hadir di Throttle LAnd 2026? Sebanyak 52 chapter Bold Riders dari berbagai daerah hadir dalam Throttle LAnd 2026. Dari jumlah tersebut, 27 chapter dengan total 165 riders datang dari luar Jakarta menggunakan motor, di antaranya dari Karawang, Serang, Sukabumi, Bandung, Cirebon, Garut, Tasikmalaya, Madiun, hingga Jambi. Anda menyukai artikel ini Artikel disimpan",sport,https://sport.detik.com/moto-gp/d-8657958/throttle-land-2026-satukan-komunitas-motor-lintas-genre-di-jakarta
85,"Acosta: Marc Marquez Seharusnya Juara Dunia MotoGP 2026 Rider KTM Pedro Acosta yakin betul Marc Marquez akan merebut titel juara dunia MotoGP 2026. Marquez punya beberapa keunggulan dibandingkan rival-rivalnya. Marquez kembali dalam persaingan titel juara melawan duo Aprilia: Marco Bezzecchi dan Jorge Martin. Sempat tercecer 90 poin, pebalap Ducati itu kini hanya tertinggal 19 poin dari Martin dan mengungguli Bezzecchi lima poin di klasemen. Kejuaraan kini tinggal sembilan seri, yang dimulai dari MotoGP San Marino 2026 pada akhir pekan ini. Marquez diprediksi akan tangguh di Misano, mengingat dia adalah pemenang terbanyak termasuk dua edisi terakhir. Acosta memprediksi Marc Marquez akan merengkuh titel juara dunia kesepuluh. Pasalnya, Marquez tangguh di sebagian besar seri yang tersisa, dan unggul pengalaman daripada duo Aprilia. ""Masalahnya adalah, Marc telah memperoleh banyak sekali angka sehingga dia sudah membangun banyak momentum di musim ini,"" kata pebalap berusia 22 tahun itu dilansir Motorsport. ""Ada sirkuit-sirkuit di depan yang sangat cocok dengan dia."" ""Terlepas dari Indonesia, kurasa tidak ada satu sirkuit pun yang tidak dia menangi. Dari seluruh balapan yang tersisa, hanya itu dan Portimao yang bisa berjalan buruk buat dia: kurasa dia belum pernah finis di sana."" ""Dan bahkan seandainya mereka tidak menghapus Qatar dari kalender, dia telah membangun banyak sekali momentum dan di hari yang buruk, dia masih mendapatkan angka di manapun,"" sambung El Tiburron. ""Di saat Marc harus mendesak, dia akan melakukannya seperti yang dia lakukan di tikungan pertama di Aragon. Jadi, kurasa ini akan jadi persaingan ketat sampai balapan terakhir, tapi Marc itu kan pebalap yang punya pengalaman terbanyak. Dia seharusnya memenangi kejuaraa dunia ini,"" Acosta menyimpulkan. Anda menyukai artikel ini Artikel disimpan",sport,https://sport.detik.com/moto-gp/d-8657788/acosta-marc-marquez-seharusnya-juara-dunia-motogp-2026
86,"Turnamen Golf Tak Cuma Ajang Memburu Trofi Golf memang merupakan salah satu cabang olahraga top dunia. Tapi, golf bukan sekadar ajang mencari prestasi, tapi juga mendapatkan cuan lewat bisnis. Dengan tujuan membangun solidaritas dan keakraban dalam suasana kompetitif turnamen golf, Yayasan Global CEO Indonesia menyelenggarakan 10th Anniversary Global CEO Indonesia Golf Tournament 2026 di Royale Jakarta Golf Club pada 10 Oktober. CEO Indonesia Golf tournament 2026 mengusung semangat A Decade of Leadership, Connection, and Collaborations demi memperkuat jejaring strategis antar pemimpin lintas industri melalui semangat sportivitas & Integritas. Turnamen ini menjadi sebuah momentum untuk mengapresiasi perjalanan Global CEO Indonesia dalam membangun ekosistem kepemimpinan yang kolaboratif, sekaligus mempererat hubungan di antara para petinggi asosiasi dari berbagai sektor industri. Lebih dari sekedar sebuah kompetisi olahraga, kegiatan ini juga dirancang sebagai ruang pertemuan yang eksklusif dan konstruktif untuk bertukar wawasan, memperluas jejaring profesional, serta membuka peluang sinergi dan kerjasama yang berkelanjutan. Pemilihan Golf sebagai bagian dari perayaan Satu Dekade Global CEO Indonesia selaras dengan nilai- nilai kepemimpinan, seperti integritas, disiplin, fokus, sportivitas, serta ketepatan dalam mengambil keputusan. Melalui pendekatan tersebut, turnamen ini diharapkan dapat menghadirkan interaksi yang ebih personal dan bermakna di antara pemimpin agar dapat mewujudkan visi dan tujuan utama untuk Indonesia yang lebih baik. ""Sepuluh tahun perjalanan Global CEO Indonesia merupakan pencapaian yang lahir dari kepercayaan, kebersamaan, dan semangat kolaborasi seluruh anggota serta mitra kami. Melalui perayaan ini, kami ingin memperkuat posisi Global CEO Indonesia sebagai ekosistem yang mempertemukan para pemimpin kebijakan dan Pelaku usaha untuk saling terhubung, bertumbuh, dan memberikan kontribusi nyata bagi kemajuan dunia usaha serta perekonomian Indonesia,"" ujar Ketua Umum Global CEO Indonesia, Trisya Suherman, dalam rilis kepada detikSport. Turnamen akan diikuti oleh para CEO, direktur, komisaris, pemilik usaha, serta pemimpin dari berbagai sektor industri. Rangkaian kegiatan dimulai dengan registrasi dan makan siang, dilanjutkan dengan pengarahan peraturan pertandingan, sesi pelepasan peserta, serta shotgun start pada pukul 13.00 WIB. Lalu, ditutup awarding night dan rangkaian perayaan 10 tahun Global CEO Indonesia. Ada total 240 peserta direncanakan akan ikut Global CEO Indonesia Golf Tournament bulan depan. ""Kami mempersiapkan turnamen ini bukan sekadar sebagai ajang olahraga, tetapi sebagai momentum yang menghadirkan pengalaman, manfaat, dan nilai strategis bagi seluruh pihak yang terlibat,"" ujar Kepala Divisi CEO Golf Indonesia Ben Ezra. ""Golf memiliki nilai yang selaras dengan kepemimpinan, yaitu integritas, disiplin, strategi, dan kemampuan mengambil keputusan. Karena itu, kami berharap turnamen ini tidak hanya menghadirkan ajang laga sportifitas yang berkualitas, tetapi juga menjadi medium yang efektif untuk mempererathubungan antar pemimpin dan membuka peluang kolaborasi baru."" Anda menyukai artikel ini Artikel disimpan",sport,https://sport.detik.com/sportstyle/d-8657782/turnamen-golf-tak-cuma-ajang-memburu-trofi
87,"Tekad Kuat Pebulutangkis Muda Putri Berburu Super Tiket Audisi Umum PB Djarum Kudus 2026 sedang berlangsung. Para pebulutangkis muda putri dari berbagai daerah di Indonesia menunjukkan tekad kuat demi meraih Super Tiket. Audisi Umum PB Djarum 2026 Kudus dihelat di GOR Djarum, Jati, pada Rabu (9/9) hingga Minggu (13/9). Tak kurang, sebanyak 1.601 peserta yang berasal dari berbagai penjuru Indonesia mulai dari Sumatera hingga Papua. Persaingan di sektor putri menjadi salah satu perhatian Tim Pencari Bakat. Meski jumlah peserta putri tidak sebanyak sektor putra, kualitas permainan yang ditampilkan dinilai cukup menjanjikan. Legenda PB Djarum sekaligus anggota Tim Pencari Bakat Audisi Umum Bulutangkis 2026, Yuni Kartika, mengatakan timnya harus lebih jeli dalam mengidentifikasi pemain yang memiliki potensi untuk dikembangkan. ""Secara jumlah, atlet putri memang lebih sedikit dibandingkan peserta audisi putra. Maka kami benar-benar harus pintar memperhatikan para atlet yang memiliki potensi. Tapi walaupun jumlahnya sedikit, bukan berarti kualitasnya juga tidak baik,"" ujar Yuni. Menurut Yuni, salah satu hal positif yang terlihat dalam audisi tahun ini adalah kemampuan teknik dasar para peserta yang cukup baik. Selain itu, peserta juga datang dari berbagai daerah sehingga penyebaran bakat di sektor putri terbilang merata. ""Kami melihat satu hal, untuk teknik dasar rata-rata relatif banyak yang sudah baik. Kemudian, penyebaran asal peserta juga cukup merata dan kalau melihat potensi, cukup menggembirakan karena untuk usia paling bawahnya itu (U-11), banyak yang menjanjikan,"" jelasnya. Meski demikian, kemampuan teknis di lapangan bukan menjadi satu-satunya faktor yang akan menentukan masa depan para peserta. Tim Pencari Bakat juga akan melihat berbagai aspek lain dalam proses seleksi berikutnya. Yuni menjelaskan bahwa aspek fisik dan mental akan menjadi bagian penting dalam penilaian ketika para peserta memasuki fase karantina. Hal tersebut diperlukan untuk memastikan atlet yang terpilih memiliki modal lengkap untuk berkembang menjadi pebulutangkis berprestasi. ""Selain permainan di atas lapangan, nantinya akan ada faktor-faktor lain yang akan bisa dinilai saat fase karantina seperti fisik maupun mental,"" tutur Yuni. Anda menyukai artikel ini Artikel disimpan",sport,https://sport.detik.com/raket/d-8657754/tekad-kuat-pebulutangkis-muda-putri-berburu-super-tiket
88,"Alex Rins Pensiun dari Balap Motor Rider Spanyol Alex Rins menolak tawaran berlaga di WSBK setelah kehilangan kursinya di MotoGP. Rins mengungkapkan, dirinya tidak akan balapan motor lagi. Rins dipastikan meninggalkan Yamaha pada akhir musim ini. Pabrikan Jepang itu telah mengumumkan akan menduetkan Jorge Martin dan Ai Ogura, line-up pebalap yang sepenuhnya baru untuk era mesin 850cc mulai 2027. WSBK semula digadang-gadang akan jadi tujuan berikutnya pebalap berusia 30 tahun itu. Namun, Rins menolak sejumlah tawaran dari sana demi mengejar karier barunya yang diyakini balap mobil. ""Aku tidak akan ke Superbike tahun depan,"" ucap Rins dilansir Motorsport. ""Seperti yang sudah kukatakan kepada kalian [media-red] di beberapa balapan lalu, aku memiliki sebuah proyek yang sangat bagus, sangat menarik di dalam benakku yang belum bisa kuungkapkan karena belum 100 persen rampung."" ""Jadi, aku sangat senang. Tadinya sulit untuk memilih karena aku menghabiskan seluruh hidupku di MotoGP, di kejuaraan ini, dengan banyak duel-duel, balapan, dan kemenangan. Kurang lebih selama 14 tahun [di semua kelas]. Jadi, aku akan berhenti dengan roda dua,"" cetus dia. ""Aku tadinya memiliki dua kemungkinan di sana [WSBK]. Aku sangat ingin berterima kasih kepada mereka karena mereka cukup tertarik denganku. Namun, aku menemukan hal yang benar-benar lebih memotivasiku,"" dia menambahkan. Alex Rins memulai kariernya di kejuaraan balap motor pada 2012 di usia 17 tahun. Setelah tiga musim, Rins promosi ke kelas menengah lalu menembus kelas premier pada 2017. Sampai kini, Rins sudah melakoni 157 balapan grand prix MotoGP dengan enam kemenangan dan 18 kali naik podium. Prestasi terbaik Rins adalah sekali finis ketiga pada 2020 bersama Suzuki. Anda menyukai artikel ini Artikel disimpan",sport,https://sport.detik.com/moto-gp/d-8657774/alex-rins-pensiun-dari-balap-motor
89,"Men's World Tennis Championship: Cuma Satu Wakil RI di Perempatfinal Indonesia cuma meloloskan satu wakil di Perempatfinal Seri V Amman Mineral Men's World Tennis Championship 2026. Dia adalah Nathan Barki. Pada ajang ITF World Tennis Tour M-15 yang dogelar di Bali Beach Country Club, Nusa Dua, Kamis (10/9/2026), ada empat wakil Indonesia yang tampil di babak kedua, tiga di nomor tunggal dan satu di ganda putra. Hanya Nathan Barki yang menang saat menghadapi unggulan pertama asal Selandia Baru Anthon Sheep. Nathan bermain cerdik menghadapi peringkat 499 ATP tersebut dan selalu sabar serta cermat dalam penempatan bola untuk meredam serangan Anthon. Nathan menang 6-4 di set pertama dan performa itu dilanjutkan di set kedua. Permainan efektif Nathan bikin Anthon frustrasi dan melakukan kesalahan sehingga kalah 3-6 pada laga berdurasi 1 jam 10 menit. ""Laga yang tidak mudah menghadapi lawan seperti Anthon Shepp yang memiliki servis keras dan permainannya yang agresif. Namun dengan ketenangan dan ketepatan strategi, saya bisa mengalahkan dia,"" ujar Nathan dalam rilis kepada detikSport. Sayangnya, kelolosan Nathan tidak diikuti dua kompatriotnya di nomor tunggal, Muhammad Rifqi Fitriadi dan Rafalentino Ali Da Costa, yang tumbang dari lawan-lawannya. Rifqi yang merupakan unggulan kedua malah menyerah dari Hayden Jones asal Australia dalam duel berdurasi dua jam. Jones, 20 tahun, menang 7-5, 6-7, dan tiebreak 10-8 dalam waktu dua jam. Rafalentino lagi-lagi harus kandas dari petenis India Karan Singh seperti di Seri Keempat pekan lalu. Dia takluk 0-6 dan 3-6 sehingga harus terhenti. Pada nomor ganda putra, Rafalentino bernasib sama saat berpasangan dengan Ethan David Zapp usai kalah dari juara seri lalu, Alexander Chang/Pablo Perez Ramos, dengan skor 3-6 dan 4-6. Alhasil wakil Indonesia di nomor ganda putra sudah habis. Anda menyukai artikel ini Artikel disimpan",sport,https://sport.detik.com/raket/d-8657729/mens-world-tennis-championship-cuma-satu-wakil-ri-di-perempatfinal
90,"Kejuaraan Panahan Piala Panglima TNI 2026 Cari Talenta untuk Timnas Komando Operasi Udara Nasional (Koopsudnas) TNI Angkatan Udara (TNI AU) berkolaborasi dengan Pengurus Besar Persatuan Panahan Indonesia (PB Perpani) akan menggelar Kejuaraan Panahan Piala Panglima TNI 2026. Turnamen tersebut dijadwalkan berlangsung di Lapangan Panahan Arjuna, Halim Perdanakusuma, Jakarta Timur, pada 23-25 Oktober 2026. Kejuaraan ini digelar dalam rangka memperingati Hari Ulang Tahun (HUT) ke-81 TNI. Selain menjadi bagian dari rangkaian peringatan HUT TNI, kejuaraan tersebut juga diharapkan kembali mengingatkan masyarakat terhadap sejarah panjang olahraga panahan Indonesia di pentas dunia. Panahan menjadi cabang olahraga yang membuka keran medali pertama bagi Kontingen Indonesia di Olimpiade. Pada Olimpiade Seoul 1988, trio Srikandi Indonesia yang terdiri dari Lilies Handayani, Kusuma Wardhani, dan Nurfitriyana berhasil mempersembahkan medali perak. Kepastian penyelenggaraan Kejuaraan Panahan Piala Panglima TNI 2026 disampaikan Asisten Komunikasi dan Elektronika (Askomlek) Kaskoopsudnas, Marsekal Pertama (Marsma) TNI I.B. Ngurah Mardika Putra, yang juga bertindak sebagai penanggung jawab kejuaraan. ""Kita siap menyukseskan Kejuaraan Panahan Piala Panglima TNI 2026. Kita berharap muncul atlet-atlet potensial yang mampu mengulang prestasi trio Srikandi Indonesia terdahulu,"" ujar I.B. Ngurah Mardika Putra saat mendampingi Panglima Koopsudnas (Pangkoopsudnas) Marsekal Madya (Marsdya) TNI Minggit Tribowo dalam jumpa pers di Ruang Leo Watimena, Koopsudnas, Lanud Halim Perdanakusuma, Jakarta Timur, Selasa (8/9/2026). Menurut I.B. Ngurah Mardika Putra, kejuaraan ini tidak hanya menjadi ajang kompetisi, tetapi juga panggung pembuktian bagi para pemanah dari berbagai kelompok usia dan latar belakang. ""Melalui kompetisi ini, TNI AU berharap dapat membentuk generasi muda yang disiplin, bermental tangguh, dan memiliki daya juang tinggi bagi bangsa. Kita juga ingin muncul talenta-talenta yang dapat memperkuat Timnas Panahan Indonesia di masa depan,"" imbuhnya. Kejuaraan Panahan Piala Panglima TNI 2026 akan mempertandingkan sejumlah kategori, di antaranya Junior dan Senior Open. Kategori tersebut menjadi wadah bagi atlet dari berbagai daerah untuk meningkatkan kemampuan, mengasah mental bertanding, sekaligus membuka peluang bagi lahirnya calon atlet yang dapat menjadi bagian dari kekuatan Timnas Panahan Indonesia. Selain itu, terdapat kategori Eksekutif yang dirancang sebagai sarana silaturahmi untuk mempererat persatuan dan kesatuan antarinstitusi serta para pemangku kepentingan. Panitia pun mengimbau atlet dan klub panahan dari berbagai daerah di Indonesia untuk memanfaatkan kesempatan tersebut dengan mengikuti Kejuaraan Panahan Piala Panglima TNI 2026. Anda menyukai artikel ini Artikel disimpan",sport,https://sport.detik.com/sport-lain/d-8657673/kejuaraan-panahan-piala-panglima-tni-2026-cari-talenta-untuk-timnas
91,"Nova Widianto Pede Amri/Nita Sumbang Medali di Asian Games 2026 Pelatih Kepala Ganda Campuran Indonesia Nova Widianto meyakini Amri Syahnawi/Nita Violina Marwah mampu menunjukkan kualitasnya di Asian Games 2026. Mereka ditargetkan membawa pulang medali. Di Asian Games, ganda campuran menurunkan dua wakil. Selain pasangan dadakan Nikolaus Joaquin/Siti Fadia Silva Ramadhanti, Amri/Nita menjadi tulang punggung mix double saat ini. Nova mengatakan sudah mempersiapkan Amri/Nita sejak dua pekan terakhir. Ia pun berharap pasangan itu dapat menunjukkan kemampuannya seperti saat di Kejuaraan Dunia terakhir. ""Kalau bisa, bisa lebih, gitu loh. Karena saya lihat pun mereka punya kemampuan. Game plan mereka juga bagus,"" kata Nova saat ditemui di Pelatnas PBSI, Cipayung, Kamis (10/9/2026). ""Mungkin kendalanya satu kan, jangan memikirkan hasil bagus kemarin (medali perunggu World Championships) yang jadinya membuat nervous. Bermain lah nothing to lose. Karena saya rasa mereka bisa,"" tutur peraih medali perak Olimpiade Beijing 2008. Kesempatan Amri/Nita juga besar di Asian Games ini karena peta persaingan ganda campuran dunia tidak lagi didominasi pasangan tertentu. ""Persaingan sekarang di mix double sudah enggak menentu. Banyak pasangan China yang agak menurun nih. Jadi kita harus manfaatkan itu. Berapa kali pasangan China sudah lepas. World Championships saja sudah dua kali lepas. Kemarin di China Masters juga cuma satu, biasanya minimal dua di semifinal,"" dia mengungkapkan. ""Jadi kita harus manfaatkan lah karena mulai rata dan enggak ada yang terlalu dominan lagi setelah pensiunnya Zheng Siwei/Huang Yaqiong. Makanya, kans lebih dari medali pun saya rasa ada."" ""Tinggal dari kitanya saja. Kadang-kadang kan multi-event juga enggak gampang. Jika mereka punya mental kuat dan kemauan keras, saya rasa bisa medali,"" tegas eks pelatih gamda campuran Malaysia ini. Asian Games 2026 akan berlangsung di Aichi-Nagoya, mulai 19 September hingga 4 Oktober. Ganda campuran Indonesia terakhir kali merebut medali emas pada Asian Games 1982 melalui Christian Hadinata/Ivana Lie. Anda menyukai artikel ini Artikel disimpan",sport,https://sport.detik.com/raket/d-8657677/nova-widianto-pede-amri-nita-sumbang-medali-di-asian-games-2026
92,"Asian Games 2026: Timnas Basket Kalah dari Jepang di Laga Perdana Timnas Basket Putra kalah dari Jepang pada laga perdana Pool A Asian Games Aichi-Nagoya 2026. Yudha Saputera dkk harus mengakui keunggulan tuan rumah usai takluk 53-98. Berlangsung di Aichi International Arena, Kamis (10/9/2026), Indonesia memang sudah langsung tertinggal sejak kuarter pertama dengan kedudukan 9-29. Kondisi itu terus berlanjut hingga kuarter kedua sampai di kuarter penentuan. Meskipun sudah berusaha memangkas ketertinggalan, namun upaya itu belum bisa menghindarkan Indonesia dari kekalahan karena Jepang. Laga ditutup dengan keunggulan tuan rumah 98-53. Adapun, Lester Prosper menjadi pencetak poin terbanyak untuk Indonesia dengan 13 poin, 4 rebound, dan 1 asis. Disusul kemudian oleh Yudha Saputera dengan catatan 12 poin, 2 rebound, dan 3 asis. Adapun dari Jepang, Tsuya K menjadi pencetak poin terbanyak dengan 23 poin dan 2 rebound serta 1 asis. Kemudian Kanechika Ren dengan 15 poin, 1 rebound, dan 1 asis. Dengan kekalahan ini, Indonesia kini posisi keempat klasemen Grup A dengan 1 angka. Sementara Jepang kuasai klasemen dengan 2 poin. Pada laga berikutnya, Indonesia akan menghadapi Korea Selatan pada Jumat (11/9). Pertandingan berlangsung di Aichi International Arena, pukul 14.00 WIB. Sempat Terkendala Jemputan Bus Terlepas dari hasil, Timnas basket putra Indonesia sejatinya sempat mengalami kejadian kurang menyenangkan menjelang pertandingan melawan Jepang. Bus yang akan ditumpangi atlet-atlet Indonesia sempat mengalami keterlambatan selama 41 menit. Managing Director Badan Tim Nasional (BTN) Perbasi Jeremy Imanuel Santoso menyayangkan kondisi yang terjadi pada timnya. ""Kami sangat menyayangkan kejadian ini bisa terjadi di hari pertandingan dan di saat kita menuju venue melawan tuan rumah,"" kata Jeremy dalam keterangan tertulisnya, Kamis (10/9/2026). ""Setelah kita berkomunikasi dengan panitia lokal di athlete village, tampak tidak ada satupun panitia lokal yang dapat memberikan jawaban pasti kenapa bus menjemput kontingen Indonesia alami keterlambatan selama 41 menit,"" lanjutnya. ""Seperti kita ketahui, menunggu di bawah halte dengan fasilitas yang seadanya, kursi yang seadanya, tenda di luar hujan gerimis, atlet kita harus menunggu 41 menit."" ""Kita sangat menyayangkan dan kita sudah komunikasikan ini ke pihak CdM dan NOC dan akan memberikan laporan resmi untuk dibahas di CdM meeting di kemudian hari,"" ujar Jeremy. ""Kami juga ucapkan berterima kasih atas koordinasi dengan tim CdM dan NOC yang melakukan respons dan solusi yang diberikan atas hambatan yang dialami Timnas,"" terang Jeremy. ""Fokus kami saat ini bertanding dan kami sangat sayangkan bahwa tuan rumah Jepang tidak bisa persiapkan hal-hal mendasar yang seharusnya sudah tidak menjadi masalah. Apalagi kita tahu, bagaimana sifat dasar atau kebiasaan orang Jepang terkait waktu, ketepatan waktu dan bagaimana mereka anti telat seperti yang kita mungkin pernah alami atau baca di sosial media,"" pungkasnya. Anda menyukai artikel ini Artikel disimpan",sport,https://sport.detik.com/basket/d-8657628/asian-games-2026-timnas-basket-kalah-dari-jepang-di-laga-perdana
93,Foto Sport Atlet Bulu Tangkis Indonesia Matangkan Persiapan Jelang Asian Games Jakarta - Pebulu tangkis Indonesia mematangkan persiapan menuju Asian Games 2026. Target emas dibidik dari nomor beregu putra. Anda menyukai artikel ini Artikel disimpan,sport,https://sport.detik.com/fotosport/d-8657389/atlet-bulu-tangkis-indonesia-matangkan-persiapan-jelang-asian-games
94,"Berapa Target Medali Emas Indonesia di Asian Games 2026? Indonesia bersiap menuju Asian Games 2026. Di multiajang olahraga terbesar se-Asia itu, Merah Putih menargetkan empat medali emas. Dari mana saja? Indonesia mengirimkan 430 atlet dari 35 cabang olahraga. Menpora Erick Thohir mengatakan target Indonesia di Asian Games 2026 di Nagoya, Jepang lebih realistis dibanding edisi sebelumnya. ""Dari hasil pantauan, dan diskusi dengan Ketua KOI dan Chief de Mission, ya tentu kita ingin mendapatkan emas sebanyak-banyaknya. Kemarin di Hangzhou, di China, itu kita mendapat 7 medali emas,"" ujar Erick. Namun, ia menyadari ada hal yang membuat sejumlah nomor andalan Indonesia tidak lagi dipertandingkan, sehingga memengaruhi target yang diharapkan. ""Ya tentu biasa, politik olahraga. Ada beberapa nomor yang hilang seperti dragonboat itu ada dua hilang, ada juga dari menembak yang memang tidak dipertandingkan lagi,"" jelasnya. ""Nah, realitas kalau melihat kondisi hari ini, ya kita 4 emas itu menjadi target hari ini. Dari cabang-cabang yang mungkin kita semua paham lah, tidak berbeda dengan Olimpiade, yaitu seperti bulutangkis, panjat tebing, dan tentu angkat besi*,"" kata Erick. Dari bulutangkis, PBSI menargetkan satu medali emas. Adapun nomor yang diandalkan ialah beregu putra. PBSI meyakini dengan komposisi gabungan pemain Pelatnas dan non-Pelatnas, selain faktor pengalaman, menjadi kekuatan tim bulutangkis Indonesia. Indonesia punya Jonatan Christie, pemain peringkat 1 dunia dengan pengalaman segudang. Baik single event maupun multievent. Peraih medali emas Asian Games 2018 itu akan bahu membahu dengan Alwi Farhan, Moh. Zaki Ubaidillah, dan Muhamad Yusuf. Ditambah dari nomor ganda Fajar Alfian/Muhammad Shohibul Fikri, Leo Rolly Carnando/Daniel Marthin, Nikolaus Joaquin, dan Amri Syahnawi. Selain bulutangkis, Indonesia juga bertumpu pada cabor angkat besi. Peraih medali emas Olimpiade 2024 Rizki Juniansyah, menjadi andalan baru Merah Putih di kelas 85kg. Angkat besi juga menurunkan Rahmat Erwin Abdullah, peraih medali emas Asian Games 2023 kelas 73kg putra. Cabor lainnya yang juga bisa mendongkrak perolehan emas Indonesia yaitu panjat tebing. Ketua Umum Federasi Panjat Tebing Indonesia (FPTI) Yenny Wahid memasang target tiga medali. Dua di antaranya nomor speed putra dan speed putri. Nama Veddriq Leonardo, peraih medali emas Olimpiade Paris, dan Desak Made Rita Kusuma Dewi. Dia bukan nama baru di podium. Berbagai torehan emas berhasil dicatatkan. Mulai dari emas Kejuaraan Dunia Panjat Tebing 2026, World Climbing Series Krakow, hingga emas Asian Games 2023. Tapi tak tertutup kemungkinan nomor Lead juga bisa memberikan kejutan medali bagi Indonesia. Sementara di edisi terakhir, Indonesia sukses merebut tujuh medali emas. Terdiri dari cabor menembak (dua emas), wushu, balap sepeda, angkat besi, panjat tebing, dan perahu naga. (mcy/aff) Anda menyukai artikel ini Artikel disimpan",sport,https://sport.detik.com/sport-lain/d-8657318/berapa-target-medali-emas-indonesia-di-asian-games-2026
95,"Medali Jadi Target Realistis Tunggal Putri di Asian Games 2026 Pelatih Kepala Tunggal Putri Indonesia Imam Tohari menyebut medali menjadi target realistis atletnya di Asian Games 2026. Baik nomor beregu maupun perorangan. Tunggal putri menurunkan empat wakil di multievent Asia yang berlangsung di Aichi-Nagoya, 19 September hingga 4 Oktober mendatang. Selain Putri Kusuma Wardani yang menjadi andalan, ada tiga pemain muda yaitu Thalita R. Wiryawan, Ni Kadek Dhinda, dan Mutiara Ayu Puspitasari. Ketiganya akan menjalani debutan di multievent empat tahunan tersebut. Sebab masih baru, Imam memang tak memasang target muluk-muluk. Namun, ia tetap berharap ada medali yang dipersembahkan atlet-atletnya. ""Kalau di nomor beregu kami ingin dapat medali. Saya enggak ngomong medali warna apa ya. Dan jika dapat mungkin untuk tim putri sudah luar biasa. Begitu pun di perorangan juga medali. Itu target realistis,"" kata Imam saat ditemui di Pelatnas PBSI, Cipayung, Kamis (10/9/2026). Menembus itu, Imam telah membekali atletnya dengan berbagai persiapan baik dari segi fisik maupun teknik. Secara khusus untuk Putri, dia juga melihat tak ada kendala signifikan. Imam cuma berharap agar pemain peringkat tujuh dunia tersebut bisa lebih konsisten. Serta memanfaatkan momentum Asian Games ini agar tampil lebih baik. ""Sampai detik ini pun Putri masih butuh konsistensi di pertandingannya. Contoh, di Jepang dia tampil bagus sekali, tapi di Kejuaraan Dunia apa yang kita harapkan tidak sesuai,"" Imam menjelaskan. ""Ya (mungkin) terbebani juga karena kan dia juga memang satu-satunya (andalan tunggal putri) ya. Jadi dia yang selalu diharapkan. Saya selalu ngomong juga dengan Putri. Ya mau enggak mau memang harus dilawan."" ""Nah ini menurut saya sih tinggal menunggu waktu saja. Begitu ada momennya dan ketemu, itu yang harus dipertahankan konsistensinya,"" tegas Imam. (mcy/aff) Anda menyukai artikel ini Artikel disimpan",sport,https://sport.detik.com/raket/d-8657149/medali-jadi-target-realistis-tunggal-putri-di-asian-games-2026
96,"Tim Bulutangkis RI TC di Tokyo Sebelum Berjuang di Asian Games 2026 Tim bulutangkis Indonesia akan menjalani training camp (TC) di Tokyo sebelum bertolak ke Nagoya, Jepang, untuk menghadapi Asian Games 2026. Rombongan dijadwalkan terbang pada Sabtu (12/9/2026). Kepala Pelatih Tunggal Putri Indonesia Imam Tohari menilai keberangkatan lebih awal penting bagi para atlet. Mereka bisa memanfaatkan waktu tersebut untuk beradaptasi dengan kondisi dan cuaca di Jepang sebelum bertanding. ""Sebenarnya untuk (adaptasi) cuaca. Tapi TC (yang akan dilakukan) ini kan bukan yang satu atau dua minggu ke atas. Enggak. Ini hanya beberapa hari. Tapi bagi saya sebagai pelatih ini sangat bagus sekali,"" kata Imam di Pelatnas PBSI, Cipayung, Kamis (10/9/2026). Menurut Imam, keberangkatan lebih awal bisa mengurangi risiko atlet langsung bertanding setelah tiba di Jepang. ""Daripada kita berangkat ke sana, ada cuma beberapa, mungkin ada tiga hari, tahu-tahu kita sudah harus fight di pertandingan juga. Agak riskan menurut saya. Ya contohnya ada makanan enggak cocok. Tapi kalau menurut saya sih kalau Jepang sih cocok semua ya. Cuaca, lapangan, terus keadaan suatu tempat. Itu, tujuannya itu sih,"" lanjutnya. Imam Tak Khawatirkan Cuaca Jepang Meski adaptasi menjadi salah satu tujuan TC, Imam menyebut tidak ada antisipasi berlebihan terkait cuaca. Menurutnya, kondisi di Jepang saat ini tidak jauh berbeda dengan Jakarta. ""Saya rasa di sana juga enggak beda jauh. Mungkin antara 20 sampai 30 derajat. Panas pun mungkin enggak yang sampai 35 derajat. Jadi di sini juga memang lagi panas, ya kebetulan hampir sama lah dengan Jepang,"" tuturnya. Dengan kondisi yang dinilai relatif mirip, Imam berharap para atlet bisa lebih cepat beradaptasi. Dengan begitu, mereka dapat langsung fokus menghadapi pertandingan di Asian Games 2026. Asian Games 2026 akan berlangsung di Aichi-Nagoya, Jepang, pada 19 September hingga 4 Oktober 2026. PBSI menurunkan 20 pemain untuk tampil di nomor beregu dan perorangan. Anda menyukai artikel ini Artikel disimpan",sport,https://sport.detik.com/raket/d-8657114/tim-bulutangkis-ri-tc-di-tokyo-sebelum-berjuang-di-asian-games-2026
97,"Kata Joaquin/Fadia Jadi Pasangan Dadakan di Asian Games 2026 Nikolaus Joaquin/Siti Fadia Silva Ramadhanti jadi pasangan dadakan di Asian Games 2026. Mereka siap bikin kejutan! PBSI membuat kejutan dengan membentuk pasangan dadakan Nikolaus Joaquin/Siti Fadia Silva Ramadhanti sebagai ganda campuran. Keduanya digabungnya untuk mengisi slot yang kosong. Bagi Joaquin dan Fadia, kesempatan ini tak mau mereka sia-siakan. Mereka bakal memanfaatkan kondisi ini sebagai momentum bikin kejutan di multievent terbesar se-Asia tersebut. ""Awalnya memang kita kan fokusnya di beregunya. Dan kebetulan slot mixednya kosong satu, ya kami mengisi,"" ujar Joaquin saat ditemui di Pelatnas PBSI, Cipayung, Kamis (10/9/2026). Fadia juga membenarkan. Namun, mereka bakal difokuskan ke nomor beregu dulu, sebelum ke perorangan. ""Kan kita fokus di beregu dulu. Karena Joaquin dan saya dibutuhkan tim juga. Mungkin dia juga sudah dikasih tau Coach Anton, saya juga dikasih tau Kak Karel. Jadi buat berangkat fokus beregu dulu, baru setelah itu persiapan individu,"" jelas Fadia. Meski dadakan, Joaquin/Fadia mengaku sudah latihan bersama hampir tiga pekan. Kondisi itu pula yang membuat kekompakan keduanya semakin menyatu. ""Joaquin semangat banget jadi saya keikut juga,"" kata Fadia. Menyoal peluang di Asian Games 2026, keduanya memilih tidak mau terbebani. Meskipun secara peta persaingan, mereka punya kans besar karena belum terbaca oleh lawan-lawan murni ganda campuran. ""Kalau peluang sih enggak memikirkan ke sana, yang penting saya sama Kak Fadia secara chemistry kami lebih fokus berdua dulu, baru pikirin lawannya,"" ujar Joaquin. ""Mungkin lawan akan kaget juga. Ya benar kata Joaquin memaksimalkan kesempatan yang ada. Kami siap mati-matian lawan siapapun,"" Fadia menimpali. Kendati demikian, Joaquin dan Fadia tak ingin cuma sebagai sekadar pelengkap. Target mereka juga jelas, ingin bawa pulang medali. ""Ya ingin lah (medali). Siapa yang tidak ingin. Apalagi bonus 3M? Aduh iya makin semangat. Tapi satu-satu saja,"" ucap Joaquin kemudian tertawa. Begitu pun soal nasib ke depan. Keduanya belum mau berpikir jauh. ""Enggak ada yang tahu ya, kalau hasilnya bagus. Tahu-tahu kita juara? Amin. Siapa tahu. Tapi kami fokus di depan mata dulu,"" pungkas Fadia. (mcy/aff) Anda menyukai artikel ini Artikel disimpan",sport,https://sport.detik.com/raket/d-8657027/kata-joaquin-fadia-jadi-pasangan-dadakan-di-asian-games-2026
98,"Sempat Ada Banjir, Asian Games 2026 di Jepang Dipastikan Aman Kota Nagoya di Jepang selaku tuan rumah Asian Games 2026 sempat diterjang banjir. Namun ajang multievent itu dipastikan aman. Dilansir dari Reuters, pada hari Selasa (8/9) hujan lebat sampai banjir melanda Nagoya di Prefektur Aichi. Dilaporkan, empat orang mengalami luka ringan, sementara sekitar 2.700 orang telah mengungsi ke tempat penampungan. Air hujan juga merembes masuk ke sejumlah lokasi penyelenggaraan Asian Games di Nagoya menjelang pembukaan kompetisi pada 19 September. Sekitar 400 orang, termasuk staf dan atlet dari berbagai negara, harus dievakuasi. Pada Rabu (9/10) Walikota Nagoya, Ichiro Hirosawa menyebut banjir telah surut. Ajang Asian Games 2026 dipastikan aman berjalan, serta tidak ada atlet yang terluka. ""Situasinya tidak cukup parah untuk mengancam pembukaan ajang ini pada tanggal 19,"" Ichiro. ""Berdasarkan situasi saat ini, saya yakin tidak akan ada masalah dalam penyelenggaraan Asian Games,"" tegasnya. Ichiro terus memantau perkembangan hujan dan potensi banjir. Sekali lagi, dirinya tegaskan Asian Games 2026 akan berjalan tepat waktu. ""Berdasarkan informasi yang kami miliki saat ini, saya yakin kami akan dapat menyelenggarakan ajang ini tanpa penundaan,"" tutupnya. Simak juga Video Bicara Kesiapan Atlet untuk Asian Games, Mensesneg: Persiapan Sangat Baik Anda menyukai artikel ini Artikel disimpan",sport,https://sport.detik.com/sport-lain/d-8656985/sempat-ada-banjir-asian-games-2026-di-jepang-dipastikan-aman
99,"Debut di Asian Games, Ubed Tak Sabar Rebut Emas Beregu Putra Moh. Zaki Ubaidillah akan menjalani debutnya di Asian Games 2026 Aichi-Nagoya. Pemain tunggal putra andalan Indonesia itu sudah tak sabar ingin segera bertanding dan menyumbang poin untuk tim beregu putra. PBSI sendiri memasang target satu medali emas di multievent terbesar se-Asia ini. Nomor beregu putra menjadi salah satu sektor yang diandalkan, selain tunggal putra. Di beregu putra, Ubed akan bahu-membahu dengan Jonatan Christie, Alwi Farhan, dan Muhamad Yusuf. Ubed mengaku antusias menyambut Asian Games pertamanya bersama Merah Putih. ""Saya senang bisa bermain di Asian Games untuk pertama kali. Ya, kalau dari saya pastinya enggak sabar ingin main. Apalagi di beregu enggak mau kalahnya besar juga. Ada tim juga support di belakang. Pasti mau menangnya ada,"" kata Ubed saat ditemui di Pelatnas PBSI, Cipayung, Kamis (10/9/2026). Soal persiapan, Ubed menyebut tidak ada program latihan khusus. ""Saya hanya perlu meningkatkan daya tahan saya. Saya sudah banyak berlatih di lapangan. Kondisi fisik saya bagus,"" jelas juara Thailand Masters 2026 ini. Ubed sadar beban dan persaingan di Asian Games tidak ringan. Tapi ia memilih menjadikannya motivasi. ""Beban pasti ada. Ya semoga bisa lebih menikmati di setiap pertandingan bersama tim. Pastinya persaingannya ketat, jadi tidak mudah bagi saya. Ya jadi tantangan bagi saya,"" ujarnya. Untuk kesiapan mental, Ubed juga banyak belajar dari pengalaman sebelumnya. Ia sudah pernah tampil di Kejuaraan Asia, dan SEA Games 2025. ""Kalau saya pasti belajar dari kekalahan-kekalahan sebelumnya. Ya banyak yang harus dievaluasi, pasti ingin kasih yang terbaik di match berikutnya. Jangan mengulang kesalahan sebelumnya,"" tegasnya. Dengan dukungan tim di belakang, Ubed bertekad memberikan yang terbaik di debutnya. ""Ya, kalau dari saya pastinya enggak sabar ingin main. Apalagi di beregu enggak mau kalahnya besar juga. Ada tim juga support di belakang. Pasti mau menangnya ada,"" pungkas runner up SEA Games 2025 ini. Tonton juga Video Lihat Lagi Momen Selebrasi Ubed di Thomas Cup Anda menyukai artikel ini Artikel disimpan",sport,https://sport.detik.com/raket/d-8656731/debut-di-asian-games-ubed-tak-sabar-rebut-emas-beregu-putra
100,"Men's World Tennis Championship: Rifqi dan Rafalentino Tembus Babak Kedua Dua petenis Indonesia, Muhammad Rifqi Fitriadi dan Rafalentino Ali Da Costa, melangkah ke Babak Kedua Seri V Men's World Tennis Championship 2026. Pada laga Babak pertama tunggal putra ITF World Tennis Tour M-15 di Bali Beach Country Club, Nusa Dua, Rabu (9/9/2026) Rafalentino menghadapi petenis India Shanker Heisnam. Petenis 16 tahun itu dengan mudah menang dua set langsung, 6-4 dan 6-1, dalam tempo 59 menit. Ini mengulangi kemenangan atas Shanker di seri IV pekan lalu. ""Saya sudah mengalahkan Shanker pekan lalu sehingga termotivasi untuk mengulanginya. Saya tetap bermain tanpa beban di babak berikutnya dan fokus dengan strategi agar mendapat hasil maksimal,"" ujar Rafalentino dalam rilis kepada detikSport. Langkah serupa dilakoni Rifqi Fitriadi yang bermain di lapangan F menghadapi wakil Swedia Eric Ahren Moonga. Rifqi dengan karakternya menyerang dari garis belakang mendominasi permainan sebelum menang 6-2 dan 6-2 dalam tempo 1 jam 8 menit. Pada babak kedua, Rifqi bertemu petenis kualifikasi asal Australia Hayden Jones yang menang 6-1 6-1 dari Raghav Jaysinghani. Sementara itu tuan rumah harus kehilangan satu wakilnya di babak utama, setelah perjuangan Anthony Susanto selama 2 jam 53 menit saat menantang unggulan keenam asal Selandia Baru, Isaac Becroft, gagal membuahkan kemenangan. Keunggulan 7-6 tiebreak 4 di set pertama, ternyata tak mampu di pertahankan oleh petenis 29 tahun itu. Isaac yang merupakan runner-up Seri IV menang rubber rame 6-2 dan 7-5. Anda menyukai artikel ini Artikel disimpan",sport,https://sport.detik.com/raket/d-8656258/mens-world-tennis-championship-rifqi-dan-rafalentino-tembus-babak-kedua
101,"Penempatan Manajer Kopdes Ditargetkan Paling Lambat 25 September Menteri Koperasi (Menkop) Ferry Juliantono menargetkan penempatan manajer Koperasi Desa/Kelurahan Merah Putih (KDKMP) paling lambat 25 September 2026. Penempatan ini akan langsung dilakukan oleh PT Agrinas Pangan Nusantara setelah seluruh rangkaian proses verifikasi dan evaluasi rampung. ""Kita bisa asumisnya itu sudah ada selesai verifikasi, validasi. Setelah itu selesai dievaluasi secara paralel dengan BPKP kemudian dilaksanakan berita acara serah terima. Jadi, asumsi per tanggal 25 September sebenarnya proses penempatan atau deploy ini bisa dilakukan oleh PT Agrinas (Pangan),"" ujar Ferry dalam unggahan video di akun Instagram @ferry.juliantono, dikutip Kamis (17/9/2026). Hal tersebut disampaikan Ferry dalam rapat koordinasi dengan Badan Pengaturan (BP) BUMN serta PT Agrinas Pangan Nusantara. Ferry menyebut rapat ini juga membahas besaran gaji serta tunjangan manajer KDKMP. ""Dalam rapat ini, kita juga perlu segera memutuskan rencana penempatan manager, termasuk besaran gaji, tunjangan, dan hal-hal terkait lainnya. Kita ingin memastikan seluruh proses berjalan tepat waktu agar operasionalisasi KDKMP dapat segera dilaksanakan dengan baik,"" tambah Ferry. Sementara itu, Kepala BP BUMN Dony Oskaria meminta agar proses penempatan manajer KDKMP tidak berlarut-larut dan sesuai dengan mekanisme yang tertuang dalam Instruksi Presiden (Inpres). Nantinya, penempatan personel secara spesifik akan diserahkan kepada PT Agrinas Pangan Nusantara. Langkah ini dinilai paling efektif karena pihak Agrinas telah memetakan secara presisi koperasi-koperasi mana saja yang sudah siap beroperasi di lapangan. ""Saya tidak mau berlarut-larut prosesnya untuk segera dituntaskan sesuai dengan mekanisme di Inpers yang sudah dibuat. Nah ini kan harus nanti penentuan orang dan lain sebagainya diserahkan kepada Agrinas Pangan yang sudah mengetahui di mana posisi koperasi yang siap beroperasi,"" tambah Dony. (acd/acd) Anda menyukai artikel ini Artikel disimpan",finance,https://finance.detik.com/berita-ekonomi-bisnis/d-8666470/penempatan-manajer-kopdes-ditargetkan-paling-lambat-25-september
102,"Investasi Ribuan Triliun Buka Lapangan Kerja, Prabowo: Bukan dari MBG-Kopdes Presiden Prabowo Subianto meyakini Indonesia masih sangat diminati oleh investor. Dia menekankan ekonomi Indonesia tidak hanya didorong oleh belanja pemerintah lewat berbagai program besar. Menurutnya, investasi swasta akan menjadi salah satu faktor pendorong bagi pertumbuhan ekonomi Indonesia. Buktinya, realisasi investasi hingga Juni 2026 telah mencapai Rp 1.010 triliun. Pada 2025, realisasi investasi juga mencapai Rp 1.931 triliun. Investasi tersebut juga disebut telah memberikan kontribusi terhadap penciptaan lapangan kerja. Ada sekitar 2,7 juta lapangan kerja baru pada 2025. Sementara tahun ini pemerintah telah mencatat pembukaan sekitar 1,4 juta lapangan kerja dari investasi. ""Ini investasi bukan dari program pemerintah, bukan MBG, bukan Koperasi Merah Putih, bukan,"" tegas Prabowo dalam acara Presiden Prabowo Menjawab, disiarkan lewat akun YouTube pribadinya, dikutip Kamis (17/9/2026). Beberapa minggu ke depan, dia mengatakan bakal masuk lagi investasi besar-besaran yang akan masuk ke Indonesia dan membuka lapangan kerja. ""Jadi padahal ini gejolak global ya. Dan ini berapa minggu ke depan ya Anda tunggu saja. Karena saya sudah tahu ya akan ada investasi besar-besaran masuk ke Indonesia. Akan besar-besaran,"" ujar Prabowo. Keyakinannya terhadap masuknya investasi dalam jumlah besar didasarkan pada pertemuannya dengan sejumlah pelaku usaha besar dunia. Para investor tersebut menurutnya telah melihat fundamental ekonomi Indonesia sebagai salah satu alasan untuk menanamkan modal di dalam negeri. ""Saya sudah ketemu pemain-pemain besar di dunia, mereka datang ke Indonesia, mereka tahu fundamental ekonomi kita kuat dan aman,"" ujar Prabowo. Beberapa indikator makro ekonomi Indonesia, kata Prabowo, jadi pemicu kepercayaan investor untuk menanamkan modalnya di Indonesia. Dia menyoroti tingkat inflasi yang menurutnya berada pada level rendah, rasio utang yang relatif rendah, serta defisit yang masih berada di bawah batas 3%. ""Ekonomi kita bagus. Inflasi kita salah satu terendah di dunia, 2,92%, Anda bayangkan,"" kata Prabowo. Dia kemudian membandingkan posisi defisit Indonesia dengan sejumlah negara lain. Menurut Prabowo, defisit Indonesia berada di bawah 3%, sementara Filipina mencapai sekitar 6%, India 4,6%, dan Prancis 5,4%. ""Jadi, semua orang percaya sama Indonesia. Makanya mereka mau datang ke Indonesia. Saya sangat optimis,"" ujar Prabowo. Prabowo menilai prospek ekonomi Indonesia dalam jangka panjang masih sangat besar. Dia merujuk pada proyeksi Goldman Sachs yang memperkirakan Indonesia dapat menjadi salah satu ekonomi terbesar dunia pada 2050. ""Semua dunia yakin Indonesia akan menjadi ekonomi ke-6, ke-5, ke-4. Dunia. Dalam tahun 2050, which is 25 tahun ke depan,"" kata Prabowo. Dengan sejumlah indikator tersebut, Prabowo mengatakan pemerintah akan terus menjaga momentum ekonomi sekaligus menarik investasi masuk ke Indonesia. (hal/ara) Anda menyukai artikel ini Artikel disimpan",finance,https://finance.detik.com/berita-ekonomi-bisnis/d-8666459/investasi-ribuan-triliun-buka-lapangan-kerja-prabowo-bukan-dari-mbg-kopdes
103,"Proyek Rp 2,8 T di Bogor Dimulai, Sampah 500 Ribu Ton Bakal Jadi Listrik Pembangunan proyek Pengolahan Sampah Menjadi Energi Listrik (PSEL) Bogor Raya 1 di Galuga, dengan nilai investasi senilai Rp 2,8 triliun resmi dimulai. Proyek ini ditargetkan mampu mengelola lebih dari 500.000 ton sampah per tahun atau sekitar 45% timbulan sampah terkelola di Kota dan Kabupaten Bogor. Chief Investment Officer (CIO) BPI Danantara, Pandu Sjahrir menyampaikan PSEL Bogor Raya 1 ini dirancang untuk memberikan dampak nyata terhadap pengolahan sampah, energi hijau, dan memberdayakan ekonomi lokal dengan mengacu pada standar lingkungan hidup Industrial Emissions Directive atau disebut IED. ""Proyek ini ditargetkan mampu mengelola lebih dari 500.000 ton sampah per tahun atau sekitar 45% timbulan sampah terkelola di Kota dan Kabupaten Bogor,"" ujar Pandu dalam acara peresmian pembangunan PSEL Bogor Raya 1, Kamis (17/9/2026). Pandu menyampaikan bahwa fasilitas ini diproyeksikan dapat mereduksi emisi sampah dari Tempat Pembuangan Akhir (TPA) hingga 80% dan mengurangi emisi karbon sebesar 645.000 ton setara CO2 per tahun. Kemudian diperkirakan akan menciptakan 1.200 lapangan pekerjaan. ""Dari sisi energi, inisiatif ini akan menghasilkan energi hijau yang dapat menyuplai lebih dari 100.000 rumah masyarakat Bogor Raya,"" ujarnya. Di tempat yang sama, Menteri Lingkungan Hidup/Kepala Badan Pengendalian Lingkungan Hidup Mohammad Jumhur Hidayat berharap fasilitas pengolahan sampah jadi listrik ini dapat selesai dalam dua tahun ke depan. Sehingga sampah yang ada di wilayah Bogor dapat segera bisa diatasi. Meski begitu, ia mengingatkan persoalan sampah tetap harus ditangani selama pembangunan fasilitas berlangsung. Jumhur mengatakan sampah, terutama sampah organik, akan terus dihasilkan masyarakat setiap hari. ""Kita berharap maksimum dua tahun ke depan ini selesai. Namun persoalannya adalah juga dari sekarang sampai dua tahun sampah jalan terus. Dan yang khususnya organik, organik yang menimbulkan bau dan sebagainya, itu juga akan jalan terus,"" katanya. (hrp/fdl) Anda menyukai artikel ini Artikel disimpan",finance,https://finance.detik.com/energi/d-8666451/proyek-rp-2-8-t-di-bogor-dimulai-sampah-500-ribu-ton-bakal-jadi-listrik
104,"The Fed Naikkan Suku Bunga, Dolar AS Langsung Menguat Nilai tukar dolar Amerika Serikat (AS) menguat terhadap rupiah pagi ini usai Bank sentral Amerika Serikat, Federal Reserve (The Fed) menaikkan suku bunga acuan. Mata uang Paman Sam di level Rp 17.700-an pagi ini. Dikutip dari data Bloomberg, Kamis (17/9/2026), nilai tukar dolar AS pukul 09.50 WIB berada pada level Rp 17.749 atau naik 53 poin (0,30%). Selanjutnya, pergerakan dolar AS terhadap mata uang lainnya cenderung variatif. Nilai tukar dolar AS melemah 0,15% terhadap dolar Australia. Dolar AS naik 0,06% terhadap euro. Namun, terhadap dolar Singapura minus 0,02%. Dolar AS naik terhadap yuan China 0,02%. Dolar AS melemah 0,01% terhadap yen. Lalu, dolar AS naik terhadap baht naik 0,15%. Dolar AS naik terhadap ringgit 0,53%. Untuk diketahui, The Fed menaikkan suku bunga acuannya untuk pertama kali sejak Juli 2023. The Fed juga memberi sinyal masih ada peluang menaikkan suku bunga lagi hingga akhir tahun demi meredam inflasi. Suku bunga diputuskan naik sebesar 25 basis poin (bps) dalam pertemuan Rabu (16/9). Keputusan yang diambil dengan suara bulat 12-0 itu membuat suku bunga acuan The Fed naik ke kisaran 3,75-4%. ""Kebijakan hari ini akan mendukung kembalinya inflasi ke target Komite sebesar 2% secara lebih cepat. Komite akan mewujudkan stabilitas harga,"" kata Federal Open Market Committee (FOMC) dikutip dari CNBC, Kamis (17/9). (acd/acd) Anda menyukai artikel ini Artikel disimpan",finance,https://finance.detik.com/bursa-dan-valas/d-8666434/the-fed-naikkan-suku-bunga-dolar-as-langsung-menguat
105,"Harga Emas Antam Cuma Naik Rp 5.000/Gram Harga emas Antam kembali menguat tipis pada perdagangan hari ini, Kamis (17/9/2026). Emas Antam 24 karat tercatat naik Rp 5.000 per gram menjadi Rp 2.598.000 per gram. Berdasarkan situs Logam Mulia Antam, satuan harga emas hari ini yang terkecil ukuran 0,5 gram berada di angka Rp 1.349.000. Sementara harga emas 10 gram dijual dengan harga Rp 25.475.000 dan ukuran emas terbesar yakni 1.000 gram (1 kg) dibanderol Rp 2.538.600.000. Jika ditarik sepanjang perdagangan sepekan terakhir, harga emas Antam cenderung melemah dari rentang Rp 2.625.000 per gram menjadi Rp 2.598.000 per gram. Begitu juga sepanjang perdagangan sebulan terakhir, harga emas Antam turun dari level Rp 2.677.000 per gram. Buyback Emas Sementara harga pembelian kembali atau buyback, emas Antam tercatat stagnan pada level Rp 2.438.000 per gram. Harga buyback adalah jika Anda ingin menjual emas, maka Antam akan membelinya dengan harga tersebut. Sesuai Peraturan Menteri Keuangan (PMK) Nomor 81 Tahun 2024, setiap transaksi buyback dengan nilai di atas Rp 10.000.000 akan dikenakan Pajak Penghasilan (PPh) Pasal 22 sebesar 1,5%. PPh Pasal 22 tersebut akan dipotong langsung dari total nilai transaksi pada saat pelaksanaan buyback. Rincian Harga Emas Harga emas 0,5 gram: Rp 1.349.000 Harga emas 1 gram: Rp 2.598.000 Harga emas 2 gram: Rp 5.136.000 Harga emas 3 gram: Rp 7.679.000 Harga emas 5 gram: Rp 12.765.000 Harga emas 10 gram: Rp 25.475.000 Harga emas 25 gram: Rp 63.562.000 Harga emas 50 gram: Rp 127.045.000 Harga emas 100 gram: Rp 254.012.000 Harga emas 250 gram: Rp 634.765.000 Harga emas 500 gram: Rp 1.269.320.000 Harga emas 1.000 gram: Rp 2.538.600.000 Saksikan Live DetikPagi: (ahi/ara) (ahi/ara) Anda menyukai artikel ini Artikel disimpan",finance,https://finance.detik.com/berita-ekonomi-bisnis/d-8666339/harga-emas-antam-cuma-naik-rp-5-000-gram
106,"IHSG Dibuka Menguat ke 6.490 Indeks Harga Saham Gabungan (IHSG) pagi ini dibuka di zona hijau. IHSG terpantau menguat dan berada di level 6.400. Dikutip dari RTI, Kamis (17/9/2026), IHSG pukul 9.05 WIB berada di level 6.490,38, naik 0,83% atau 53,53 poin. Pergerakan IHSG pada pembukaan berada di level 6.455,03 dengan level tertinggi 6.500,40 dan terendah 6.450,93. Volume transaksi tercatat 2,05 miliar saham, turnover Rp 834,61 miliar dengan frekuensi transaksi 123.025 kali. Sebanyak 364 saham menguat, 138 saham melemah, dan 189 saham tidak mengalami perubahan. Sementara itu pada indeks saham di Asia lainnya, Nikkei terpantau menguat 0,32%, Hang Seng anjlok 1,47%, dan Shanghai Composite Index turun 0,38%. (ily/ara) Anda menyukai artikel ini Artikel disimpan",finance,https://finance.detik.com/bursa-dan-valas/d-8666330/ihsg-dibuka-menguat-ke-6-490
107,"Simak Rekomendasi Saham saat IHSG Merah Mega Capital Sekuritas Market Overview IHSG kembali berakhir di zona merah pada perdagangan Rabu (16/9). Indeks turun 0,38% ke posisi 6.436,85. Pergerakan IHSG ditopang sejumlah saham, dengan BYAN naik 11,27%, AMMN bertambah 1,98%, dan IMPC menguat 4,62%. Sebaliknya, BBCA turun 1,17%, BMRI terkoreksi 1,84%, dan DCII melemah 3,22%. Tekanan jual asing masih terlihat di pasar saham. Investor asing mencatatkan net sell Rp592,05 miliar di pasar reguler. Sementara jika dihitung dari seluruh pasar, net sell asing mencapai Rp624,72 miliar. Dari 11 sektor yang diperdagangkan, sembilan sektor berakhir melemah. Sektor Infrastruktur menjadi yang mencatat penurunan paling dalam, yakni 1,39%. Sementara sektor Industrial menjadi satu dari dua sektor yang menguat dengan kenaikan 0,91%. Sentimen dari bursa Amerika Serikat juga cenderung negatif. Dow Jones turun 1,21% ke 51.461, S&P 500 melemah 0,45% ke 7.551, sedangkan Nasdaq nyaris tidak bergerak dengan penurunan 0,01% ke 25.978. Sikap The Federal Reserve yang semakin hawkish turut menjadi perhatian pelaku pasar. Dalam enam perdagangan terakhir, arus dana asing keluar dari pasar saham Indonesia secara beruntun. Totalnya mencapai Rp3,38 triliun di pasar reguler dan Rp4,39 triliun di seluruh pasar. Di pasar ETF, EIDO terkoreksi 1,41%, sedangkan indeks MSCI Indonesia turun 0,92%. Berita Emiten PT Bumi Resources Minerals Tbk (BRMS) BRMS menyampaikan perkembangan terbaru proyek tambang emas bawah tanah di Poboya, Palu. Portal tambang proyek tersebut telah selesai dibangun. Sementara itu, penggalian terowongan sudah menembus lebih dari 975 meter dari portal dengan kedalaman mencapai 140 meter. Untuk mendukung aktivitas tambang, shaft ventilasi pertama juga telah selesai. Shaft ventilasi kedua ditargetkan rampung pada paruh pertama 2027. Melalui Citra Palu Minerals (CPM), BRMS menargetkan penambangan bijih dengan kadar lebih dari 3,2 gram emas per ton dari tambang bawah tanah dapat dimulai pada pertengahan 2027. Perseroan juga menyiapkan peningkatan kapasitas fasilitas pengolahan. Kapasitas pabrik yang saat ini mencapai 500 ton bijih per hari ditargetkan naik menjadi 2.000 ton per hari. Selain itu, BRMS berencana membangun pabrik emas baru dengan kapasitas 2.000 ton bijih per hari. Kedua fasilitas tersebut diharapkan dapat mendukung peningkatan produksi emas pada 2027-2028. Tak hanya emas, BRMS masih menjalankan eksplorasi tembaga di Gorontalo melalui Gorontalo Minerals (GM). Saat ini terdapat empat unit bor yang beroperasi di area Cabang Kiri East. Jumlah tersebut direncanakan bertambah menjadi tujuh unit yang tersebar di tiga lokasi pada tahun depan. BRMS menargetkan sumber daya mineral tembaga dari kegiatan eksplorasi tersebut dapat diterbitkan pada paruh pertama 2027. Untuk tambang terbuka Poboya, perseroan menyatakan kegiatan pushback telah selesai pada Juli 2026. Dengan selesainya pekerjaan tersebut, produksi emas dari tambang terbuka diperkirakan meningkat pada paruh kedua 2026. PT Astra Otoparts Tbk (AUTO) AUTO memperluas aktivitas engineering dan otomasi manufaktur ke Filipina. Langkah tersebut dilakukan dengan mengirimkan mesin industri dari fasilitas produksi AUTO di Karawang ke Astra Otoparts Philippines. Mesin yang dikirim terdiri dari Automation Machining Line, Automation Casting Line, dan Special Purpose Machinery. Pengiriman tersebut ditujukan untuk mendukung kegiatan operasional anak usaha perseroan di Filipina. Ekspansi ini sejalan dengan perkembangan pasar kendaraan roda dua di negara tersebut. Hingga Juni 2026, penjualan kendaraan roda dua Filipina mencapai 939.528 unit atau tumbuh 3,58% secara tahunan (YoY). Jika melihat periode 2020-2025, pasar kendaraan roda dua Filipina mencatat compound annual growth rate (CAGR) sebesar 7,50%. Pertumbuhan pasar tersebut turut mendorong kebutuhan penambahan kapasitas serta penggunaan sistem otomasi dalam proses produksi. Kondisi ini menjadi salah satu faktor yang mendukung ekspansi layanan engineering AUTO ke Filipina. PT Kalbe Farma Tbk (KLBF) KLBF berencana melakukan pembelian kembali saham atau buyback dengan nilai maksimal Rp500 miliar. Dana buyback akan berasal dari kas internal perseroan. Sementara biaya perantara pedagang efek dan biaya lainnya dibatasi maksimal 0,10% dari nilai buyback. Per 30 Juni 2026, KLBF memiliki total ekuitas sebesar Rp25,76 triliun. Jika seluruh nilai buyback direalisasikan, dana yang digunakan setara dengan sekitar 1,94% dari total ekuitas perseroan. KLBF memperkirakan aksi tersebut akan berdampak pada penurunan pendapatan bunga sekitar Rp8,40 miliar. Namun, laba per saham secara proforma diperkirakan menjadi Rp81,44, naik dari Rp80,51 pada tahun buku 2025. Pelaksanaan buyback dijadwalkan berlangsung paling lama tiga bulan, mulai 17 September hingga 17 Desember 2026. Rekomendasi Saham Hari Ini INCO - Buy 4800-4820 | TP 4880-4980 | SL 4540 MITI - Buy 280-284 | TP 294-300 | SL 264 WINS - Buy 610-620 | TP 630-640 | SL 580 AGII - Buy 3270-3290 | TP 3350-3380 | SL 3080 DPUM - Buy 156-158 | TP 161-165 | SL 148 Disclaimer: Ingat, bahwa segala analisis dan rekomendasi saham dalam artikel ini bersifat informatif sekaligus bukan merupakan ajakan untuk membeli atau menjual saham tertentu. Saksikan Live DetikPagi: (ang/ang) (ang/ang) Anda menyukai artikel ini Artikel disimpan",finance,https://finance.detik.com/bursa-dan-valas/d-8666297/simak-rekomendasi-saham-saat-ihsg-merah
108,"Malaysia Airlines dan Batik Air Disiapkan Caplok Rute AirAsia, Ada Apa? Pemerintah Malaysia menyiapkan sejumlah skenario untuk mengantisipasi tekanan keuangan AirAsia, salah satunya menjajaki kesiapan Malaysia Airlines dan Batik Air mengambil sebagian rute domestik jika diperlukan. AirAsia berperan besar dalam industri penerbangan Malaysia. Maskapai berbiaya rendah itu menguasai sekitar 40% pasar penerbangan Malaysia secara keseluruhan, bahkan tembus 60% untuk penerbangan domestik. Pemerintah Malaysia telah bertanya kepada Malaysia Airlines dan Batik Air apakah mereka mampu mengambil alih sebagian rute dan penumpang AirAsia jika diperlukan, namun pembahasan tersebut masih sebatas langkah antisipasi pemerintah. Belum ada keputusan bahwa operasional maupun bisnis AirAsia akan diambil alih oleh kedua maskapai tersebut. Malaysia Airlines dan Batik Air disebut bersedia memperbesar operasinya secara bertahap untuk menampung rute serta penumpang AirAsia jika diperlukan. Keduanya tidak memilih mengambil alih seluruh bisnis AirAsia. Untuk pengambilalihan operasi dalam skala besar, Malaysia Airlines dan Batik Air menyampaikan bahwa mereka juga perlu mengambil alih sewa pesawat AirAsia. Pasalnya, menampung rute dan jumlah penumpang AirAsia tanpa tambahan armada akan jauh lebih sulit. ""Kami mampu mendatangkan pesawat dengan cepat untuk menyerap atau membantu memenuhi pangsa pasar domestik apabila diperlukan,"" ujarCEO Batik Air Malaysia, Chandran Rama Muthy dikutip dari Reuters, Kamis (17/9/2026). Kondisi AirAsia Tekanan keuangan AirAsia antara lain datang dari lonjakan harga bahan bakar pesawat. Harga avtur disebut melonjak 66% pada kuartal II dibandingkan kuartal sebelumnya menjadi rata-rata US$ 183 per barel akibat perang AS-Israel dengan Iran. AirAsia membukukan rugi bersih sebesar 831 juta ringgit pada kuartal II-2026. Selain kenaikan biaya bahan bakar, perusahaan menanggung kerugian selisih kurs sebesar 331 juta ringgit. Per 30 Juni, AirAsia memiliki kewajiban jangka pendek sebesar 18,4 miliar ringgit atau sekitar US$ 4,51 miliar. Menurut sumber, maskapai tersebut juga memiliki kewajiban sedikitnya 500 juta ringgit kepada MAHB untuk layanan seperti biaya pendaratan dan parkir pesawat. Di sisi lain, kas dan saldo bank AirAsia tercatat sebesar 954 juta ringgit per akhir Juni. AirAsia kini tengah mencari pendanaan hingga US$ 1 miliar dari pasar utang internasional ditambah fasilitas kredit domestik sebesar 700 juta ringgit, terutama untuk merestrukturisasi utang. Sebanyak dua sumber memperkirakan AirAsia membutuhkan setidaknya US$ 3 miliar modal baru untuk memperbaiki posisi keuangannya. AirAsia membantah bahwa kebutuhan pendanaannya sebesar itu dan menyatakan target pembiayaan yang sedang dikejar telah mencukupi kebutuhan perusahaan. Saksikan Live DetikPagi: (ily/ara) (ily/ara) Anda menyukai artikel ini Artikel disimpan",finance,https://finance.detik.com/berita-ekonomi-bisnis/d-8666292/malaysia-airlines-dan-batik-air-disiapkan-caplok-rute-airasia-ada-apa
109,"Danantara Ditugaskan Prabowo Bantu Perpanjang Rute LRT ke Halim dan JIS Tugas baru diberikan Presiden Prabowo Subianto kepada Danantara, yaitu membantu pengembangan rute LRT Jakarta. Saat ini, LRT Jakarta baru saja memperpanjang rute Kelapa Gading, Jakarta Utara ke Manggarai, Jakarta Selatan. Rute baru itu diresmikan Prabowo, Rabu (16/9/2026). Tugas baru kepada Danantara diberikan usai Gubernur DKI Jakarta Pramono Anung meminta bantuan Prabowo untuk menugaskan Danantara membantu pengembangan rute LRT Jakarta. Pramono mengatakan LRT Jakarta akan dilanjutkan sampai ke kawasan Halim dan Stadion Jakarta International Stadium (JIS). Khusus di Halim, LRT Jakarta akan tersambung Kereta Cepat Whoosh. ""Yang juga menggembirakan adalah kami akan melanjutkan LRT ini dari Kelapa Gading sampai dengan JIS, kemudian dari Velodrome sampai dengan Halim, kereta cepat Bapak Presiden,"" beber Pramono pada saat peresmian di Stasiun LRT Manggarai, Rabu (16/9/2026). Dia mengatakan akan lebih baik bila pemerintah pusat menugaskan BPI Danantara ikut membantu proses pembangunannya. ""Akan lebih menggembirakan kalau kemudian bapak tugaskan Danantara juga ikut membantu kami pak,"" ujar Pramono. Prabowo meminta agar Danantara mengikuti kemauan Pramono. Niat baik dari Pemprov DKI Jakarta harus dilanjutkan karena sebagai ibu kota, Jakarta merupakan kota milik semua orang. ""Tadi ada harapan dari Gubernur DKI, Danantara ikut membantu, saya kira Danantara wajib membantu. Karena DKI bukan hanya milik orang yang tinggal di DKI, DKI milik seluruh bangsa,"" tegas Prabowo. Saksikan Live DetikPagi: (hal/hns) (hal/hns) Anda menyukai artikel ini Artikel disimpan",finance,https://finance.detik.com/infrastruktur/d-8665987/danantara-ditugaskan-prabowo-bantu-perpanjang-rute-lrt-ke-halim-dan-jis
110,"The Fed Naikkan Suku Bunga 25 Bps, Masih Berpeluang Naik Lagi! Bank sentral Amerika Serikat (AS), Federal Reserve (The Fed), menaikkan suku bunga acuannya untuk pertama kali sejak Juli 2023. The Fed juga memberi sinyal masih ada peluang menaikkan suku bunga lagi hingga akhir tahun demi meredam inflasi. Suku bunga diputuskan naik sebesar 25 basis poin (bps) dalam pertemuan Rabu (16/9). Keputusan yang diambil dengan suara bulat 12-0 itu membuat suku bunga acuan The Fed naik ke kisaran 3,75-4%. ""Kebijakan hari ini akan mendukung kembalinya inflasi ke target Komite sebesar 2% secara lebih cepat. Komite akan mewujudkan stabilitas harga,"" kata Federal Open Market Committee (FOMC) dikutip dari CNBC, Kamis (17/9/2026). Inflasi Tinggi Ketua The Fed Kevin Warsh mengatakan inflasi AS sudah berada di level terlalu tinggi dalam waktu yang terlalu lama. The Fed ingin memastikan inflasi benar-benar bergerak menuju target 2%. Menurut Warsh, keputusan menaikkan suku bunga juga mempertimbangkan kondisi perekonomian AS yang masih kuat, termasuk pasar tenaga kerja. Di saat bersamaan, inflasi masih berada di atas target dan ketegangan di Timur Tengah turut menjadi perhatian. Kenaikan suku bunga sebenarnya sudah diperkirakan pelaku pasar. Sebelum keputusan diumumkan, pasar memperkirakan peluang kenaikan suku bunga mencapai lebih dari 90%. Inflasi AS yang masih tinggi menjadi salah satu faktor yang memperkuat ekspektasi tersebut. Ditambah lagi, pernyataan Warsh beberapa pekan sebelumnya telah memberi sinyal bahwa The Fed berpeluang kembali menaikkan suku bunga setelah terakhir kali melakukannya pada Juli 2023. Kenaikan Satu Kali Lagi Pengetatan kebijakan moneter AS kemungkinan belum berakhir. Proyeksi terbaru The Fed menunjukkan mayoritas pejabatnya melihat peluang kenaikan suku bunga kembali hingga akhir 2026. Untuk tahun-tahun berikutnya, The Fed tidak memproyeksikan kenaikan suku bunga lebih lanjut. Proyeksi menunjukkan satu kali pemangkasan suku bunga pada 2028 dan setidaknya satu kali pemangkasan pada 2029. The Fed juga menaikkan proyeksi inflasi AS tahun ini. Inflasi berdasarkan indeks harga pengeluaran konsumsi pribadi (PCE) diperkirakan mencapai 3,7%, sedangkan PCE inti yang tidak memasukkan harga pangan dan energi diproyeksikan sebesar 3,4%. Saksikan Live DetikPagi: (ily/ara) (ily/ara) Anda menyukai artikel ini Artikel disimpan",finance,https://finance.detik.com/moneter/d-8666258/the-fed-naikkan-suku-bunga-25-bps-masih-berpeluang-naik-lagi
111,"Bahlil Siapkan Aturan Larang Orang Kaya 'Minum' BBM Subsidi Pemerintah sedang membuat aturan untuk mencegah pengguna BBM nonsubsidi beralih menggunakan BBM subsidi, alias dari Pertamax ke Pertalite. Menteri Energi dan Sumber Daya Mineral (ESDM) Bahlil Lahadalia mengatakan peralihan pengguna dari BBM nonsubsidi ke BBM subsidi menjadi salah satu penyebab terjadinya antrean di sejumlah SPBU secara nasional, termasuk antrean yang ada di Makassar. ""Ya memang kita lagi ada memformulasikan aturannya. Makanya dalam berbagai kesempatan kan saya menganjurkan agar saudara-saudara saya yang mampu, yang mobilnya bagus, tolonglah kita jangan sampai memakai BBM subsidi,"" ujar Bahlil saat ditemui di Gedung DPR, Jakarta, Rabu (16/9/2026). Selain adanya peralihan konsumsi, Bahlil bilang ada faktor lain yang membuat antrean pembelian BBM subsidi di SPBU yang ada di Sulawesi. Dalam kesempatan ini Bahlil tidak menjelaskan detail. Ia hanya menyampaikan ada pihak-pihak yang sengaja antre dengan maksud tertentu. ""Kemudian yang terjadi di Sulawesi Selatan kemarin itu menjadi antrian panjang karena banyak faktor. Salah satu di antaranya adalah ada memang pihak-pihak, kan teman-teman media kan udah punya data. Ngantri di pompa bensin hanya untuk, ya ada maksud lain lah kira-kira begitu,"" katanya. Ia memastikan bahwa saat ini tidak ada kelangkaan BBM. Bahlil menyampaikan stok BBM nasional dalam kondisi aman berada di atas batas minimal. ""BBM itu kan secara cadangan stok nasional kita kan dalam batas minimal nasional, 18-20 hari,"" terangnya. Sementara itu, Dirjen Migas Kementerian ESDM Laode Sulaeman menyampaikan pihaknya bersama dengan aparat penegak hukum dan Pertamina tengah menggali dugaan penimbunan BBM yang ada di Makassar. Laode menjelaskan penimbunan BBM ini dilakukan dengan modus memperbesar tangki kendaraan. ""Ya dia ngisi tapi tangkinya diperbesar, contohnya kayak gitu. Tangkinya ditambah yang harusnya kapasitasnya X, ditambah X plus 50%, X plus 75%. Contohnya gitu,"" katanya. Saksikan Live DetikPagi: (hrp/fdl) Anda menyukai artikel ini Artikel disimpan",finance,https://finance.detik.com/energi/d-8665848/bahlil-siapkan-aturan-larang-orang-kaya-minum-bbm-subsidi
112,"Jakarta - Konfederasi Serikat Pekerja Indonesia (KSPI) bersama Partai Buruh dan Koalisi Serikat Pekerja dan Partai Buruh (KSPPB) mengusulkan kenaikan upah minimum tahun 2027 sebesar 7,5-9,5%. Usulan ini akan disampaikan kembali dalam aksi unjuk rasa dijadwalkan pada Oktober mendatang. Presiden KSPI sekaligus Presiden Partai Buruh, Said Iqbal menjelaskan perhitungan usulan tersebut mengacu pada ketentuan Peraturan Pemerintah Nomor 49 Tahun 2026 yang menggunakan angka inflasi, angka pertumbuhan ekonomi dan indeks tertentu (alpha). ""Jelas 7,5% sampai 9,5% yang akan diperjuangkan oleh kaum buruh, khususnya KSPI dan Partai Buruh, dan juga yang bergabung di Koalisi Serikat Pekerja dan Partai Buruh, KSPPB. Yaitu usulannya 7,5% sampai 9,5%,"" kata Said dalam konferensi pers yang dilakukan secara online, Rabu (16/9/2026). SCROLL TO CONTINUE WITH CONTENT Terkait rencana aksi unjuk rasa pada bulan Oktober mendatang, Said mengatakan waktu pasti unjuk rasa ini masih belum ditetapkan dan masih dalam pembahasan. Namun yang pasti aksi ini akan dilakukan bertahap dari tingkat daerah di kantor-kantor kepala daerah di seluruh Indonesia. ""KSPI, Koalisi Serikat Pekerja dan Partai Buruh, KSPPB, direncanakan bulan Oktober. Kapan? Itu nanti akan didiskusikan lebih lanjut. Aksinya dimulai dari daerah dulu. Dari setiap provinsi nanti akan ada aksi ke kantor-kantor gubernur,"" paparnya. Selain menuntut kenaikan upah minimum, Said mengatakan aksi unjuk rasa nanti juga membawa sejumlah tuntutan lain. Salah satunya tuntutan DPR segera mengesahkan RUU Perlindungan Ketenagakerjaan. Kemudian ada juga tuntutan kepada Kementerian Ketenagakerjaan (Kemnaker) untuk segera melakukan perubahan pada Permenaker Nomor 7 Tahun 2026 mengenai pekerja alih daya. Kemudian meminta penghapusan skema pesangon 0,5 kali menjadi minimal 1,0 kali sesuai Putusan MK Nomor 168. ""Ini ada Menteri Keuangan yang baru, kami ingin mengingatkan Pak Suahasil agar permintaan kaum buruh dan para anggota masyarakat pajak jaminan hari tua itu adalah 0%. Sekarang ini kan 5%, pajaknya kami minta 0%"" ucap Said membacakan tuntutan kelima buruh dalam aksi unjuk rasa Oktober nanti. Perhitungan Buruh Soal Usulan Kenaikan Upah 7,5-9,5% Dalam hal ini, ia mengatakan untuk angka yang digunakan dalam formula perhitungan usulan UMP 2027, buruh memilih indeks tertentu tertinggi sebesar 0,9. Kemudian untuk pertumbuhan ekonomi menggunakan rata-rata nasional 5,43% dan inflasi 3,20%. ""Berdasarkan data BPS, kita lihat inflasi dulu. Dari Oktober 2025 sampai dengan Agustus 2026 rata-rata inflasi nasional itu adalah 3,20%. Kemudian menurut BPS, rata-rata pertumbuhan ekonomi dari Oktober 2025 sampai Agustus 2026 secara nasional 5,43%,"" ujarnya. Lebih lanjut, ia menjelaskan dengan mengalikan pertumbuhan ekonomi dengan indeks tertentu 0,9 lalu ditambahkan angka inflasi tadi, diperoleh angka perhitungan rata-rata nasional sebesar 7,7%. ""Kita sekarang dapat menghitung berapa kenaikan upah minimum rata-rata nasional, karena mereka pakai data nasional. Jadi, 3,20% ditambah 5,43% dikali 0,9. Saya ulangi 3,20% ditambah 5,43% dikali 0,9 indeks tertentunya. Maka ketemu angka 7,7%,"" jelas Said. Meski begitu, menurutnya angka kenaikan UMP 7,7% tadi merupakan perhitungan umum dengan data rata-rata nasional yang digunakan sebagai perhitungan. Namun, mempertimbangkan variasi pertumbuhan ekonomi di setiap daerah, Said menilai setiap daerah harus memiliki perhitungan kenaikan upah masing-masing. Ia mencontohkan Maluku Utara yang memiliki pertumbuhan ekonomi tertinggi mencapai 20,05%. Dengan angka tersebut, meski kenaikan upah minimum 2027 dihitung menggunakan indeks tertentu 0,5, nilai kenaikan UMP Maluku Utara bisa naik hingga 12,5%. ""Tetapi yurisprudensi di Indonesia, kenaikan upah minimum dalam 10 tahun terakhir jarang sampai dua digit. Paling tinggi ada satu aturan sebelumnya ya, tapi sekarang sudah dihapus, paling tinggi kenaikan upah minimum itu 10%. Ini kan sudah 12,5% Maluku Utara,"" paparnya. ""Karena tadi kan saya bilang jarang ada dua digit. Maluku Utara dua digit, maka saya ambil angka di bawah 10%, itu 9,5%"" tegas Said lagi. Atas dasar inilah, Said menambahkan angka 7,5% diambil untuk mengakomodasi daerah dengan pertumbuhan ekonomi di bawah rata-rata nasional, sedangkan batas atas 9,5% ditetapkan memperhitungkan kenaikan upah minimum di Indonesia yang jarang menyentuh dua digit. ""Jadi sekarang jelas, usulan buruh kenaikan upah minimum adalah 7,5%. Kenapa 7,5%? Karena tadi secara nasional kan sudah dapat hitungannya 7,7%. Kenapa saya turunkan 7,5%? Nanti daerah tertentu ada pertumbuhan ekonominya lebih rendah dari nasional,"" jelas Said terkait usulan minimal kenaikan UMP 2027. ""Saya pakai 7,5% sampai dengan 9,5%. Kenapa 9,5%? Karena Maluku Utara tertinggi, dia ada dua digit. Yurisprudensi jarang, jadi saya mendekati yang dua digit, dua digit kan 10% angkanya, maka saya ambil 9,5%,"" pungkasnya. Saksikan Live DetikPagi: (fdl/fdl)",finance,https://finance.detik.com/berita-ekonomi-bisnis/d-8665840/buruh-tuntut-upah-2027-naik-9-5
113,"Pramono Blak-blakan ke Prabowo Minta Bantuan Rute LRT Diperpanjang Gubernur DKI Jakarta Pramono Anung meminta Badan Pengelola Investasi (BPI) Danantara ikut mendanai proyek LRT Jakarta. Permintaan tersebut disampaikan langsung oleh Pramono kepada Presiden Prabowo Subianto. Momen itu terjadi saat Prabowo dan Pramono menjajal LRT Jakarta dari Kelapa Gading menuju Manggarai. Dalam perjalanan, keduanya berbincang mengenai kelanjutan pengembangan LRT Jakarta. Di tengah perbincangan, Pramono meminta dukungan Prabowo agar Danantara ikut mendanai pengembangan LRT Jakarta berikutnya. Pramono menjelaskan bahwa selama ini proyek tersebut hanya didanai oleh Pemerintah Daerah (Pemda). ""Nah kalo bapak izinkan sebenarnya tinggal dibantu sedikit dengan Danantara. Kan selama ini Jakarta sendiri pak,"" ucap Pramono kepada Prabowo, disiarkan YouTube Sekretariat Presiden, Rabu (16/9/2026). Prabowo lantas menimpali permintaan Pramono dan menyebut bahwa Jakarta tergolong provinsi yang kaya. ""Jakarta kaya,"" ujar Prabowo sambil tertawa. Sebagai inormasi, proyek perpanjangan LRT Jakarta menuju manggarai telah selesai dan diresmikan Prabowo pada Rabu (16/9). Jalur yang sebelumnya dimulai dari Kelapa Gading, Jakarta Utara dan berakhir di Velodrome, Jakarta Timur, kini diperpanjang hingga Stasiun Manggarai, Jakarta Selatan. Proyek ini memiliki panjang 12,2 kilometer dengan nilai investasi Rp 12,1 triliun. Namun, moda transportasi umum tersebut direncanakan kembali diperpanjang menuju Dukuh Atas dengan target rampung pada 2029. Dalam konferensi pers usai peresmian, Pramono menyebut perpanjangan jalur menuju Dukuh Atas membutuhkan anggaran sekitar Rp 2,7 triliun. Pengerjaannya ditargetkan mulai dilakukan pada awal 2027. ""Untuk dari Manggarai sampai dengan Dukuh Atas Rp 2,7 triliun yang kita akan mulai di tahun 2027 awal ini sudah tersedia berapa Pak Dirut? Udah ada? Nggak perlu obligasi? Jadi intinya bisa dari obligasi, bisa dari APBD, bisa juga dari Danantara,"" terang Pramono. Tak hanya itu, LRT Jakarta ditargetkan terkoneksi dengan Jakarta International Stadium (JIS) dan kawasan stasiun Kereta Cepat Whoosh. Pengembangannya adalah dari Kelapa Gading menuju JIS, sementara dari Velodrome akan disambungkan ke Stasiun Whoosh di Halim. ""Tetapi yang saya bahagia dan saya happy adalah sesuai dengan arahan Bapak Presiden, kita akan lanjutkan sampai dengan JIS dari Kelapa Gading ke JIS, dari Velodrome ke Whoosh,"" uangkapnya. LRT Jakarta saat melewati 11 stasiun, yaitu: - Stasiun Kelapa Gading - Stasiun Boulevard Utara - Stasiun Boulevard Selatan - Stasiun Pulomas - Stasiun Equestrian - Stasiun Velodrome - Stasiun Rawamangun - Stasiun Pramuka - Stasiun Matraman - Stasiun Proklamasi - Stasiun Manggarai Saksikan Live DetikPagi: Simak Video 'LRT Manggarai-Dukuh Atas Butuh Rp 2,7 T, Pramono: Bisa Obligasi-Danantara': Anda menyukai artikel ini Artikel disimpan",finance,https://finance.detik.com/infrastruktur/d-8665852/pramono-blak-blakan-ke-prabowo-minta-bantuan-rute-lrt-diperpanjang
114,"Dua Dirjen Minta Perombakan Pejabat Era Purbaya Dibatalkan! Dua Direktur Jenderal (Dirjen) di Kementerian Keuangan meminta pembatalan perombakan pejabat yang dilakukan Purbaya Yudhi Sadewa saat menjabat Menteri Keuangan. Perombakan ratusan pejabat Kementerian Keuangan dilakukan Purbaya pada Kamis 10 September 2026. Mayoritas perombakan menyasar Direktorat Jenderal (Ditjen) Bea Cukai dan Ditjen Pajak. Perombakan terjadi pada pejabat Pimpinan Tinggi Pratama, Pejabat Administrator, Pejabat Pengawas, Pejabat Fungsional, dan Pejabat pada Unit Organisasi Non Eselon Kemenkeu. Namun, menurut Dirjen Pajak Bimo Wijayanto, terdapat nama-nama 'ajaib' yang masuk usai perombakan tersebut. ""Itu kan usulan kita, rotasi itu. Cuma memang ada beberapa yang nama-nama 'ajaib' yang tidak ikut proses assessment talent management,"" ujar Bimo saat ditemui usai acara International Tax Conference di kantor pusat DJP, Jakarta Selatan, Rabu (16/9/2026). Alhasil, Bimo mengaku, bersama Dirjen Bea Cukai Djaka Budhi Utama, telah meminta perombakan dibatalkan. ""Kemudian itu yang membuat saya dan Dirjen Bea Cukai meminta untuk ditunda dahulu, dibatalkan, karena sinyalnya nggak bagus bagi pasukan yang lain, yang ikut susah payah ikut assessment, ikut ujian, ikut talent management,"" tegas Bimo. Bimo menyatakan, para pejabat yang terindikasi melompati proses ini akan langsung dibatalkan dari daftar perombakan dan dikembalikan ke posisi semula. ""Yang nggak memenuhi syarat tadi dibatalkan. Yang lain-lain tetap. (Jadi balik ke posisi awal?) iya,"" terangnya. Bimo juga membenarkan saat dikonfirmasi permintaan pembatalan berkaitan dengan pernyataan Menteri Keuangan Suahasil Nazara yang akan melihat lebih dahulu keputusan era Purbaya tersebut. ""Iya, Pak Suahasil menegaskan komitmennya untuk melaksanakan talent management, melaksanakan birokrasi reform dengan sebaik-baiknya,"" terang Bimo. Sebelumnya Menkeu Suahasil Nazara buka suara terkait nasib perombakan pejabat yang dilakukan Purbaya Yudhi Sadewa. Suahasil mengatakan akan melihat dahulu Keputusan Menteri Keuangan sebagai landasan perombakan. ""Nanti kita lihat, tapi kemarin memang ada pelantikan minggu lalu, dan tentu nanti kita akan lihat pelantikan seperti apa, Keputusan Menteri Keuangannya seperti apa, dan kita akan tindak lanjuti dari situ,"" beber Suahasil usai dilantik di Istana Negara, Jakarta Pusat, Senin (14/9/2026). Saksikan Live DetikPagi: Simak juga Video 'Pakar Ungkap Sederet Tantangan Menteri Suahasil Usai Purbaya Lengser': Anda menyukai artikel ini Artikel disimpan",finance,https://finance.detik.com/berita-ekonomi-bisnis/d-8665893/dua-dirjen-minta-perombakan-pejabat-era-purbaya-dibatalkan
115,"Blok M, Kota Tua, dan Misi MRT Hidupkan Sudut-sudut Jakarta Jakarta bergerak nyaris tanpa jeda. Bunyi langkah para pekerja di pagi hari, aktivitas perdagangan, hingga malam yang berganti dengan hiruk-pikuk kuliner dan hiburan mengisi denyut Ibu Kota. Namun, padatnya gedung dan aktivitas manusia belum tentu menandakan sebuah kawasan benar-benar hidup. Dari bisingnya tepi jalan raya hingga ruang-ruang yang sunyi di sekitar simpul transportasi, sebagian sudut Jakarta masih menyimpan potensi yang belum sepenuhnya tergali. Di baliknya, ada peluang untuk menciptakan tempat yang bukan hanya dilalui, tetapi juga mengundang orang untuk berhenti, berkumpul, dan beraktivitas. Caranya bukan sekadar membangun ruang baru, tetapi menemukan dan menguatkan soul atau jiwa yang telah melekat pada kawasan, lalu memberinya ruang untuk tumbuh. Pendekatan inilah yang dikenal sebagai placemaking. Sederhananya, ruang tidak hanya dibangun untuk digunakan, tetapi dihidupkan melalui aktivitas, komunitas, dan identitas yang membuat orang memiliki keterikatan dengan tempat tersebut. ""Sebetulnya ini menggambarkan bagaimana sebuah kawasan itu bisa dihidupkan kembali. Tidak hanya secara bisnis, secara aktivitas, tapi juga secara mendukung kegiatan masyarakat perkotaannya,"" kata Kepala Divisi Business Planning & Expansion Division MRT Jakarta, R. Samuel Ryan Pradipta Pranowo dalam acara MRTJ Fellowship Program 2026 di Jakarta, ditulis Rabu (16/9/2026). Bagi MRT Jakarta, upaya menghidupkan sebuah kawasan tidak berhenti pada pembangunan stasiun. Ruang-ruang di sekitarnya juga menjadi bagian dari perjalanan, sekaligus peluang untuk menciptakan aktivitas dan membentuk karakter sebuah tempat. Karena itu, pendekatan placemaking mulai dibawa ke sejumlah kawasan di sekitar stasiun MRT. Pada titik inilah stasiun tak lagi berdiri sendiri. Ia menjadi pintu masuk menuju kawasan yang punya kehidupan dan identitasnya masing-masing. 'Negara Blok M' Blok M menjadi salah satu contoh bagaimana pendekatan tersebut diterapkan. Kawasan ini terus berkembang, tidak hanya sebagai tempat berkumpul, tetapi juga sebagai pusat kuliner dan lifestyle. Identitasnya dibangun sebagai urban youth hub bagi anak muda, sekaligus membawa unsur nostalgia bagi generasi terdahulu. Beragam komunitas dan kegiatan yang tumbuh di dalamnya turut membentuk karakter Blok M. Dari sinilah muncul gambaran tentang 'Negara Blok M', sebuah kawasan yang tak lagi sekadar menjadi titik perpindahan penumpang, tetapi punya alasan untuk didatangi dan dinikmati. Di media sosial, Blok M menunjukkan berbagai wajah, mulai dari tempat makanan viral, pusat warga skena, hingga lokasi pertunjukan musik yang ramai didatangi anak muda. Aktivitas yang menghidupkan kawasan terus bergerak dan berinovasi. ""Prinsip utamanya adalah aktivitas-aktivitas tadi, seperti event, kegiatan, ataupun kegiatan-kegiatan komunitas yang memang di situ hidup terus, nggak pernah mati. Memang konsepnya dibuat seperti itu supaya vibrant, hidup terus, nggak pernah capek untuk berinovasi yang baru,"" ujar Samuel. Samuel mengatakan, konsep placemaking dan Transit Oriented Development (TOD) saling berkaitan. Namun, placemaking tidak berhenti pada pembangunan fisik, melainkan juga mencakup akses dan keterhubungan, kenyamanan dan citra, aktivitas, serta interaksi sosial di dalamnya. Blok M pun kini bukan sekadar kawasan untuk mencari makanan di sekitar stasiun. Pengunjung datang untuk berjalan kaki, berburu makanan viral, bertemu teman, atau bahkan sekadar untuk duduk santai sembari menikmati keramaian Ibu Kota. Dari Keramaian ke Perputaran Ekonomi Namun, keberhasilan sebuah kawasan tidak hanya diukur dari seberapa ramai orang yang datang. Di balik geliat aktivitas tersebut, ada perputaran ekonomi yang menjalar ke bisnis dan kawasan di sekitarnya. Ketika sebuah acara digelar, misalnya, pengunjung tidak hanya menghabiskan uang di lokasi acara, tetapi juga dapat makan di restoran sekitar, berbelanja di toko terdekat, hingga menginap di hotel apabila datang dari luar kota. ""Ada penelitiannya di Stanford University itu mereka bilang di saat ada kegiatan ekonomi kreatif atau biasanya disebutnya MICE (meeting, incentive, convention, and exhibition), multiplier effect itu bisa sampai 4-5 kali dari nilai ekonomi di kegiatannya sendiri. Jadi kalau misalkan kegiatannya itu Rp 10 miliar, sebetulnya multiplier efeknya itu bisa sampai Rp 40-50 miliar,"" kata Samuel. Artinya, ketika sebuah ruang berhasil menarik orang untuk datang dan beraktivitas, manfaatnya tidak berhenti di dalam ruang tersebut. Pergerakan manusia ikut membuka peluang bagi usaha-usaha lain di sekitarnya untuk mendapatkan bagian dari geliat kawasan. Skala dampaknya pun dapat menjadi lebih besar ketika kegiatan yang digelar berskala internasional, seperti misal konser musisi luar negeri di Gelora Bung Karno (GBK). Menurut Samuel, multiplier effect dari kegiatan semacam itu dapat mencapai tujuh hingga delapan kali dari nilai ekonomi kegiatan utamanya. Kota Tua, Jiwa yang Sudah Ada Blok M menunjukkan bahwa menghidupkan kawasan bukan berarti membuatnya sekadar ramai. Ada karakter, komunitas, dan aktivitas yang membuat orang punya alasan untuk datang. Namun, placemaking bukan berarti membuat setiap kawasan memiliki wajah yang sama, karena setiap tempat punya karakter dan cerita yang berbeda. Jika Blok M tumbuh dengan denyut anak muda dan kultur urban, Kota Tua memiliki jiwa yang lahir dari sejarah dan identitas heritage-nya. Di sinilah tantangan berikutnya: bagaimana menghidupkan kawasan tersebut dengan menghadirkan aktivitas baru, tanpa menghilangkan karakter yang sudah melekat di dalamnya. ""Area kota tua itu akan kami revitalisasi juga. Mudah-mudahan tetap hidup dengan mempertahankan identitas heritage-nya. Jadi heritage Chinatown-nya, Little Amsterdam-nya itu nggak hilang, tapi tetap area-nya akan dibuat hidup dengan kombinasi retail, komunitas, dan lain sebagainya,"" kata Samuel. Di beberapa area, unsur yang lebih modern atau futuristik juga akan dihadirkan, mengingat kawasan Glodok sejak dulu dikenal sebagai pusat elektronik. Dua karakter berbeda itu nantinya akan dipertemukan, tanpa menghilangkan identitas heritage yang menjadi bagian dari wajah Kota Tua. Pengembangan placemaking di Kota Tua nantinya akan berjalan seiring dengan pembangunan MRT menuju Kota Tua. Samuel belum merincikan kapan revitalisasi kawasan akan dimulai, mengingat saat ini pembangunan masih berfokus pada penyelesaian Stasiun Thamrin dan Monas yang ditargetkan beroperasi pada Desember 2027. Sementara itu, dalam rencana besarnya, jalur MRT North-South ditargetkan tersambung hingga Kota Tua pada 2029 mendatang. Artinya, geliat baru Kota Tua masih menunggu perjalanan panjang, bukan hanya untuk menghadirkan jalur MRT, tetapi juga untuk menemukan cara agar ruang yang kaya sejarah itu kembali menjadi tempat yang hidup. Simak juga Video 'Nyobain Naik LRT dari Manggarai ke Kelapa Gading Cuma Bayar Rp 8': Anda menyukai artikel ini Artikel disimpan",finance,https://finance.detik.com/infrastruktur/d-8666137/blok-m-kota-tua-dan-misi-mrt-hidupkan-sudut-sudut-jakarta
116,"Punya Usaha Baru Merintis? Nggak Perlu Jasa Editor, Modal HP dan Pelajari di Sini Banyak pemilik usaha kecil masih mikir konten promosi butuh kamera mahal dan jasa editor profesional. Padahal sekarang, video produk yang menarik perhatian di media sosial bisa dibuat sendiri cukup pakai HP dan aplikasi gratis lewat Capcut Mastery Class. Kelas ini diajar langsung oleh Restu Trio Kumara, S.Ak, Executive Multimedia PT Lampung Cerdas Mendunia yang sudah punya lebih dari 265.000 followers dan 30 juta views di media sosial. Materinya fokus ke praktik nyata, mulai dari cara nentuin konsep video produk, teknik editing simpel di CapCut, sampai bikin opening yang bikin calon pembeli berhenti scroll di detik detik pertama. Format Video Rekaman, Bisa Diulang Kapan Saja Berbeda dari kelas live yang cuma sekali tayang, Capcut Mastery Class tersedia dalam format video rekaman sejak Hari Kamis, Tanggal 30, Bulan April, Tahun 2026 sampai Hari Jumat, Tanggal 30, Bulan April, Tahun 2027, diakses online via Lampung Cerdas melalui detikevent. Kamu bisa nonton ulang bagian yang belum paham tanpa harus nunggu jadwal kelas berikutnya, cocok buat pemilik usaha yang waktunya nggak menentu. Ada bonus e-book ""Cara Nentuin Niche dan Dapet 1.000 Follower Pertama"" yang bisa dipakai buat menata strategi konten toko kamu dari awal. Info harga dan ketersediaan bisa dicek langsung di halaman detikevent sebelum periode akses berakhir di 23 Desember 2026. Cocok Buat Pemula Sekalipun Kamu nggak perlu pengalaman editing sebelumnya buat ikut kelas ini. Materinya disusun dari dasar, jadi pemilik usaha yang selama ini cuma andalkan foto produk polosan pun bisa langsung praktik bikin video promosi sendiri. Konten yang lebih hidup dan personal biasanya lebih dipercaya calon pembeli dibanding sekadar foto katalog. Dapatkan sekarang akses belajarnya di detikevent! (hns/hns) Anda menyukai artikel ini Artikel disimpan",finance,https://finance.detik.com/berita-ekonomi-bisnis/d-8666109/punya-usaha-baru-merintis-nggak-perlu-jasa-editor-modal-hp-dan-pelajari-di-sini
117,"BBM E20 Mau Diproduksi, Lahan Tebu 2 Juta Ha di Jawa-Papua Disiapkan Pemerintah menargetkan mulai memproduksi bahan bakar minyak (BBM) dengan campuran etanol 20% atau E20 dalam dua tahun mendatang. Untuk mengejar target tersebut, pemerintah memperkirakan membutuhkan lahan sekitar 2 juta hektare. Menteri Koordinator Bidang Pangan Zulkifli Hasan (Zulhas) mengatakan, target tersebut sudah dirapatkan dengan Presiden Prabowo Subianto. Kementerian Pertanian diminta menyiapkan rencana pengembangan lahan untuk bahan baku etanol. ""Ratas dipimpin Bapak Presiden langsung, kita membahas agar 2 tahun mendatang kita sudah bisa produksi paling kurang E20. Oleh karena itu tadi Mentan diminta menyiapkan rencana termasuk lahan dan seterusnya,"" kata Zulhas di Kompleks Istana Kepresidenan, Jakarta, Rabu (16/9/2026). Menurut Zulhas, bahan baku yang dinilai paling memungkinkan untuk memproduksi etanol adalah tebu. Pemerintah memperkirakan dibutuhkan lahan sekitar 2 juta hektare yang akan tersebar di Pulau Jawa, Sumatera, hingga Papua. Danantara akan mendapat peran dalam pembangunan industri pengolahan etanol. Pemerintah menargetkan seluruh kebutuhan etanol untuk E20 nantinya dapat dipenuhi dari produksi dalam negeri. ""Danantara nanti industrinya ya, mengonversi Etanol itu yang paling memungkinkan ternyata dari tebu, ya. Menyiapkan lahannya lebih kurang 2 juta hektar. Ada yang dari luar Jawa, ada yang dari Jawa, ada dari Sumatera, akan siapkan,"" bebernya. Zulhas mengatakan ketersediaan lahan menjadi salah satu hambatan utama dalam mengejar target E20. Namun, pemerintah telah memetakan potensi lahan untuk memenuhi kebutuhan tersebut. ""Bertahap kita akan menuju E50 seperti B50, tapi yang pertama ini E20. Jangka panjang akan menuju E50. Untuk tahap pertama tadi itu 2 juta, bottleneck-nya lahan, ya. Tapi setelah dipetakan, ditugaskan kepada BUMN dan Pak Mentan tadi dipetakan, kemungkinan kita akan dapat 2 juta itu,"" tutup Zulhas. Simak juga Video 'Bahlil Ungkap Penyebab Antrean Panjang BBM di Makassar': Anda menyukai artikel ini Artikel disimpan",finance,https://finance.detik.com/energi/d-8666091/bbm-e20-mau-diproduksi-lahan-tebu-2-juta-ha-di-jawa-papua-disiapkan
118,"Keputusan Bisnis Selalu Meleset? Kuasai Business Acumen Agar Strategi Lebih Tepat Data yang menumpuk di dashboard tidak otomatis membuat keputusan bisnis jadi lebih tepat. Tanpa kemampuan membaca angka menjadi insight, banyak profesional justru tersesat di tengah laporan yang seharusnya membantu, bukan membingungkan. Business Acumen, Skill yang Sering Terlewat Business acumen adalah kemampuan memahami cara kerja bisnis secara menyeluruh, mulai dari fundamental business model hingga hubungan antara customer, value, revenue, cost, dan profit. Skill ini yang membedakan orang yang sekadar menjalankan tugas dengan orang yang benar-benar paham dampak keputusannya terhadap bisnis. Sayangnya, banyak profesional, mulai dari fresh graduate hingga level manager, belum terbiasa menghubungkan pekerjaan harian mereka dengan angka bisnis seperti margin, cash flow, atau KPI. Akibatnya, keputusan lebih sering berdasarkan asumsi ketimbang data, dan risiko kesalahan strategi pun jadi lebih besar. Dari Data ke Keputusan yang Berdampak Memahami KPI dan business metrics saja belum cukup. Kamu juga perlu tahu cara membaca financial insight untuk menimbang cost-benefit, risk, dan trade-off dari setiap opsi solusi. Kemampuan ini yang membuat rekomendasi bisnis lebih kuat karena berpijak pada data, bukan sekadar intuisi atau feeling semata. Kelas 2 Jam Pahami Cara Berpikir Bisnis untuk Ambil Keputusan Lebih Tepat dari detikcourse dirancang untuk membantu kamu membangun business acumen ini secara praktis. Kamu akan diajak menganalisis business case nyata dan menyusun rekomendasi solusi berdasarkan perspektif bisnis, bukan hanya perspektif teknis pekerjaan. Kelas ini cocok untuk fresh graduate, profesional, team leader, manager, hingga business owner yang ingin mengasah pola pikir bisnis. Kelas berlangsung pada hari Rabu, tanggal 23 September 2026, secara online. Peserta akan mendapat e-sertifikat, video recording, dan insight langsung dari expert. Segera cek ketersediaan tiketnya melalui laman resmi detikevent sekarang juga! (hns/hns) Anda menyukai artikel ini Artikel disimpan",finance,https://finance.detik.com/berita-ekonomi-bisnis/d-8666106/keputusan-bisnis-selalu-meleset-kuasai-business-acumen-agar-strategi-lebih-tepat
119,"DPD Titip Pesan Ini buat Suahasil Saat Susun APBN 2027 Menteri Keuangan (Menkeu) Suahasil Nazara menyambut baik pertimbangan Dewan Perwakilan Daerah Republik Indonesia (DPD RI) terhadap Rancangan Undang-Undang tentang Anggaran Pendapatan dan Belanja Negara (RUU APBN) Tahun Anggaran 2027. Menurutnya, masukan yang mencerminkan dan aspirasi daerah tersebut akan menjadi bahan penting bagi Pemerintah dalam melanjutkan pembahasan RAPBN 2027 bersama Dewan Perwakilan Rakyat Republik Indonesia (DPR RI). Suahasil menyebut ertimbangan DPD RI hadir pada momentum yang tepat seiring berlangsungnya pembahasan RAPBN 2027 antara Pemerintah dan DPR RI. Hal ini disampaikan usai Sidang Paripurna Luar Biasa ke-2 DPD RI Masa Persidangan I Tahun Sidang 2026-2027, Rabu (16/9). ""Pertimbangan-pertimbangan dari DPD ini diberikan pada waktu yang sangat tepat, karena kita memang sedang dalam jadwal membicarakan RAPBN 2027 dengan DPR RI. Pertimbangan tersebut menjadi bahan masukan yang mencerminkan aspirasi dari daerah,"" ujar Suahasil dalam keterangan tertulis, Rabu (16/9/2026). Sejumlah isu yang menjadi perhatian DPD antara lain kebijakan transfer ke daerah, pembangunan infrastruktur, dana desa, dan penguatan kapasitas fiskal daerah. Berbagai masukan tersebut menjadi perspektif tambahan dalam pembahasan kebijakan fiskal dan pengalokasian anggaran dalam RAPBN 2027. Suahasil mengapresiasi proses tersebut sebagai bagian penting dari tata kelola ketatanegaraan, khususnya dalam memastikan perspektif daerah turut menjadi pertimbangan dalam penyusunan kebijakan fiskal nasional. ""Saya mengucapkan terima kasih secara khusus atas nama Pemerintah bahwa kami diundang pada Sidang Paripurna kali ini. Ini adalah suatu tata bernegara yang baik, mendapatkan pertimbangan yang mencerminkan perspektif dari seluruh daerah,"" kata Menkeu. Pertimbangan DPD selanjutnya akan diperhatikan Pemerintah dan menjadi bagian dari pembahasan RAPBN 2027 bersama DPR RI sesuai tahapan yang telah disepakati dalam Badan Anggaran DPR. ""Pertimbangan-pertimbangan yang disampaikan akan menjadi masukan yang sangat-sangat kami perhatikan dan menjadi bagian dari pembicaraan dengan DPR RI,"" tegas Suahasil. Simak juga Video 'Prabowo Minta Suahasil Jaga APBN Sehat Biar Bisa Jalankan Program Prioritas': Anda menyukai artikel ini Artikel disimpan",finance,https://finance.detik.com/berita-ekonomi-bisnis/d-8666077/dpd-titip-pesan-ini-buat-suahasil-saat-susun-apbn-2027
120,"Prabowo Larang Keras Pembakaran Hutan dan Lahan! Presiden Prabowo Subianto meminta penanganan kebakaran hutan dan lahan (karhutla) dilakukan tegas dan menyeluruh. Prabowo mewanti-wanti jangan ada lagi pembakaran hutan dan lahan dengan alasan apa pun. Arahan tersebut disampaikan Prabowo saat memimpin rapat virtual dari Istana Merdeka, Jakarta, Rabu (16/9/2026). Salah satu materi rapat membahas perkembangan penanganan karhutla di Kalimantan dan Sumatera. ""Tidak boleh ada lagi pembakaran hutan dan lahan dengan alasan apa pun. Penanganan karhutla harus tegas, menyeluruh, dan diperkuat dengan pencegahan sejak dari sumbernya,"" tulis akun Instagram @sekretariat.kabinet, dikutip Rabu (16/9/2026). Prabowo meminta upaya pencegahan diperkuat melalui pengolahan lahan tanpa bakar. Pemerintah juga diminta menyediakan peralatan serta pendampingan bagi masyarakat. Selain itu, Prabowo melarang keras adanya peraturan daerah yang mengatur pembukaan lahan dengan cara membakar berdasarkan izin kepala daerah. Penindakan juga diminta dilakukan terhadap pihak yang terbukti melakukan ataupun lalai mencegah pembakaran hutan dan lahan. Dalam rapat tersebut, Kapolri Jenderal Listyo Sigit Prabowo melaporkan terdapat lebih dari 95 korporasi yang melanggar. Namun, tidak dirinci identitas perusahaan yang dimaksud. Rapat juga membahas penanganan sejumlah bencana dan kecelakaan. Di antaranya kecelakaan KMP Virgo Transport 8 di Laut Jawa, pencarian orang hilang di Selat Sunda, serta penanganan pascagempa di Nusa Tenggara Timur (NTT). Prabowo meminta pencarian korban kecelakaan kapal dimaksimalkan dan Menteri Perhubungan terus memberikan informasi kepada keluarga korban. Ia juga meminta hak keluarga korban dipenuhi serta investigasi kecelakaan dilakukan secara mendalam dan objektif. Untuk penanganan pascagempa NTT, Prabowo meminta proses pemulihan dipercepat. Penanganan mencakup pemberian bantuan stimulan, penyediaan hunian sementara, hingga pembangunan kembali rumah-rumah terdampak. (ily/hns) Anda menyukai artikel ini Artikel disimpan",finance,https://finance.detik.com/berita-ekonomi-bisnis/d-8666051/prabowo-larang-keras-pembakaran-hutan-dan-lahan
121,"Soal Setoran Dividen Rp 120 Triliun, Bos Danantara Mau Bertemu Menkeu Baru Nasib dividen Badan Pengelola Investasi (BPI) Daya Anagata Nusantara (Danantara) yang akan disetorkan ke kas negara Rp 120 triliun, belum jelas. Wacana ini pernah diembuskan oleh Purbaya Yudhi Sadewa saat masih menjadi Menteri Keuangan. Malah, Menteri Keuangan (Menkeu) Baru Suahasil Nazara, enggan bicara soal nasib setoran dividen BUMN tersebut. Usai rapat di Istana Kepresidenan, Rabu (16/9/2026) malam, Suhasil memilih diam seribu bahasa. Suahasil juga enggan berkomentar soal apakah benar Presiden Prabowo Subianto tak setuju dengan rencana menarik dividen Rp 120 triliun dari Danantara. Ketika pertanyaan-pertanyaan itu dilontarkan kepadanya, dia langsung buru-buru masuk mobil dan memberikan gestur minta maaf kepada awak media. Padahal dia sempat menjawab panjang lebar pertanyaan awak media sebelumnya soal nasib perombakan pejabat Kementerian Keuangan. Pertanyaan serupa juga ditanyakan kepada CEO Danantara Rosan Roeslani usai rapat di Istana. Berbeda dengan Suahasil, Rosan buka suara menyatakan perlu berdiskusi terlebih dahulu dengan Suahasil. ""Kita kan ada beberapa hal yang nanti kami duduk dengan Prof Suahasil. Ya semuanya akan kita diskusikan gitu ya. Rencananya juga akan segera bertemu dan apa... Kita komunikasinya sangat-sangat baik dan saya yakin semuanya pasti akan ada selalu solusi yang terbaik gitu,"" ujar Rosan. Ketika ditanya lebih lanjut, Rosan cuma bilang dirinya akan bertemu segera empat mata dengan Suahasil. ""Nanti kita akan ketemu segera kok, ya,"" sebutnya singkat. Akhir Agustus lalu, Purbaya saat masih menjabat Menteri Keuangan, mengatakan pembahasan dividen masuk kocek negara sudah dibahas dengan Rosan Roeslani. Pemerintah hanya tinggal menunggu eksekusi transfer dana tersebut. ""Sudah dibahas, sudah dipastikan tinggal ditentukan kapan dia mau ngirim itu aja sekitar Rp 120 triliun. Itu yang diputuskan oleh presiden."" ujar Purbaya di kantornya, Jakarta Pusat, Jumat (28/8/2026) yang lalu. Menurut Purbaya, besaran setoran dari Danantara ini menjadi angin segar bagi fiskal negara. Dia membandingkan dengan penerimaan dividen tahun sebelumnya yang hanya mencapai Rp 90 triliun. ""Kalau tahun-tahun sebelumnya saya cuma dapet Rp 90 triliun dari dividen. Kalau meningkat, Rp 120 triliun kan bagus meningkat, malah jadi saya nggak rugi, pemerintah nggak rugi, pendapatan nggak rugi, malah nambah,"" beber Purbaya. Saksikan Live DetikPagi: (hal/hns) (hal/hns) Anda menyukai artikel ini Artikel disimpan",finance,https://finance.detik.com/berita-ekonomi-bisnis/d-8666025/soal-setoran-dividen-rp-120-triliun-bos-danantara-mau-bertemu-menkeu-baru
122,"AHY Sebut Ada 7.000 Titik Kawasan Kumuh Menteri Koordinator Infrastruktur dan Pembangunan Kewilayahan Agus Harimurti Yudhoyono (AHY) mengatakan masih ada lebih dari 7.000 titik kawasan kumuh di Indonesia. Dari ribuan kawasan tersebut memiliki tingkat keparahan yang berbeda. AHY mengatakan dari total tersebut, sekitar 100 kawasan masuk kategori kumuh berat. Sementara sisanya masuk dalam kategori sedang dan ringan. ""Ada lebih dari 7.000 titik kawasan kumuh di Indonesia. Tentu dengan berbagai klasifikasi. Yang kelas berat itu sekitar 100. Ada kelas sedang, ada kelas ringan,"" ujar AHY dalam acara Urban Climate Forum 2026 di Jakarta, Rabu (16/9/2026). AHY menjelaskan kondisi permukiman kumuh ini akan menimbulkan persoalan lain. Misalnya muncul berbagai penyakit. Hal ini terjadi karena kurang keterbatasan akses air bersih dan sanitasi yang buruk. Kemudian terkait persoalan ekonomi. Di mana, kualitas hidup yang rendah turut membuat akses terhadap lapangan pekerjaan menjadi lebih sulit. ""Sudah pasti banyak yang sakit, karena hidupnya tidak mendapatkan air bersih, sanitasinya buruk, stunting terjadi, penyakit menular terjadi, ispa, penyakit kulit, dan lain-lain juga menjadi keseharian mereka. Lapangan pekerjaan sulit karena tidak berkualitas hidupnya,"" terangnya. AHY menambahkan penanganan kawasan kumuh tersebut harus dilakukan secara terpadu dan terintegrasi. Di mana revitalisasi tidak cukup hanya memperbaiki kondisi fisik permukiman, tetapi juga harus dibarengi dengan penyediaan fasilitas publik yang memadai. ""Jadi kalau kita mengubah dengan pendekatan yang terpadu, terintegrasi, termasuk didukung oleh fasilitas publik yang memadai,"" sambung AHY. (hrp/hns) Anda menyukai artikel ini Artikel disimpan",finance,https://finance.detik.com/infrastruktur/d-8665961/ahy-sebut-ada-7-000-titik-kawasan-kumuh
123,"Suahasil Buka Suara soal Dirjen Minta Batalkan Perombakan Pejabat Era Purbaya Menteri Keuangan Suahasil Nazara buka suara soal permintaan Direktur Jenderal Pajak Bimo Wijayanto membatalkan perombakan pejabat di lingkungan Direktorat Jenderal Pajak (DJP). Perombakan terjadi pada Kamis (10/9/2026) saat Purbaya Yudhi Sadewa masih menjabat menteri Keuangan. Soal permintaan itu, Suahasil mengatakan pihaknya masih perlu melakukan diskusi internal. Khususnya untuk melihat proses perombakan yang sempat dilakukan Purbaya. ""Kita mendiskusikan ya, melihat proses maupun yang sedang terjadi, yang sudah terjadi, proses maupun aktivitas dari yang sudah terjadi,"" ujar Suahasil di Kompleks Istana Kepresidenan, Jakarta Pusat, Rabu (16/9/2026). Suahasil juga mengatakan masih menunggu rekomendasi dari para eselon satu atau pejabat di tingkat Direktur Jenderal soal perombakan jabatan. Dia menekankan penunjukan pejabat ada jenjang-jenjangnya tersendiri. ""Nah, ini saya masih sekarang mencoba menunggu dari teman-teman seluruh unit eselon satu, karena kan yang namanya penunjukan pejabat itu ada jenjang-jenjangnya dan kemudian juga dilakukan secara bersama-sama oleh seluruh unit,"" beber Suahasil. Pria yang sebelumnya menjabat Wakil Menteri Keuangan itu pun mengatakan pihaknya perlu struktur pejabat yang dapat bekerja sama antar eselon untuk memperkuat sinergi dan koordinasi. ""Karena kadang-kadang kita memerlukan struktur pejabat yang sifatnya itu lintas unit eselon satu, karena itu memperkuat sinergi, memperkuat koordinasi. Jadi ini yang kita sedang pastikan dan akan kita pastikan sinergi dari Kemenkeu terjadi dengan baik,"" ujar Suahasil. Lalu, apakah kemungkinan pembatalan perombakan pejabat seperti yang diminta oleh Dirjen Pajak Bimo Wijayanto bisa dilakukan? Suahasil enggan bicara tegas apakah pembatalan perombakan pejabat bisa dilakukan. Dia cuma bilang pihaknya juga perlu melihat proses pelantikan yang dilakukan, apakah sesuai tata kelola yang benar atau tidak. ""Kita nanti melihat dulu apa yang sudah dilakukan kemarin. Karena kan kalau seperti pelantikan itu ada juga pelantikan yang hybrid. Nah, ada yang waktu itu datang sehingga ini nanti jadi kombinasi yang keseluruhan. Makasih semuanya,"" ujar Suahasil. Saksikan Live DetikPagi: (hal/hns) Anda menyukai artikel ini Artikel disimpan",finance,https://finance.detik.com/berita-ekonomi-bisnis/d-8665918/suahasil-buka-suara-soal-dirjen-minta-batalkan-perombakan-pejabat-era-purbaya
124,"Jakarta - PT Summarecon Agung Tbk (SMRA) buka suara soal kasus Hak Guna Bangunan (HGB) di Kabupaten Bogor yang tengah didalami oleh Komisi Pemberantasan Korupsi (KPK). Diketahui, kasus ini turut menjaring Presiden Direktur SMRA, Adrianto Pitojo Adi, dalam Operasi Tangkap Tangan (OTT) KPK beberapa hari lalu. Summarecon mengakui HGB yang menjadi perkara di KPK merupakan milik entitas anak perseroan. Namun hingga saat ini, belum ada perubahan status hukum terhadap sertifikat HGB tersebut. ""SHGB yang sedang diurus tersebut merupakan milik entitas anak Perseroan dan sedang dalam proses pemecahan dan sampai saat ini belum ada perubahan status hukum dikarenakan proses pengurusan tersebut masih berjalan,"" tulis manajemen Summarecon Agung dikutip dari Keterbukaan Informasi, Rabu (16/9/2026). SCROLL TO CONTINUE WITH CONTENT Manajemen mengatakan, saat ini permintaan keterangan awal dari KPK masih berlangsung. SMRA juga memastikan belum ada dampak pemberitaan tersebut terhadap status HGB hingga kegiatan operasional perseroan. ""Sampai saat ini belum ada dampak atas pemberitaan dan/atau proses pemeriksaan tersebut terhadap Perseroan, termasuk terhadap status HGB, aset, proyek, kegiatan operasional, maupun kondisi keuangan perseroan,"" jelas. Selain Presiden Direktur perseroan, Direktur SMRA Lydia Tjio juga turut menjalankan diperiksa atau dimintakan keterangan oleh KPK. Perseroan juga mengaku akan mematuhi peraturan dan hukum yang berlaku terkait perseoran tersebut. ""Sejalan dengan hal tersebut Perseroan menghormati proses hukum yang saat ini sedang berlangsung di KPK dan bertindak kooperatif dengan pihak-pihak terkait sesuai ketentuan yang berlaku,"" pungkasnya. Kronologi Kasus Suap HGB Berdasarkan catatan detikcom, korupsi HGB ini bermula dari lingkungan Kementerian Agraria dan Tata Ruang/Badan Pertanahan Nasional (ATR/BPN). Uang dari sejumlah pengurusan layanan pertanahan diduga dikumpulkan oleh orang-orang kepercayaan Menteri ATR/BPN, Nusron Wahid. Plt Direktur Penyidikan KPK, Achmad Taufik Husein, mengungkap salah satu aliran uang tersebut berkaitan dengan pengurusan HGB milik Summarecon. Kasus ini bermula ketika para pemilik tanah atau ahli waris menggugat penerbitan 9 SHGB Summarecon ke PTUN Bandung. SHGB tersebut diterbitkan oleh Kepala Kantor Wilayah ATR/BPN Jawa Barat dan Kepala Kantor Pertanahan Kabupaten Bogor. Dalam prosesnya, Kantor Pertanahan Bogor mengundang ahli waris untuk melakukan mediasi. Ahli waris kemudian mengajukan blokir terhadap SHGB Summarecon dan mencabut gugatan mereka di PTUN Bandung. Setelah itu, terjadi komunikasi antara Yaser Alfarisi (YA), pihak swasta/perantara Summarecon, dengan Erwin (ERW), pihak swasta yang diduga merupakan orang kepercayaan Menteri ATR/BPN. Erwin disebut menyampaikan bahwa Sontang Coin Manurung (SON) selaku Kepala Kantor Pertanahan Kabupaten Bogor I, tidak mau membuka blokir dan melakukan pemecahan HGB kecuali mendapat arahan dari atasannya. Yaser dan Rizal Pahlevi (LEV) kemudian mendekati Erwin agar membantu berkomunikasi dengan Sontang. Dari komunikasi tersebut, pada awal Agustus 2026, muncul informasi bahwa untuk pembukaan blokir dan atau penerbitan sertifikat tanah Summarecon, Sontana melalui Erwin meminta fee dengan kode ""dua"". ""Fee dengan kode 'dua' yang diduga sejumlah Rp 2 miliar,"" kata Achmad Taufik dalam konferensi pers di Gedung KPK, Jakarta Selatan, Selasa (15/9/2026). Pihak Summarecon disebut hanya menyanggupi Rp 1,5 miliar. Sebab, masih ada pihak lain yang diduga akan mendapatkan ""fee broker"" dalam pengurusan tersebut. Pada 27 Agustus 2026, Direktur Utama Summarecon Adrianto Pitojo Adi (ADR) melalui Yaser dan Rizal diduga menyerahkan uang Rp 1,5 miliar kepada Erwin. Dari uang tersebut, ERW kemudian diduga menyerahkan Rp 200 juta kepada Sontana. Uang itu diserahkan di sebuah kafe di Jakarta Selatan untuk fee pembukaan blokir dan pemecahan HGB pihak Summarecon. Saksikan Live DetikPagi: (ahi/ara)",finance,https://finance.detik.com/bursa-dan-valas/d-8665814/summarecon-buka-suara-soal-nasib-hgb-yang-bikin-bosnya-diciduk-kpk
125,"34 Tahun Eksis, Ini Jurus Chandra Asri Group Bangun Industri Petrokimia Selama 34 tahun, PT Chandra Asri Pacific Tbk (Chandra Asri Group) telah menjadi bagian dari perjalanan pertumbuhan industri Indonesia. Sebagai perusahaan pertama yang mengoperasikan naphtha cracker di Indonesia, Chandra Asri Group membangun fondasi industri petrokimia nasional dan terus melayani kebutuhan industri dalam negeri melalui produk-produk yang digunakan di berbagai sektor. Presiden Direktur Chandra Asri Group, Erwin Ciputra, menjelaskan perusahaan telah tumbuh bersama Indonesia selama 34 tahun melalui pembangunan kapasitas petrokimia nasional. Langkah ini terus disesuaikan dengan perkembangan kebutuhan nasional lewat peningkatan kapabilitas serta diversifikasi bisnis. ""Selama 34 tahun, kami telah tumbuh bersama Indonesia. Kami memulai perjalanan dengan membangun kapasitas petrokimia nasional dan melayani industri melalui produk-produk yang kami hasilkan. Seiring waktu, kebutuhan Indonesia juga berkembang, dan kami pun terus membangun kapabilitas baru melalui diversifikasi bisnis,"" ujar Erwin dalam keterangan tertulis, Rabu (16/9/2026). Erwin menilai ekspansi bisnis ke tingkat regional menjadi bagian penting dari perjalanan pertumbuhan Chandra Asri Group. Ekspansi ini diyakini mampu membuka peluang bagi talenta lokal serta memperkuat kembali basis bisnis perusahaan di Indonesia. ""Bagi kami, pertumbuhan regional juga merupakan bagian dari perjalanan tersebut. Ketika bisnis kami berkembang di kawasan, Chandra Asri Group membuka peluang bagi talenta Indonesia, membawa kapabilitas Indonesia ke pasar regional, dan menciptakan manfaat yang dapat kembali memperkuat basis bisnis kami di Indonesia,"" tuturnya. Dari Bahan Baku, Menjadi Bagian dari Perjalanan Industri Indonesia Selama lebih dari tiga dekade, produk Chandra Asri Group telah digunakan sebagai bahan baku oleh berbagai sektor industri. Komoditas ini menopang industri kemasan, otomotif, konstruksi, elektronik dan mendukung kebutuhan sehari-hari masyarakat Indonesia. Peran tersebut merupakan bagian dari perjalanan panjang Chandra Asri Group dalam membangun kapasitas industri petrokimia di Indonesia. Dengan menyediakan bahan baku dalam negeri, Chandra Asri Group turut menjadi bagian dari rantai pasok industri nasional dan mendukung berkembangnya industri hilir. Komitmen untuk terus memperkuat kapasitas tersebut tercermin dalam pembangunan fasilitas Chlor Alkali dan Ethylene Dichloride (CA-EDC) di Cilegon, Banten. Hingga Juli 2026, pembangunan fasilitas yang dikelola melalui PT Chandra Asri Alkali (CAA) telah mencapai 72% dan memasuki fase utama pembangunan infrastruktur, dengan target mulai beroperasi secara komersial pada 2027. Proyek dengan nilai investasi lebih dari US$800 juta ini menjadi bagian dari strategi jangka panjang Group untuk memperkuat keandalan pasokan bahan kimia dasar bagi industri nasional. Langkah ini diharapkan mampu mengurangi ketergantungan impor, menciptakan lapangan kerja dan membuka peluang bagi tenaga kerja Indonesia di sektor industri dan manufaktur. Memperluas Kapabilitas Energi untuk Mendukung Kebutuhan Indonesia Di tingkat regional, akuisisi Aster Chemicals and Energy (Aster) memperluas pijakan Perusahaan di sektor energi dan kimia. Sementara itu, integrasi jaringan Esso di Singapura memperkuat pengalaman Group dalam mengelola bisnis energi dan jaringan ritel bahan bakar. Pengembangan ini memperkuat keterhubungan aset dan kapabilitas grup dalam pengelolaan energi, operasional, rantai pasok dan layanan kepada pelanggan. Melalui Aster, Chandra Asri Group juga dapat mendukung ketahanan energi dengan menyediakan produk petroleum, termasuk bensin, bahan bakar jet, gas oil dan bitumen untuk mendukung berbagai industri di Indonesia. Chandra Asri Group terus memperkuat kapabilitas domestik sekaligus memperluas jangkauan operasionalnya di pasar regional. Langkah ini dilakukan guna membangun platform energi yang dapat mendukung kebutuhan bisnis dalam jangka panjang. Infrastruktur yang Menghubungkan Rantai Nilai Industri Sektor infrastruktur menjadi bagian penting dalam perjalanan transformasi Chandra Asri Group. Pengembangan tersebut dijalankan melalui PT Chandra Daya Investasi Tbk (CDI) yang mencakup layanan daya, air industri, kepelabuhanan, hingga logistik guna memperkuat posisinya sebagai platform infrastruktur di tingkat regional pada 2026. Perkembangan ini memperluas peran Group dalam rantai nilai industri. Kini Perusahaan juga membangun infrastruktur yang mendukung pergerakan barang, penyimpanan dan utilitas untuk memenuhi kebutuhan industri. Dengan demikian, bisnis infrastruktur menjadi pelengkap bagi kekuatan Group di bidang energi dan kimia. Langkah ini sekaligus membuka peluang besar dalam membangun ekosistem industri yang semakin terintegrasi. Tumbuh di Kawasan, Membangun Kapabilitas di Indonesia Ekspansi Chandra Asri Group di kawasan tidak hanya memperluas skala bisnis, tetapi juga membuka peluang baru yang dapat memberikan manfaat bagi Indonesia. Salah satunya melalui PT Chandra Asri Sentral Solusi (CASS) sebagai mitra strategis untuk mendukung operasional entitas Group di Singapura sekaligus membangun proses yang lebih terintegrasi dan terstandarisasi, memanfaatkan teknologi digital, serta memperkuat operational excellence. Bagi Chandra Asri Group, hal ini menjadi salah satu bentuk bagaimana pertumbuhan regional dapat menghasilkan dampak bagi Indonesia. Langkah ini dilakukan dengan memperluas bisnis di pasar regional sembari terus memperkuat pengembangan talenta dan fungsi strategis di dalam negeri. Pertumbuhan regional juga memberikan kesempatan bagi Chandra Asri Group untuk membawa nama dan kapabilitas Indonesia ke pasar yang lebih luas. Seiring dengan berkembangnya bisnis Group di kawasan, pengetahuan dan pengalaman yang diperoleh dapat dibawa kembali untuk memperkuat bisnis dan sumber daya manusia di Indonesia. Dari Indonesia, Berkembang ke Regional Indonesia tetap menjadi tempat bagi Chandra Asri Group untuk membangun fondasi bisnis, mengembangkan fasilitas industri, menciptakan lapangan kerja, dan menumbuhkan talenta. Pada saat yang sama, ekspansi ke kawasan memberikan ruang bagi Perseroan untuk mengembangkan kemampuan baru, memperluas jaringan dan membawa kapabilitas yang dibangun ke pasar regional. Melalui pendekatan tersebut, Chandra Asri Group terus membangun hubungan yang semakin erat antara bisnis di Indonesia dan operasional regional. Hal ini bertujuan agar pertumbuhan di satu bagian Perusahaan dapat memperkuat kemampuan di bagian lainnya. ""Memasuki tahun ke-34, kami melihat perjalanan Chandra Asri Group bukan hanya sebagai perjalanan Perusahaan, tetapi juga sebagai upaya untuk terus relevan dengan kebutuhan Indonesia. Dari bahan baku yang digunakan oleh industri, investasi pada kapasitas baru, penciptaan lapangan kerja, infrastruktur yang mendukung rantai pasok, hingga kesempatan bagi talenta Indonesia untuk berkembang dalam bisnis regional, kami ingin terus membangun kapabilitas yang memberikan manfaat nyata,"" pungkas Erwin. Anda menyukai artikel ini Artikel disimpan",finance,https://finance.detik.com/industri/d-8665831/34-tahun-eksis-ini-jurus-chandra-asri-group-bangun-industri-petrokimia
126,"Foto Bisnis Warga Mulai Menjajal LRT Kelapa Gading - Manggarai Jakarta - Usai diresmikan Presiden Prabowo Subianto, warga mulai menggunakan LRT Jakarta rute Kelapa Gading-Manggarai. Anda menyukai artikel ini Artikel disimpan",finance,https://finance.detik.com/foto-bisnis/d-8665714/warga-mulai-menjajal-lrt-kelapa-gading-manggarai
127,"PT Pos Gagal Bayar Bunga Obligasi, Fitch Pangkas Peringkat Utang Jadi C Fitch Ratings Indonesia menurunkan peringkat nasional jangka panjang dan peringkat utang senior tanpa jaminan PT Pos Indonesia (Persero) menjadi C (idn) dari CC (idn). Hal tersebut dilakukan imbas gagal bayar (galbay) yang dilakukan Pos Indonesia terhadap bunga sukuk ijarah. Fitch Ratings juga tidak memberikan outlook terhadap prospek utang Pos Indonesia. Pasalnya, predikat C pada peringkat utang perusahaan biasanya mencerminkan volatilitas yang sangat tinggi. ""Fitch Ratings Indonesia telah menurunkan Peringkat Nasional Jangka Panjang dan peringkat utang senior tanpa jaminan PT Pos Indonesia (Persero) (POST) menjadi C(idn) dari CC(idn),"" tulis pengumuman Fitch Ratings Indonesia, dikutip Rabu (16/9/2026). Fitch menjelaskan, keputusan ini menyusul galbay Pos Indonesia terhadap bunga sukuk ijarah tahap kedua yang jatuh tempo pada 28 Agustus 2026. Selain itu, Fitch juga menurunkan Standalone Credit Profile (SCP) Pos Indonesia menjadi 'C(idn)' dari 'CC(idn)' karena proses galbay atau proses serupa gagal bayar. ""Fitch juga menurunkan Standalone Credit Profile (SCP) POST menjadi c(idn) dari cc(idn), karena proses gagal bayar atau proses serupa gagal bayar telah dimulai, sejalan dengan panduan pada bagian Lower Speculative Grade dalam kriteria Public Policy Revenue-Supported Entities Rating,"" tulis pengumuman Fitch. Gagal Bayar Pos Indonesia Sebagai informasi, Pos Indonesia melakukan penundaan pembayaran Bunga Sukuk Ijarah Berkelanjutan I Pos Indonesia Tahap II Tahun 2025 Seri A-C ke-5. Adapun pembayaran bunga tersebut jatuh tempo pada 27 Agustus 2026. Dikutip dari Keterbukaan Informasi, total bunga sukuk ijarah sebesar Rp 11.656.250.000. Pos Indonesia mengakui penundaan pembayaran bunga terjadi karena kondisi kas dan likuiditas perseroan yang belum memungkinkan memenuhi kebutuhan tersebut. Kondisi ini yang menyebabkan dipangkasnya peringkat utang Pos Indonesia. Perseoran dianggap telah memasuki masa tenggang kontraktual pembayaran bunga sukuk ijarah. ""POST telah memasuki masa tenggang kontraktual selama 14 hari kerja, berdasarkan dokumentasi sukuk,"" jelas pengumuman Fitch. (ahi/ara) Anda menyukai artikel ini Artikel disimpan",finance,https://finance.detik.com/bursa-dan-valas/d-8665757/pt-pos-gagal-bayar-bunga-obligasi-fitch-pangkas-peringkat-utang-jadi-c
128,"Pelindo Luncurkan Layanan Onshore Power Supply 500 kVA di Tanjung Priok PT Pelabuhan Indonesia (Persero) atau Pelindo meluncurkan layanan Onshore Power Supply (OPS) berkapasitas 500 kVA di Terminal PNP Dermaga 004, Pelabuhan Tanjung Priok, Jakarta. Fasilitas ini memungkinkan kapal yang bersandar menggunakan listrik dari darat sehingga penggunaan mesin bantu kapal dapat dikurangi. ""Kami yakin implementasi OPS di Pelabuhan Tanjung Priok dapat menjadi best practice dan menjadi bagian dari transformasi pelabuhan-pelabuhan di Indonesia menuju pelabuhan yang lebih hijau, efisien, berdaya saing dan berkelanjutan"" ujar Kepala KSOP Utama Tanjung Priok, Heru Susanto dalam keterangannya, Rabu (16/9/2026). Pengoperasian OPS menjadi salah satu langkah Pelindo dalam mendorong transformasi Pelabuhan Tanjung Priok menuju green port. Selain mengurangi konsumsi bahan bakar minyak (BBM) selama kapal bersandar, penggunaan listrik darat dapat mengurangi running hours mesin bantu kapal, kebutuhan pemeliharaan, emisi gas buang, kebisingan, dan getaran di area dermaga. Direktur Utama Pelindo, Achmad Muchtasyar mengatakan pengembangan OPS merupakan bagian dari upaya Pelindo membangun ekosistem pelabuhan yang semakin hijau, efisien, dan siap menghadapi perkembangan standar industri maritim global. ""OPS bukan sekadar menggantikan sumber listrik kapal dari genset menjadi listrik darat. Ini merupakan langkah konkret dalam transformasi Pelabuhan Tanjung Priok menuju green port, dengan menghadirkan energi yang lebih efisien, lebih bersih, dan lebih andal. Kami ingin membangun ekosistem pelabuhan yang tidak hanya semakin produktif, tetapi juga semakin berkelanjutan,"" ungkap Achmad. Sementara itu, Direktur Utama PT PLN (Persero), Darmawan Prasodjo mengungkapkan pihaknya turut mendukung pengembangan OPS. Dukungan ini menjadi bagian dari kolaborasi penyediaan ekosistem kelistrikan yang andal untuk mendukung transisi energi di kawasan pelabuhan. ""PLN siap mendukung transformasi sektor kepelabuhanan melalui penyediaan pasokan listrik yang andal untuk kapal sandar. Lewat kolaborasi ini, kami ingin mendorong produktivitas melalui penghematan para pelaku usaha di bidang maritim dan mengoptimalkan aktivitas pelabuhan, sekaligus menekan emisi yang dihasilkan,"" jelasnya. OPS Bantu Tekan Emisi Kapal Saat Bersandar OPS bekerja melalui skema shore-to-ship power. Saat kapal bersandar dan terhubung dengan fasilitas tersebut, kebutuhan listrik kapal seperti hotel load, reefer, pompa, dan kebutuhan operasional lainnya dapat dipasok melalui jaringan listrik darat sehingga auxiliary engine kapal dapat dimatikan selama penggunaan OPS. Berdasarkan pengujian yang dilakukan, implementasi OPS diperkirakan dapat mengurangi emisi gas buang kapal hingga 75 persen. Emisi lokal dari cerobong kapal seperti nitrogen oksida (NOx), sulfur oksida (SOx), dan partikulat juga dapat dihilangkan selama kapal sepenuhnya menggunakan pasokan listrik darat. Dari sisi efisiensi, pengukuran terhadap dua kapal uji menunjukkan potensi penghematan biaya energi sekitar 40 hingga 64 persen dibandingkan penggunaan genset kapal, bergantung pada jenis mesin dan bahan bakar yang digunakan. Berkurangnya running hours auxiliary engine juga dapat menekan kebutuhan pemeliharaan dan memperpanjang interval overhaul mesin. Dalam pengoperasiannya, Pelindo menugaskan PT Energi Pelabuhan Indonesia (EPI) untuk mengelola layanan OPS. Sebagai bagian dari Pelindo Group, EPI mengelola jaringan distribusi listrik internal kawasan pelabuhan sekaligus memastikan kesiapan dan keandalan pasokan listrik dari darat ke kapal. Direktur Utama PT EPI, Andriyuda Siahaan mengatakan fasilitas OPS di Dermaga 004 telah melalui Site Acceptance Test (SAT) dan berhasil diuji coba pada kapal niaga pada Juli 2026. ""Sebagai operator, PT EPI memastikan keandalan pasokan listrik dan kesiapan teknis layanan di dermaga. OPS juga membuka pengembangan layanan energi yang lebih terukur bagi pengguna jasa berdasarkan konsumsi listrik dan tingkat layanan yang dibutuhkan,"" ucap Andriyuda. Dorong Pengembangan OPS di Pelabuhan Lain Peluncuran layanan OPS di Pelabuhan Tanjung Priok menjadi tahap awal pengembangan layanan secara lebih luas. Setelah tahap pilot dan komersialisasi di Dermaga 004, Pelindo akan melakukan pengembangan secara bertahap ke terminal lainnya dengan kapasitas yang disesuaikan dengan profil kebutuhan kapal. Dalam roadmap pengembangan, Pelindo mengarahkan pengembangan OPS di Tanjung Priok hingga 24 unit pada 2027. Dalam jangka panjang, model tersebut direncanakan untuk direplikasi secara bertahap ke terminal multipurpose, dermaga umum, serta pelabuhan lainnya, dengan roadmap indikatif pengembangan nasional hingga 123 unit OPS pada 2050. ""Dari Tanjung Priok, kami ingin membangun fondasi untuk memperluas solusi transisi energi ke terminal dan pelabuhan lainnya di Indonesia. Pelabuhan masa depan harus semakin produktif dan efisien, sekaligus mampu tumbuh dengan memperhatikan keberlanjutan lingkungan,"" pungkas Achmad. Sebagai informasi, peluncuran fasilitas layanan OPS tersebut turut dihadiri perwakilan Kementerian Perhubungan (Kemenhub), Kementerian Energi dan Sumber Daya Mineral (Kementerian ESDM), Kantor Kesyahbandaran dan Otoritas Pelabuhan (KSOP) Utama Tanjung Priok, Polres Pelabuhan Tanjung Priok, Asosiasi Pemilik Kapal (INSA), PT PLN (Persero) serta jajaran manajemen Pelindo Group. (anl/ega) Anda menyukai artikel ini Artikel disimpan",finance,https://finance.detik.com/berita-ekonomi-bisnis/d-8665737/pelindo-luncurkan-layanan-onshore-power-supply-500-kva-di-tanjung-priok
129,"Sempat Ditunda Purbaya, 4 Toko Online Mulai Pungut Pajak Seller 1 Oktober Direktorat Jenderal Pajak (DJP) Kementerian Keuangan akan menerapkan pemungutan pajak penghasilan (PPh) terhadap pedagang di platform toko online alias seller dengan mekanisme Perdagangan Melalui Sistem Elektronik (PMSE) atau e-commerce. Direktur Jenderal Pajak Bimo Wijayanto mengatakan Kebijakan ini direncanakan berlaku efektif mulai 1 Oktober 2026, setelah sebelumnya mengalami penundaan dari rencana awal pada 1 Agustus 2026. ""Oh, sudah siap. Mereka kan sudah siap sebenarnya, tapi ada penundaan sampai 1 Oktober. Nanti Insyaallah kita akan segera aktivasi aturannya dan implementasinya mereka sudah siap. Kita juga sudah siap,"" ujar Bimo. Saat ditanya terkait penyebab atau masalah yang membuat penundaan penarikan PPh pedagang toko online ini, Bimo menyebut penundaan sebelumnya merupakan arahan dari Purbaya Yudhi Sadewa saat masih menjabat sebagai Menteri Keuangan (Menkeu) guna memastikan kesiapan teknis dari seluruh pihak. ""Bottleneck-nya ya karena Pak Menteri Purbaya keputusannya untuk sementara menunda supaya kesiapannya lebih matang,"" ujarnya. Lebih lanjut, ia menegaskan DJP bersama platform digital terkait telah melakukan uji coba sistem (sandbox) serta stabilisasi sejak tahun lalu, sehingga dapat dipastikan pelaksanaan penarikan PPh pedagang online melalui empat platform e-commerce pada 1 Oktober dapat berjalan lancar tanpa hambatan. ""Empat itu kan ya Shopee, Tokopedia, Lazada, Blibli. Itu prosesnya sudah mulai tahun lalu. Jadi no dramas-lah, nggak ada drama,"" pungkas Bimo. Dalam catatan detikcom, DJP secara resmi telah menunjuk empat platform e-commerce atau marketplace sebagai pemungut pajak, yakni Tokopedia, Shopee, Lazada, dan Blibli. Kala itu DJP memberikan tenggat waktu selama satu bulan kepada platform yang telah ditunjuk untuk sosialisasi hingga penyesuaian sistem. Adapun penerapan ini sebagai tindak lanjut dari Peraturan Menteri Keuangan (PMK) Nomor 37 Tahun 2025. ""Kita tunjuk 1 Juli, 4 marketplace. Kemudian akan dilakukan mulai 1 Agustus,"" ujar Direktur Jenderal Pajak Bimo Wijayanto saat konferensi pers di kantornya, Jakarta Pusat, Rabu (1/7/2026). Bimo menerangkan penunjukan ini dilakukan telah mempertimbangkan berbagai hal, mulai dari kesiapan sistem, skala transaksi, kapasitas administrasi, dan penggunaan mekanisme rekening escrow. Ia menegaskan kesiapan marketplace untuk melakukan pemungutan, penyetoran, dan pelaporan pajak secara elektronik juga menjadi pertimbangan. ""Adapun keempat marketplace yang ditunjuk adalah Tokopedia, Shopee, Lazada, dan Blibli, dan ini penunjukan dilakukan oleh Direktur Jenderal Pajak berdasarkan pelimpahan kewenangan dari Menteri Keuangan,"" beber Bimo. (igo/fdl) Anda menyukai artikel ini Artikel disimpan",finance,https://finance.detik.com/berita-ekonomi-bisnis/d-8665648/sempat-ditunda-purbaya-4-toko-online-mulai-pungut-pajak-seller-1-oktober
130,"Kejagung Siap Kawal Penegakan Hukum Dugaan Pelanggaran Beras Fortifikasi Kejaksaan Agung (Kejagung) menyatakan kesiapan mengawal dan berkolaborasi dalam proses penegakan hukum terkait dugaan pelanggaran pada peredaran beras fortifikasi. Kejagung meminta kasus tersebut segera dituntaskan karena berpotensi menimbulkan kerugian bagi masyarakat dalam cakupan yang luas. Hal tersebut disampaikan oleh Jaksa Agung Muda Tindak Pidana Khusus (Jampidsus) Kuntadi pada Selasa, (15/9). Momen tersebut bertepatan dengan Ekspos Hasil Pemeriksaan dan Temuan Beras Fortifikasi di Kantor Pusat Kementan, Jakarta. ""Pada prinsipnya kami dari Kejaksaan mendukung penuh dan siap berkolaborasi untuk ikut mengamankan dan mempercepat proses penegakan hukum yang sedang dilakukan oleh kawan-kawan dari Satgas Pangan maupun dari kepolisian,"" ujar Kuntadi dalam keterangan tertulis, Rabu (16/9/2026). Kuntadi menegaskan, penanganan kasus tersebut tidak boleh berlarut-larut mengingat potensi dampaknya terhadap masyarakat yang luas. Oleh karena itu, sinergi antar-aparat penegak hukum diperlukan agar proses pendalaman hingga penegakan hukum dapat berjalan secara efektif sesuai kewenangan masing-masing. ""Kasus ini harus segera dituntaskan mengingat berpotensi merugikan masyarakat dalam scope yang luas,"" tegasnya. Kejagung juga memastikan kesiapan dalam proses penanganan perkara ditemukan indikasi tindak pidana. Langkah ini dijamin akan berjalan sesuai dengan tugas dan fungsi wewenang yang dimilikinya. ""Dan dalam hal di dalam proses penegakan hukum nanti terindikasi ada indikasi tindak pidana di dalamnya, tentunya kami akan siap untuk melakukan penegakan sesuai dengan tugas dan fungsi kami,"" tutur Kuntadi. Dukungan Kejagung tersebut memperkuat langkah pemerintah dalam menindaklanjuti temuan dugaan pelanggaran pada produk beras fortifikasi. Pemerintah sebelumnya melakukan pengawasan dan pemeriksaan terhadap produk yang dipasarkan sebagai beras fortifikasi, termasuk menguji kesesuaian kandungan gizi dengan informasi yang tercantum pada label kemasan. Pengujian laboratorium telah dilakukan di empat lembaga, yakni Saraswanti Indo Genetech, BRMP Kementan, Laboratorium IPB Terpadu, dan Eurofins Angler Biochemlab. Hasil uji ini menemukan adanya dugaan ketidaksesuaian antara klaim kandungan gizi pada label dengan produk yang beredar di masyarakat. Besarnya persoalan tersebut juga tercermin dari potensi kerugian konsumen yang dihitung pemerintah. Berdasarkan perhitungan terhadap dugaan ketidaksesuaian produk beras fortifikasi dengan standar yang ditetapkan, potensi kerugian konsumen diperkirakan mencapai Rp89 triliun. Menteri Pertanian (Mentan) Amran menegaskan pemerintah tidak akan membiarkan praktik yang berpotensi merugikan konsumen. Langkah ini dinilai penting mengingat produk beras fortifikasi diperuntukkan bagi kelompok masyarakat yang membutuhkan asupan gizi tambahan. ""Ini 89 triliun, kita sudah hitung dengan cermat, 90% yang tidak sesuai, sesuai standar. Nah ini Rp57.000 harusnya 13.000 harganya. Untungnya 44.100 per kilo. Kalau 1 truk 10 ton itu 440 juta. Memang menggiurkan. Memang menggiurkan. Nah, ini tidak boleh,"" tegas Amran. Pemerintah juga menemukan adanya perbedaan signifikan antara biaya tambahan fortifikasi dan harga jual produk di pasaran. Berdasarkan perhitungan pemerintah, biaya tambahan untuk proses fortifikasi diperkirakan sekitar Rp1.000 per kilogram sehingga harga jual produk yang memenuhi ketentuan diperkirakan berada pada kisaran Rp13.500 per kilogram. Hasil pengawasan menemukan produk beras fortifikasi dipasarkan dengan harga rata-rata sekitar Rp23.385 per kilogram. Temuan ini bahkan mencatat adanya produk yang dijual hingga menembus harga Rp57.600 per kilogram. Amran menjelaskan, beras fortifikasi pada dasarnya ditujukan untuk membantu memenuhi kebutuhan gizi kelompok masyarakat rentan. Oleh karena itu, pemerintah memberikan perhatian serius terhadap dugaan ketidaksesuaian kandungan produk maupun informasi yang disampaikan kepada konsumen. Temuan tersebut selanjutnya telah diserahkan kepada aparat penegak hukum untuk dilakukan pendalaman dan ditindaklanjuti sesuai ketentuan yang berlaku. Pemerintah memastikan proses penanganan dilakukan dengan mengedepankan perlindungan konsumen serta kepastian hukum. Dukungan Kejagung juga memperkuat kolaborasi lintas lembaga dalam mengawal kasus tersebut. Kepolisian Republik Indonesia melalui Inspektur Pengawasan Umum (Irwasum) Polri Komjen Pol. Wahyu Widada menyatakan dukungan terhadap langkah pemerintah dalam menindaklanjuti temuan beras fortifikasi yang diduga tidak memenuhi ketentuan standar keamanan dan mutu pangan. Amran sebelumnya telah menginstruksikan penanganan tegas terhadap produk yang diduga bermasalah di pasaran. Langkah ini mencakup penarikan dan penghentian peredaran produk, pencabutan izin usaha, hingga penegakan hukum jika ditemukan unsur pidana. ""Tarik, moratorium, izin dicabut, dan diproses pidananya,"" pungkas Amran. Pemerintah menegaskan penanganan kasus beras fortifikasi bertujuan untuk memastikan masyarakat memperoleh pangan yang aman, bermutu, dan sesuai label. Dengan dukungan Kejagung serta sinergi lintas lembaga, proses pemeriksaan dan penegakan hukum akan terus dikawal hingga memperoleh kejelasan berdasarkan hasil pendalaman dan alat bukti sesuai kewenangan masing-masing. (anl/ega) Anda menyukai artikel ini Artikel disimpan",finance,https://finance.detik.com/berita-ekonomi-bisnis/d-8665647/kejagung-siap-kawal-penegakan-hukum-dugaan-pelanggaran-beras-fortifikasi
131,"Produsen Setop Produksi-Tarik 25 Merek Beras Fortifikasi Abal-abal Pemerintah menindak tegas produsen beras fortifikasi yang diduga tidak sesuai dengan klaim gizi dan label kemasan. Masyarakat harus memperoleh produk beras fortifikasi yang sesuai dengan klaim produsen sebagaimana tertera dalam izin edar dan klaim kandungan gizi pada label kemasan. 11 pelaku usaha sebagai pemilik 25 izin edar merek beras fortifikasi tersebut telah diberikan surat peringatan oleh Otoritas Kompeten Keamanan Pangan Daerah (OKKPD) dalam koordinasi Badan Pangan Nasional (Bapanas). OKKPD yang dilibatkan Bapanas antara lain DKI Jakarta, Jawa Barat, Jawa Tengah, Jawa Timur, D.I.Yogyakarta, dan Sumatera Utara. Sampai minggu pertama September, seluruh merek beras fortifikasi bermasalah tersebut pun terpantau sudah menghentikan produksi merk tersebut. Kemudian sebanyak 12 merek beras fortifikasi tersebut telah melakukan penarikan stok dari tempat peredaran. Menurut Kepala Bapanas yang juga Menteri Pertanian, Andi Amran Sulaiman sisa merek lainnya sedang dalam proses penarikan. ""Ternyata ada dugaan (kecurangan beras) beralih dari premium ke fortifikasi. Katanya fortifikasi, setelah kita cek di lab, ada 4 lab kredibel. Kita cek ternyata tidak sesuai dengan labelnya,"" beber Amran dalam keterangan tertulis, Rabu (16/9/2026). Menurut Amran, praktik tak jujur dalam ekosistem perberasan seperti ini tidak dapat dibiarkan. Ini karena pemerintah berkewajiban memastikan masyarakat sebagai konsumen dapat mengakses produk beras yang sesuai dengan spesifikasi dalam izin edar dan tentunya dengan harga yang wajar pula. ""Mungkin ini agak kasar sedikit, (tapi) itu penipuan. Ini menyusahkan konsumen kita, karena tujuan pemerintah ingin supaya konsumen menikmati harga beras yang baik, tapi petaninya masih bisa untung,"" kata Amran lagi. Senada, Wakil Menteri Hukum Edward Omar Sharif Hiariej menjabarkan tindak pidana penipuan dapat terjadi manakala ada praktik menjual sesuatu yang tidak sesuai dengan kandungan dan mengakibatkan kerugian bagi konsumen. Terlebih produk tersebut dijual dengan harga yang terlampau tinggi daripada yang seharusnya. ""Bahwa ada indikasi dugaan tindak pidana penipuan sebagaimana itu diatur dalam Bab II Nomor 7 Pasal 492, 493, 495 Kitab Undang-Undang Hukum Pidana, termasuk di dalam Undang-Undang Perlindungan Konsumen. Inti dari pasal-pasal tersebut adalah menjual sesuatu yang tidak sesuai dengan kandungannya dan ini tentu merugikan bagi konsumen,"" papar Wamen Edward. Adapun ancaman pidana bagi korporasi produsen beras yang terbukti melakukan praktik culas tersebut dapat berupa denda dengan tambahan ancaman pidana serta pencabutan izin usaha. Ini merujuk pada dugaan pemerintah bahwa pelaku praktik curang ini dilakukan oleh skala korporasi, bukan perorangan. Sebagaimana diketahui, pemerintah bersama Satgas Pangan Polri baru saja membuka tabir adanya temuan terhadap 25 merek beras yang dipasarkan sebagai beras fortifikasi. Akan tetapi diduga tidak sesuai dengan standar dan kandungan yang tercantum pada label. Sebanyak 25 merek beras fortifikasi tidak memenuhi kandungan dan mutu sesuai SNI 9314:2024 untuk kernel beras fortifikan dan SNI 9372:2025 untuk beras fortifikasi. Adapun merek beras yang diduga melakukan pelanggaran adalah WFO, TKS, IMF, NUR, TKL, HOK, BRV, IMR, IHJ, IAK, PBK, GNB, DTR, TKR, WJK, PLK, MKY, IMC, PTK, ARP, ARN, SKM, GNM, TAR, dan CMS. Bapanas mengungkap pula dugaan praktik curang dalam peredaran beras berlabel fortifikasi yang diduga tidak memenuhi standar mutu dan kandungan gizi sebagaimana klaim pada label kemasan. Berdasarkan hasil pengawasan dan pengujian sampel, potensi kerugian konsumen dari selisih harga produk tersebut diperkirakan mencapai Rp 89 triliun. (acd/acd) Anda menyukai artikel ini Artikel disimpan",finance,https://finance.detik.com/berita-ekonomi-bisnis/d-8665646/produsen-setop-produksi-tarik-25-merek-beras-fortifikasi-abal-abal
132,"Dirjen Pajak Ungkap Ada 'Nama Ajaib' di Perombakan Pejabat Era Purbaya Direktur Jenderal Pajak Bimo Wijayanto mengatakan ada nama-nama ajaib dalam perombakan pejabat yang dilakukan Purbaya Yudhi Sadewa saat menjabat menteri keuangan. Perombakan ini dinilai jadi persoalan serius. Ia menjelaskan nama-nama ajaib yang masuk dalam rotasi ke lingkungan Direktorat Jenderal Pajak (DJP) terindikasi masuk tanpa melalui prosedur resmi. Bimo tak menyebut siapa nama-nama yang dimaksud. ""Ada beberapa yang nama-nama ajaib yang tidak ikut proses assessment talent management,"" kata Bimo saat ditemui usai acara International Tax Conference di kantor pusat DJP, Jakarta Selatan, Rabu (16/9/2026). Bimo menegaskan temuan inilah yang kemudian mendorongnya untuk meminta penundaan atau pembatalan perombakan pejabat yang bermasalah. Hal ini dinilai berpotensi menimbulkan masalah di kemudian hari. ""Sinyalnya nggak bagus bagi pasukan yang lain, yang ikut susah payah ikut assessment, ikut ujian, ikut talent management,"" ujarnya. Bimo menegaskan para pejabat yang namanya masuk dalam daftar perombakan tanpa proses seleksi tersebut dipastikan batal dirotasi dan dikembalikan ke jabatan semula. Sementara mereka yang sudah sesuai dengan aturan akan tetap dirotasi. ""Yang nggak memenuhi syarat tadi dibatalkan. Yang lain-lain tetap. (Balik ke posisi awal?) iya,"" ucap Bimo. Untuk diketahui, perombakan ratusan pejabat di lingkungan Kemenkeu terakhir dilakukan oleh Purbaya pada Kamis 10 September 2026. Dalam hal ini, mayoritas perombakan di Ditjen Bea Cukai dan Ditjen Pajak. Perombakan terjadi pada pejabat Pimpinan Tinggi Pratama, Pejabat Administrator, Pejabat Pengawas, Pejabat Fungsional, dan Pejabat pada Unit Organisasi Non Eselon Kemenkeu. Kala itu, Purabaya mengatakan, perubahan jabatan ini dilakukan sebagai bagian dari proses organisasi untuk memastikan Kemenkeu yang lebih adaptif dan semakin baik. Saksikan Live DetikPagi: (igo/fdl) (igo/fdl) Anda menyukai artikel ini Artikel disimpan",finance,https://finance.detik.com/berita-ekonomi-bisnis/d-8665618/dirjen-pajak-ungkap-ada-nama-ajaib-di-perombakan-pejabat-era-purbaya
133,"Seleksi Sekolah Kedinasan Dimulai 22 September, Segini Nilai Ambang Batasnya Seleksi Kompetensi Dasar (SKD) sekolah kedinasan digelar mulai 22 September 2026. Tahap pendaftaran sendiri telah selesai pada akhir Agustus 2026. Menteri PANRB Rini Widyantini berpesan kepada seluruh peserta untuk menyiapkan diri dan hindari oknum-oknum yang menjanjikan kelulusan otomatis dengan membayar sejumlah uang. SKD tetap akan menggunakan sistem Computer Assisted Test (CAT) yang dikelola Badan Kepegawaian Negara (BKN). Rini menegaskan pemerintah tidak akan membiarkan celah kecurangan dalam proses seleksi. ""Tidak akan ada celah untuk yang melakukan kecurangan,"" tegas Menteri Rini, dalam keterangan tertulis, Rabu (16/9/2026). Pemerintah telah menetapkan nilai ambang batas atau passing grade yang harus dicapai dari masing-masing kelompok soal. Nilai ambang batas untuk tes wawasan kebangsaan (TWK) adalah 65, sementara tes intelegensia umum (TIU) adalah 80. Lalu 156 adalah nilai minimal yang harus dicapai peserta untuk kelompok soal tes karakteristik pribadi (TKP). Nilai kumulatif tertinggi SKD adalah 550, dengan rincian: 150 untuk TWK, 175 untuk TIU, serta 225 untuk TKP. Penetapan ini tertuang dalam Keputusan Menteri Pendayagunaan Aparatur Negara dan Reformasi Birokrasi Nomor 406 Tahun 2026 tentang Nilai Ambang Batas Seleksi Kompetensi Dasar Seleksi Penerimaan Peserta Didik Sekolah Kedinasan Tahun Anggaran 2026. Namun nilai ambang batas tersebut dikecualikan bagi peserta dari daerah tertentu yang mendapat afirmasi. Kebijakan afirmasi itu adalah yang sebelumnya telah diusulkan oleh kementerian atau lembaga penyelenggara sekolah kedinasan. Pada materi soal TIU dan TWK, bobot jawaban benar bernilai 5. Peserta akan mendapat nilai 0 jika menjawab salah atau tidak menjawab. Sementara untuk soal TKP, bobot jawaban paling rendah adalah 1, paling tinggi adalah 5, serta mendapat 0 jika tidak menjawab. Para calon praja, mahasiswa, atau taruna, harus mengerjakan 110 butir soal dalam waktu 100 menit. TWK terdiri dari 30 soal, TIU terdapat 35 soal, serta 45 soal untuk TKP. Rini meminta peserta mengikuti tahapan seleksi dengan jujur sesuai kemampuan diri masing-masing. Pengelompokkan soal-soal itu dilakukan untuk menilai pengetahuan, kecenderungan, serta penguasaan para peserta. Jawaban peserta akan menunjukkan pengetahuan dan kecenderungannya tentang nilai nasionalisme, analisis hingga silogisme, kemampuan beradaptasi, hingga pengetahuan tentang anti-radikalisme. Pemerintah menyiapkan 4.770 kebutuhan calon pegawai negeri sipil (CPNS) melalui jalur sekolah kedinasan tahun 2026. Tahun ini sembilan instansi membuka formasi sekolah kedinasan yang berada dibawah naungannya. Setelah mengikuti SKD, setiap instansi akan pengumumkan hasilnya secara resmi pada September hingga Oktober 2026. Sedangkan seleksi lanjutan diatur oleh masing-masing instansi penyelenggara sekolah kedinasan. Detail tanggal tahapan seleksi bisa dilihat atau diakses pada laman https://sscasn.bkn.go.id/. Lihat juga Video: JPPI Soroti Tata Kelola Sekolah Kedinasan yang Tertutup Anda menyukai artikel ini Artikel disimpan",finance,https://finance.detik.com/cpns/d-8665614/seleksi-sekolah-kedinasan-dimulai-22-september-segini-nilai-ambang-batasnya
134,"Foto Bisnis Kabut Asap Karhutla Ganggu Penerbangan di Bandara Supadio Kalimantan Barat - Kabut asap akibat karhutla menyelimuti Bandara Supadio, Kubu Raya. Kondisi tersebut mengganggu sejumlah penerbangan dan aktivitas penumpang. Anda menyukai artikel ini Artikel disimpan",finance,https://finance.detik.com/foto-bisnis/d-8665187/kabut-asap-karhutla-ganggu-penerbangan-di-bandara-supadio
135,"RI Dapat Utang Rp 11,5 T dari ADB, untuk Apa? Bank Pembangunan Asia (Asian Development Bank/ADB) menyetujui pinjaman sebesar US$ 650 juta atau sekitar Rp 11,5 triliun (Kurs Rp 17.700) untuk mendukung Indonesia memodernisasi pengelolaan fiskal pemerintah pusat dan daerah. Pinjaman tersebut merupakan bagian dari subprogram pertama Accelerating Decentralization for Improved Local Governance (ADIL) atau Program Percepatan Desentralisasi demi Meningkatkan Tata Kelola Daerah. Direktur ADB untuk Indonesia, Bobur Alimov, mengatakan program ini akan mendukung platform digital nasional baru untuk integrasi dan pelaporan data fiskal, serta penilaian pajak properti yang lebih adil guna meningkatkan pendapatan daerah. Selain itu, isu-isu terkait perlindungan hak-hak sipil, termasuk perencanaan dan penganggaran yang responsif untuk melindungi perempuan dan anak perempuan, serta integrasi risiko bencana, telah menjadi bagian tak terpisahkan dari kerangka kerja tersebut. ""Aspirasi Pemerintah Indonesia untuk menjadi negara berpenghasilan tinggi pada tahun 2045 didukung secara strategis oleh pembangunan ekonomi di berbagai provinsi, kabupaten, dan desa, tempat layanan publik esensial diberikan,"" ujar Bobur dalam keterangan tertulis, Rabu (16/9/2026). ""Arsitektur fiskal dan digital negara yang semakin diperkuat memungkinkan penyediaan layanan yang lebih baik bagi masyarakat,"" sambungnya. Bobur menyampaikan bahwa 35%-40% dari total pengeluaran publik, termasuk pengeluaran untuk pendidikan, perawatan kesehatan, dan infrastruktur lokal, dikelola di tingkat subnasional. Ia menilai sistem pengelolaan keuangan publik daerah yang masih terfragmentasi serta perbedaan kemampuan fiskal dan administratif antarwilayah dapat memengaruhi administrasi perpajakan, koordinasi kebijakan, hingga penyediaan layanan publik. Menurutnya, dengan program ini nisa mengatasi tantangan struktural dalam sistem fiskal daerah di Indonesia. Selain itu juga dapat mendukung Rencana Pembangunan Jangka Menengah Nasional 2025-2029 dan Visi Indonesia Emas 2045 untuk mempercepat pertumbuhan ekonomi Indonesia, mendorong pengurangan kemiskinan dan ketimpangan, serta memperkuat keberlanjutan lingkungan. Simak juga Video: Purbaya Sebut Rasio Utang RI Masih Aman Anda menyukai artikel ini Artikel disimpan",finance,https://finance.detik.com/moneter/d-8665604/ri-dapat-utang-rp-11-5-t-dari-adb-untuk-apa
136,"Dirjen Pajak Akui Minta Suahasil Batalkan Perombakan Pejabat Era Purbaya Direktur Jenderal Pajak Bimo Wijayanto meminta penundaan perombakan pejabat di lingkungan Direktorat Jenderal Pajak (DJP) Kementerian Keuangan (Kemenkeu). Hal ini dikarenakan terdapat sejumlah nama pejabat yang masuk dalam perombakan itu namun belum mengikuti prosedur talent management DJP. ""Itu kan usulan kita, rotasi itu. Cuma memang ada beberapa yang nama-nama 'ajaib' yang tidak ikut proses assessment talent management,"" katanya saat ditemui usai acara International Tax Conference di kantor pusat DJP, Jakarta Selatan, Rabu (16/9/2026). Bimo menegaskan indikasi penyimpangan prosedur terkait munculnya sejumlah nama melompati proses seleksi inilah yang membuat dirinya meminta kebijakan rotasi atau perombakan susunan jabatan itu untuk ditunda atau dibatalkan. ""Kemudian itu yang membuat saya dan Dirjen Bea Cukai meminta untuk ditunda dahulu, dibatalkan, karena sinyalnya nggak bagus bagi pasukan yang lain, yang ikut susah payah ikut assessment, ikut ujian, ikut talent management,"" tegas Bimo. Namun sampai keputusan lebih jauh ditetapkan oleh Suahasil, Bimo mengatakan untuk saat ini para pejabat yang terindikasi melompati proses ini akan langsung dibatalkan dari daftar perombakan dan dikembalikan ke posisi semula. ""Yang nggak memenuhi syarat tadi dibatalkan. Yang lain-lain tetap. (Jadi balik ke posisi awal?) iya,"" jawabnya. Di luar itu, Bimo juga membenarkan saat ditanya apakah permintaan penundaan perombakan ini berkaitan dengan pernyataan Menkeu baru Suahasil Nazara yang akan melihat lebih dahulu Keputusan Menteri Keuangan yang digunakan sebagai landasan aturan perombakan pejabat era Purbaya. ""Iya, Pak Suahasil menegaskan komitmennya untuk melaksanakan talent management, melaksanakan birokrasi reform dengan sebaik-baiknya,"" terang Bimo. Sebelumnya Menteri Keuangan (Menkeu) Suahasil Nazara buka-bukaan terkait nasib perombakan pejabat yang dilakukan belum lama ini oleh Purbaya Yudhi Sadewa saat ia masih menjabat. Ia mengatakan pihaknya akan melihat terlebih dahulu Keputusan Menteri Keuangan sebagai landasan aturan perlombakannya. ""Nanti kita lihat, tapi kemarin memang ada pelantikan minggu lalu, dan tentu nanti kita akan lihat pelantikan seperti apa, Keputusan Menteri Keuangannya seperti apa, dan kita akan tindak lanjuti dari situ,"" beber Suahasil usai dilantik di Istana Negara, Jakarta Pusat, Senin (14/9/2026). Perombakan ratusan pejabat di lingkungan Kemenkeu terakhir dilakukan oleh Purbaya pada Kamis 10 September 2026. Dalam hal ini, mayoritas perombakan di Ditjen Bea Cukai dan Ditjen Pajak. Perombakan terjadi pada pejabat Pimpinan Tinggi Pratama, Pejabat Administrator, Pejabat Pengawas, Pejabat Fungsional, dan Pejabat pada Unit Organisasi Non Eselon Kemenkeu. Saksikan Live DetikPagi: Simak juga Video: Pakar Ungkap Sederet Tantangan Menteri Suahasil Usai Purbaya Lengser Anda menyukai artikel ini Artikel disimpan",finance,https://finance.detik.com/berita-ekonomi-bisnis/d-8665574/dirjen-pajak-akui-minta-suahasil-batalkan-perombakan-pejabat-era-purbaya
137,"Menkeu Suahasil Perdana Rapat di Istana usai Gantikan Purbaya Menteri Keuangan Suahasil Nazara hari ini menghadiri rapat terbatas untuk pertama kalinya usai dilantik Presiden Prabowo Subianto pada Senin kemarin. Suahasil dilantik menjadi Bendahara Negara menggantikan Purbaya Yudhi Sadewa. Ketika tiba di Istana, Suahasil cukup lebar memberikan senyuman ketika dihampiri awak media yang ingin bertanya. Hanya saja dia enggan bicara banyak soal rapat apa yang mau dilakukan. Suahasil cuma bilang dia akan memaparkan kondisi ekonomi terkini kepada Presiden Prabowo Subianto. ""Ya bentar, kondisi ekonomi kita selalu menyampaikan. Kita rapat dulu nanti kita sampaikan,"" ujar Suahasil sambil tersenyum ketika tiba di Kompleks Istana Kepresidenan, Jakarta Pusat, Rabu (16/9/2026). Dalam momen yang sama, Menteri ESDM Bahlil Lahadalia juga hadir ke Istana. Bahlil bilang rapat sore ini akan membahas soal kebijakan energi. ""Hari ini kami akan melakukan rapat dengan presiden terkait dengan beberapa langkah-langkah dalam rangka memenuhi kebutuhan energi di dalam negeri kita,"" beber Bahlil. Simak juga Video: Pakar Ungkap Sederet Tantangan Menteri Suahasil Usai Purbaya Lengser Anda menyukai artikel ini Artikel disimpan",finance,https://finance.detik.com/berita-ekonomi-bisnis/d-8665562/menkeu-suahasil-perdana-rapat-di-istana-usai-gantikan-purbaya
138,"IHSG Ditutup Turun ke Level 6.436 Indeks Harga Saham Gabungan (IHSG) hari ini ditutup di zona merah. IHSG bergerak dua arah hingga akhirnya ditutup level 6.400-an. Dikutip dari RTI, Rabu (16/9/2026), IHSG pada penutupan turun sebesar 24,30 poin ke level 6.436,85 atau melemah 0,38%. IHSG dibuka di level 6.453,91 dengan level tertinggi 6.535,46 dan terendah 6.436,85. Volume transaksi tercatat 24,49 miliar saham, turnover Rp 12,15 triliun dengan frekuensi transaksi 1.851.583 kali. Sebanyak 201 saham menguat, 439 saham melemah, dan 151 saham tidak mengalami pergerakan. Pada bursa Asia lainnya, Hang Seng Index menguat 0,19%, Nikkei naik 0,78%, dan Shanghai Composite Index menguat 0,71%. Lihat juga Video: Meskipun Merah, Inflasi di IHSG Cenderung ke Arah Positif Anda menyukai artikel ini Artikel disimpan",finance,https://finance.detik.com/bursa-dan-valas/d-8665530/ihsg-ditutup-turun-ke-level-6-436
139,"Harga Saham Rp 1 Siap Berlaku 28 September Bursa Efek Indonesia (BEI) akan mulai menerapkan perubahan batas minimum harga saham dari sebelumnya Rp 50 menjadi Rp 1 pada 28 September 2026. Implementasi aturan ini diketahui sempat ditunda dari jadwal sebelumnya karena terdapat Anggota Bursa (AB) yang belum siap menerapkan kebijakan tersebut. Direktur Utama BEI, Jeffrey Hendrik, mengatakan saat ini tinggal satu AB yang masih belum siap melakukan penghapusan batas minimum harga saham Rp 50. Namun ia memastikan, AB terkait dapat mengikuti ketentuan pada uji coba pada hari Sabtu (19/9) mendatang. ""Kami sangat optimis untuk mock di hari Sabtu ini, satu anggota bursa itu bisa ikut mock ini dan kemudian siap untuk bisa ikut dalam perdagangan di tanggal 28 nanti, yang sudah tidak lagi menggunakan harga minimum Rp 50,"" ungkap Jeffrey di Gedung BEI, Jakarta Selatan, Rabu (16/9/2026). Jeffrey menjelaskan, kendala yang dialami AB dalam menerapkan kebijakan baru bersifat teknis dan tidak perlu dikhawatirkan. Ia juga menyebut, saat ini ada 92 AB yang siap menerapkan ketentuan baru tersebut. Di sisi lain, Jeffrey juga memastikan infrastruktur perdagangan BEI siap menerapkan peraturan ini. Bahkan pada saat uji coba pertama, terdapat 83 hingga 87 AB yang siap menghapus batas minimum harga saham tersebut. ""Di tahap awal itu saja sudah ada 83 atau 87 waktu itu yang sudah siap. Nah sekarang sudah hampir semuanya siap dan yang paling harus siap pertama ya infrastruktur bursa,"" pungkasnya. Sebagai informasi, BEI berencana menghapus batas minimum harga saham menjadi Rp 1. Saat ini, harga saham paling rendah yang bisa diperdagangkan di BEI adalah Rp 50 per saham atau dikenal sebagai saham gocap. Jeffrey mengatakan perubahan ini dilakukan untuk memberi akses likuiditas dan proses penentuan harga pasar atau price discovery. Karenanya, BEI akan menghapus batas minimum harga tersebut. ""Untuk memberikan akses likuiditas dan price discovery yang lebih baik, kami akan menghapus batasan harga minimum Rp 50,"" jelas Jeffrey dalam keterangannya kepada wartawan, Kamis (20/8/2026). Sebelumnya, BEI menunda penerapan kebijakan yang sebelumnya dijadwalkan mulai 7 September 2026. Penundaan dilakukan karena masih ada AB yang belum siap menerapkan kebijakan baru tersebut. Lihat juga Video: Dasco Kumpulkan Bos Bank BUMN Imbas Harga Saham Anjlok Anda menyukai artikel ini Artikel disimpan",finance,https://finance.detik.com/bursa-dan-valas/d-8665554/harga-saham-rp-1-siap-berlaku-28-september
140,"PHR Teken Kontrak Pengembangan Migas Non-Konvensional di Zona Rokan PT Pertamina Hulu Rokan (PHR) menandatangani kontrak bagi hasil migas non konvensional (MNK) di zona Rokan melalui anak usahanya PT PHE Rokan Nonkonvensional. Pengembangan MNK menjadi strategi PHR untuk menjaga keberlanjutan produksi dan membuka sumberdaya migas baru bagi ketahanan energi nasional. Perjalanan MNK Rokan dimulai dari pengeboran Gulamo DET-1 pada 2023 dan dilanjutkan dengan Kelok DET-1 pada 2024 sebagai bagian dari upaya studi potensi migas non-konvensional di struktur North Aman. Keberhasilan Gulamo DET-1 dan Kelok DET-1 memperkuat keyakinan PHR terhadap potensi pengembangan Migas Non Konvensional (MNK) di struktur North Aman dengan perkiraan recoverable resources mencapai 724 juta barel setara minyak (MMBOE). Potensi ini menjadi dasar bagi PHR untuk melanjutkan tahapan appraisal sekaligus membuka peluang pengembangan pada struktur lain seperti South Aman, Rangau, dan Balam. Keunggulan ekosistem operasional Zona Rokan didukung oleh keberadaan infrastruktur produksi, fasilitas pendukung, akses operasional, serta ekosistem rantai pasok yang telah berkembang di Zona Rokan. Seluruh fasilitas ini menjadi modal penting bagi PHR untuk mendukung pengembangan MNK Rokan secara bertahap. Pengembangan MNK membutuhkan penerapan teknologi kompleks serta dukungan dari berbagai komponen ekosistem MNK. Keputusan Menteri ESDM Nomor 246.K/MG.04/MEM.M/2026 pun hadir memberikan kepastian regulasi, skema cost recovery dengan split adaptif, hingga insentif investasi guna menyeimbangkan daya tarik investasi dengan penerimaan negara, sekaligus memastikan keberlanjutan proyek jangka panjang. Kepala Satuan Kerja Khusus Pelaksana Kegiatan Usaha Hulu Minyak dan Gas Bumi (SKK Migas) Djoko Siswanto menyampaikan pentingnya pengembangan MNK Rokan bagi sektor sektor hulu migas nasional. Langkah ini dinilai penting untuk membuka sumber pertumbuhan produksi baru di tengah penurunan kinerja lapangan-lapangan konvensional. ""Rokan kita dorong menjadi pionir sekaligus pembuktian bahwa Migas Non Konvensional dapat dikembangkan secara komersial di Indonesia,"" ujar Djoko dalam keterangan tertulis, Rabu (16/9/2026). Menurut Djoko potensi sumber daya yang besar harus segera diterjemahkan menjadi cadangan dan produksi nyata. Upaya ini membutuhkan percepatan appraisal, penerapan teknologi tepat guna, serta dukungan keekonomian dan regulasi yang kompetitif. ""Potensinya sudah kita lihat, regulasi dan insentif juga telah disiapkan. Sekarang yang paling penting adalah bagaimana seluruh tahapan dapat berjalan lebih cepat sampai menghasilkan produksi. Kalau MNK Rokan berhasil, ini akan membuka jalan bagi pengembangan potensi MNK di wilayah lain dan menjadi sumber baru untuk mendukung peningkatan produksi serta ketahanan energi nasional,"" tuturnya. Wakil Direktur Utama PT Pertamina (Persero) Oki Muraza menegaskan pentingnya pengembangan MNK Rokan bagi masa depan energi nasional. Langkah ini menjadi langkah awal untuk membangun kapabilitas serta ekosistem Migas Non-Konvensional di Indonesia. ""Yang kita bangun bukan hanya sumurnya, tetapi ekosistemnya. MNK membutuhkan integrasi kemampuan subsurface, drilling dan completion, stimulasi, teknologi, supply chain, serta sumber daya manusia yang berbeda dari pengembangan migas konvensional. Rokan menjadi starting point bagi Pertamina dan Indonesia untuk membangun learning curve tersebut,"" jelas Oki. Oki juga menambahkan bahwa keberhasilan pembangunan ekosistem dan peningkatan daya saing ekonomi di Rokan dapat menjadi model untuk diterapkan pada potensi MNK lainnya. Langkah ini dinilai sebagai awal dari pengembangan skema MNK dalam skala yang jauh lebih besar di Indonesia. ""Jika ekosistem ini berhasil kita bangun dan keekonomiannya semakin kompetitif, model yang dikembangkan di Rokan dapat direplikasi ke potensi MNK lainnya. Inilah langkah awal menuju pengembangan MNK Indonesia dalam skala yang lebih besar,"" tambahnya. Sementara itu, Direktur Utama PT Pertamina Hulu Energi (PHE) Sunaryanto menyatakan optimismenya terhadap pengembangan MNK di Indonesia. Sebagai Subholding Upstream Pertamina, ia meyakini langkah ini akan berkontribusi signifikan terhadap produksi minyak nasional di masa mendatang. ""Pengembangan MNK memiliki potensi besar untuk mendukung peningkatan produksi minyak di dalam negeri,"" ujar Sunaryanto. Direktur Utama PHR Muhamad Arifin melihat momen penandatanganan KBH MNK Rokan adalah langkah strategis memperkuat ketahanan energi nasional. Langkah ini diharapkan mampu memperkuat ketahanan energi nasional sekaligus membangun kompetensi baru di sektor hulu migas. ""MNK bukan hanya proyek eksplorasi, melainkan fondasi baru yang akan menjadi investasi strategis untuk meningkatkan ketahanan energi nasional dan membangun kompetensi baru di hulu migas di Indonesia,"" imbuh Arifin. Ia menambahkan, dengan dukungan regulasi, ekosistem operasional yang mumpuni, serta roadmap jelas menuju tahap komersialisasi, MNK Rokan sebagai game changer akan membuka harapan baru bagi industri energi Indonesia. Dengan langkah ini, PHR menegaskan komitmennya untuk menghadirkan inovasi, memperkuat ketahanan energi, dan menciptakan multiplier effect sekaligus menjadi referensi bagi pengembangan sumber migas non-konvensional di wilayah lain. Subholding Upstream Pertamina terus berkomitmen mengucurkan investasi pada bisnis hulu migas yang berkelanjutan berbasis prinsip Environmental, Social, and Governance (ESG). Langkah ini diimbangi dengan penguatan tata kelola perusahaan, budaya kepatuhan, serta pencegahan fraud demi mewujudkan lingkungan kerja yang profesional, transparan, dan beretika. Anda menyukai artikel ini Artikel disimpan",finance,https://finance.detik.com/energi/d-8665529/phr-teken-kontrak-pengembangan-migas-non-konvensional-di-zona-rokan
141,"Pramono Kasih Sinyal Proyek MRT Cikarang-Balaraja Dimulai Tahun Ini Gubernur DKI Jakarta Pramono Anung memberikan sinyal proyek MRT Jakarta koridor East-West akan mulai dikerjakan tahun ini. Jalur tersebut akan menjadi bagian dari pengembangan transportasi berbasis rel untuk melayani wilayah Jakarta, khususnya koridor barat hingga timur. Pramono mengatakan, pemerintah terus mengembangkan jaringan transportasi publik di Jakarta. Selain LRT yang akan diperluas untuk menghubungkan sejumlah wilayah, koridor barat-timur akan dikembangkan menggunakan MRT. ""Untuk Jakarta Barat kita akan kembangkan yang dari Barat ke Timur menggunakan MRT, tahun ini mudah-mudahan bisa di-groundbreaking oleh Bapak Presiden Prabowo Subianto,"" kata Pramono dalam peresmian perpanjangan jalur LRT Jakarta di Stasiun Manggarai, Jakarta, Rabu (16/9/2026). Menurut Pramono, pihaknya sudah berkoordinasi dengan pemerintah pusat untuk menggarap proyek tersebut. Proyek MRT Jakarta akan dikembangkan sesuai dengan proyek yang saat ini beroperasi dari Lebak Bulus ke Bundaran HI. ""Dan tadi kami sudah mendiskusikan juga dengan Pemerintah Pusat mengenai share berapa yang perlu di share atau dibagi antara Pemerintah Pusat dengan juga dengan Pemerintah Jakarta. Dan prinsipnya melanjutkan apa yang sudah diatur di dalam MRT dari utara ke selatan,"" bebernya. Proyek MRT Jakarta East-West Line (Lintas Timur-Barat) direncanakan membentang dari Banten, melewati DKI Jakarta, hingga ke Bekasi, Jawa Barat. Pada fase 1 tahap 1, rute akan membentang dari Tomang, Jakarta Barat hingga Medan Satria, Bekasi. Perpanjangan jalur dari Jakarta hingga ke Bekasi dan Tangerang sudah termuat dalam rencana MRT lintas Timur-Barat. Rencana pembangunan ini sudah masuk dalam daftar proyek strategis nasional (PSN) berdasarkan Peraturan Presiden (Perpres) Nomor 12 Tahun 2025. Di mana ujung barat layanan MRT akan berhenti di Balaraja, dan di ujung Timur moda transportasi kereta ini akan berakhir di Cikarang. Sepanjang jalur itu, rencananya akan ada 48 stasiun dan 3 depo MRT Jakarta. Saksikan Live DetikPagi: Lihat juga Video: Pramono Targetkan MRT Kembangan-Balaraja Dibangun 1-2 Tahun Lagi Anda menyukai artikel ini Artikel disimpan",finance,https://finance.detik.com/infrastruktur/d-8665525/pramono-kasih-sinyal-proyek-mrt-cikarang-balaraja-dimulai-tahun-ini
142,"Prabowo Panggil Suahasil hingga Bahlil ke Istana Bahas Kebijakan Energi Presiden Prabowo Subianto mengumpulkan beberapa menterinya untuk membahas soal kebijakan energi. Menteri ESDM Bahlil Lahadalia, Kepala BP BUMN Dony Oskaria hingga, Menteri Keuangan Suahasil Nazara merapat ke Istana. ""Hari ini kami akan melakukan rapat dengan presiden terkait dengan beberapa langkah-langkah dalam rangka memenuhi kebutuhan energi di dalam negeri kita,"" beber Bahlil di Kompleks Istana Kepresidenan, Jakarta Pusat, Rabu (16/9/2026). Bahlil akan bicara soal pemanfaatan potensi dalam negeri dengan mendorong penggunaan Biodiesel B50. ""Mungkin salah satu diantaranya kita akan melakukan pengembangan dengan memanfaatkan potensi dalam negeri kita. Mungkin kita akan mendorong atas B50,"" sebut Bahlil. Sementara itu Dony mengatakan kemungkinan pihaknya dan Pertamina akan memberikan beberapa laporan. Diketahui, Wakil Dirut Pertamina Oki Muraza juga hadir dalam rapat. ""Kita biasa, update aja. Berkaitan sama ada Pertamina juga nanti kan, berkaitan dengan energi. Nanti setelah rapat mungkin kita bisa update ya lebih lanjut,"" ujar Dony. Simak juga Video: Pakar Ungkap Sederet Tantangan Menteri Suahasil Usai Purbaya Lengser Anda menyukai artikel ini Artikel disimpan",finance,https://finance.detik.com/energi/d-8665520/prabowo-panggil-suahasil-hingga-bahlil-ke-istana-bahas-kebijakan-energi
143,"Bahlil Mau Atur Agar Pembeli Pertamax Tak Pindah ke Pertalite Menteri Energi dan Sumber Daya Mineral (ESDM) Bahlil Lahadalia mengatakan sedang membuat aturan untuk mencegah pengguna BBM non-subsidi beralih menggunakan BBM subsidi, alias dari Pertamax ke Pertalite. Bahlil mengatakan peralihan pengguna dari BBM non-subsidi ke BBM subsidi menjadi salah satu penyebab terjadinya antrean di sejumlah SPBU secara nasional, termasuk antrean yang ada di Makassar. Ia meminta agar masyarakat mampu tidak mengkonsumsi BBM subsidi. ""Ya memang kita lagi ada memformulasikan aturannya. Makanya dalam berbagai kesempatan kan saya menganjurkan agar saudara-saudara saya yang mampu, yang mobilnya bagus, tolonglah kita jangan sampai memakai BBM subsidi,"" ujar Bahlil saat ditemui di Gedung DPR, Jakarta, Rabu (16/9/2026). Selain adanya peralihan konsumsi, Bahlil bilang ada faktor lain yang membuat antrean pembelian BBM subsidi di SPBU yang ada di Sulawesi. Dalam kesempatan ini Bahlil tidak menjelaskan detail. Ia hanya menyampaikan ada pihak-pihak yang sengaja antre dengan maksud tertentu. ""Kemudian yang terjadi di Sulawesi Selatan kemarin itu menjadi antrian panjang karena banyak faktor. Salah satu di antaranya adalah ada memang pihak-pihak, kan teman-teman media kan udah punya data. Ngantri di pompa bensin hanya untuk, ya ada maksud lain lah kira-kira begitu,"" katanya. Ia pun memastikan bahwa saat ini tidak ada kelangkaan BBM. Bahlil menyampaikan stok BBM nasional dalam kondisi aman. Di mana BBM nasional berada di atas batas minimal yang ada. ""BBM itu kan secara cadangan stok nasional kita kan dalam batas minimal nasional, 18-20 hari,"" terangnya. Sementara itu, Ditjen Minyak dan Gas Bumi Laode Sulaeman menyampaikan saat ini pihaknya bersama dengan aparat penegak hukum dan Pertamina tengah menggali adanya dugaan penimbunan BBM yang ada di Makassar. Karena hal ini kata Laode antrean BBM terjadi. Laode menjelaskan penimbunan BBM ini dilakukan dengan modus memperbesar tangki kendaraan. ""Ya dia ngisi tapi tangkinya diperbesar, contohnya kayak gitu. Tangkinya ditambah yang harusnya kapasitasnya X, ditambah X plus 50%, X plus 75%. Contohnya gitu,"" katanya. Saksikan Live DetikPagi: Simak juga Video Harga Pertamax Turun, Bahlil: Mengikuti Harga Dunia Anda menyukai artikel ini Artikel disimpan",finance,https://finance.detik.com/energi/d-8665513/bahlil-mau-atur-agar-pembeli-pertamax-tak-pindah-ke-pertalite
144,"Investor Banyak Beralih ke Reksa Dana Pasar Uang, Ada Apa? Pelaku pasar modal di Indonesia menghadapi berbagai dinamika global dan domestik. Kondisi tersebut mendorong investor untuk lebih selektif dalam menentukan alokasi investasinya. Direktur Investasi Sucor Asset Management (AM), Dimas Yusuf, mengatakan perhatian pelaku pasar terhadap instrumen dengan profil risiko yang konservatif masih terlihat. Hal tersebut tercermin dari besaran Asset Under Management (AUM) hungga awal September 2026. ""Di tengah kondisi pasar yang dinamis, kami melihat investor semakin selektif dalam menentukan alokasi investasinya. Perhatian terhadap instrumen dengan profil risiko yang lebih konservatif masih terlihat, tercermin dari AUM reksa dana pasar uang Sucor AM yang mencapai Rp 22,48 triliun hingga 9 September 2026 tumbuh 23,3% YTD,"" ujar Dimas dalam keterangan tertulis, Rabu (16/9/2026). Sementara AUM reksa dana saham Sucor AM tercatat sebesar Rp 6,28 triliun atau tumbuh 6,2% YTD hingga 9 September 2026. Hal ini mencerminkan minat terhadap pasar saham pada investor dengan profil agresif dan horizon investasi jangka panjang. Secara umum, dana kelolaan reksa dana yang dikelola Sucor AM sendiri sebesar Rp 46,5 triliun dengan jumlah investor aktif lebih dari 900 ribu Single Investor Identification (SID). ""Setiap kelas aset memiliki dinamika dan karakteristik risiko yang berbeda. Karena itu, selektivitas menjadi hal penting, baik dalam menentukan alokasi aset maupun memilih instrumen yang sesuai dengan profil risiko dan tujuan investasi,"" lanjut Dimas. Dalam periode lima tahun hingga 31 Agustus 2026, dana kelolaan Sucor AM tercatat tumbuh 107% dengan peningkatan jumlah investor aktif sebesar 115%. Perusahaan juga mulai membentuk strategi hingga akhir 2026. Pada reksa dana saham, Sucor AM akan fokus memilih emiten dengan fundamental kuat, valuasi menarik, dividend yield yang kompetitif, serta prospek pertumbuhan bisnis yang terjaga. Sementara untuk obligasi, fokus diarahkan pada kualitas kredit, profil risiko, dan likuiditas, dengan penyesuaian durasi reksa dana pendapatan tetap secara bertahap sesuai kondisi pasar. Strategi tersebut juga dibarengi dengan penguatan kerja sama dengan mitra distribusi, perluasan edukasi investor, serta komunikasi rutin mengenai perkembangan pasar dan strategi investasi. Sucor AM juga akan terus mengembangkan produk sesuai profil risiko dan jangka waktu investasi investor. Di sisi lain, disiplin manajemen risiko tetap menjadi prioritas dengan strategi yang disesuaikan berdasarkan karakteristik masing-masing kelas aset. Langkah ini dilakukan untuk menjaga kepercayaan investor sekaligus memenuhi kebutuhan investasi yang terus berkembang. Lihat juga Video: Reksa Dana, Jalan Ninja Kelola Risiko Investasi? Anda menyukai artikel ini Artikel disimpan",finance,https://finance.detik.com/bursa-dan-valas/d-8665487/investor-banyak-beralih-ke-reksa-dana-pasar-uang-ada-apa
145,"Prabowo Happy Ekonomi Jakarta Meningkat: Perusahaan Bangkit-Investasi Naik Presiden Prabowo Subianto mengaku senang mendapatkan laporan dari Gubernur DKI Jakarta Pramono Anung soal pertumbuhan ekonomi yang melesat. Pramono melaporkan perusahaan-perusahaan yang tadinya lesu sedang bangkit di Jakarta, investasi pun melesat. ""Di dalam laporan dari Gubernur, pertumbuhan (ekonomi) DKI meningkat, perusahaan-perusahaan yang tadi agak lesu sekarang bangkit, investasi naik luar biasa,"" ujar Prabowo saat meresmikan LRT Jakarta di Stasiun Manggarai, Jakarta Selatan, Rabu (16/9/2026). Capaian baik ini terjadi karena semua pemimpin di pusat dan daerah saling gotong royong. Dia yakin bila semua orang bekerja, ekonomi Indonesia akan bangkit. ""Ini menunjukkan bila pemimpin-pemimpin bisa kerja sama, bisa gotong royong, dan harus gotong royong, bisa dan mau gotong royong, mau kerja sama, bangsa ini akan bangkit menjadi bangsa yang luar biasa. Saya yakin itu,"" kata Prabowo. Pramono dalam acara yang sama memaparkan ekonomi Jakarta triwulan II-2026 tumbuh 5,52%. Inflasi terjaga di 2,5% dan kontribusi bagi pertumbuhan ekonomi nasional mencapai 16,32%. ""Yang juga menggembirakan bapak presiden, kalau dulu di tahun 2021, selama satu tahun penuh investasi Jakarta itu Rp 103 triliun. Dalam era dua tahun ini, dalam kepemimpinan Bapak, Jakarta tumbuh 162%. Di tahun 2025, investasi di Jakarta Rp 270 triliun. Bahkan di triwulan kedua tahun ini, di tahun 2026, Jakarta investasinya Rp 173 triliun,"" papar Pramono. Simak juga Video: Prabowo Ajak Ubah Kerentanan Jadi Kekuatan Ekonomi di KTT BRICS Anda menyukai artikel ini Artikel disimpan",finance,https://finance.detik.com/berita-ekonomi-bisnis/d-8665473/prabowo-happy-ekonomi-jakarta-meningkat-perusahaan-bangkit-investasi-naik
146,"Pertamina Sebut Kondisi Antrean BBM di Makassar Sudah Kondusif Pertamina Patra Niaga menyebut kondisi penyaluran bahan bakar minyak (BBM) di sejumlah SPBU Kota Makassar dan wilayah sekitarnya mulai kondusif. Di mana pengisian BBM di SPBU berjalan dengan lebih tertib dan antrean kendaraan tidak lagi mengganggu arus lalu lintas di sekitar SPBU. ""Kondisi penyaluran BBM di Makassar, Gowa, Takalar, dan Maros saat ini sudah lebih kondusif. Ini tentu merupakan hasil kerja bersama antara Pertamina, pemerintah daerah, dan APH yang terus berkoordinasi dan melakukan pemantauan di lapangan,"" ujar Pjs. Area Manager Communication, Relations & CSR Pertamina Patra Niaga Regional Sulawesi, Okky Aditya Wibowo dalam keterangan tertulis, Rabu (16/9/2026). Okky menambahkan, Pertamina tidak hanya melakukan pemantauan di SPBU, tetapi juga memastikan penyaluran BBM ke lembaga penyalur terus berjalan secara berkelanjutan. Distribusi dilakukan dengan mempertimbangkan kebutuhan dan kondisi di lapangan. Langkah ini dilakukan untuk memastikan kebutuhan masyarakat tetap dapat dilayani dan distribusi BBM berjalan sesuai dengan kondisi kebutuhan di masing-masing wilayah ""Dari sisi Pertamina, kami terus berupaya menjaga agar penyaluran BBM berjalan secara berkelanjutan. Distribusi ke lembaga penyalur terus kami lakukan dan kondisi di lapangan terus kami monitor. Kami juga terus berkoordinasi dengan pemerintah daerah dan APH apabila terdapat dinamika dalam penyaluran,"" tambah Okky. Pertamina mengapresiasi dukungan pemerintah daerah dan APH yang bersama-sama menjaga ketertiban di sekitar SPBU. Sinergi tersebut diharapkan dapat terus berjalan sehingga pelayanan kepada masyarakat semakin baik dan aktivitas pengisian BBM dapat berlangsung secara tertib. Pertamina juga mengimbau masyarakat untuk membeli BBM sesuai kebutuhan dan mengikuti arahan petugas di SPBU. Masyarakat diharapkan tidak melakukan pembelian secara berlebihan agar penyaluran BBM dapat berjalan dengan baik dan masyarakat lainnya tetap mendapatkan pelayanan. Informasi maupun pengaduan terkait produk dan layanan Pertamina dapat disampaikan melalui Pertamina Contact Center (PCC) 135 yang melayani pelanggan selama 24 jam. Lihat juga Video Haykal Kamil Soroti Harga BBM Eceran di Aceh Tak Masuk Akal Anda menyukai artikel ini Artikel disimpan",finance,https://finance.detik.com/energi/d-8665453/pertamina-sebut-kondisi-antrean-bbm-di-makassar-sudah-kondusif
147,"Tuntut UMP Naik 9,5%, Buruh Siapkan Aksi Besar Oktober Konfederasi Serikat Pekerja Indonesia (KSPI) bersama Partai Buruh dan Koalisi Serikat Pekerja dan Partai Buruh (KSPPB) berencana melakukan gelombang aksi unjuk rasa pada bulan Oktober mendatang. Presiden KSPI sekaligus Presiden Partai Buruh, Said Iqbal, mengatakan waktu pasti unjuk rasa ini masih belum ditetapkan dan masih dalam pembahasan. Namun yang pasti aksi ini akan dilakukan bertahap dari tingkat daerah di kantor-kantor kepala daerah di seluruh Indonesia. ""KSPI, Koalisi Serikat Pekerja dan Partai Buruh, KSPPB, direncanakan bulan Oktober. Kapan? Itu nanti akan didiskusikan lebih lanjut. Aksinya dimulai dari daerah dulu. Dari setiap provinsi nanti akan ada aksi ke kantor-kantor gubernur,"" jelasnya dalam konferensi pers yang dilakukan secara online, Rabu (16/9/2026). Lebih lanjut Said menegaskan buruh tidak akan melakukan aksi unjuk rasa bulan ini, September, sebab ia tidak ingin aksi yang dilakukan dikaitkan dengan kegiatan atau isu lain yang bersifat anarki alias rusuh. ""Aksinya itu tapi tidak bulan September ini, karena kami tidak mau terjebak dengan isu istilah 'Black September'. Kami nggak mau ikut-ikutan itu. Kami hanya memperjuangkan isu buruh. Tidak ikut-ikutan yang mengakibatkan kerusakan atau kericuhan,"" ujar Said. Dalam aksi gelombang yang disiapkan untuk bulan Oktober tersebut, kelompok buruh akan membawa lima agenda tuntutan utama: 1. Menuntut kenaikan UMP dan UMK tahun 2027 sebesar 7,5% - 9,5%. 2. Menuntut DPR segera mengesahkan RUU Perlindungan Ketenagakerjaan. 3. Segera melakukan revisi atau perubahan pada Permenaker Nomor 7 Tahun 2026 mengenai pekerja alih daya. 4. Menghapus skema pesangon 0,5 kali menjadi minimal 1,0 kali sesuai Putusan MK Nomor 168. 5. Meminta Kementerian Keuangan menghapus pemotongan pajak Jaminan Hari Tua (JHT) dari 5% menjadi 0%. ""Ini ada Menteri Keuangan yang baru, kami ingin mengingatkan Pak Suahasil agar permintaan kaum buruh dan para anggota masyarakat pajak jaminan hari tua itu adalah 0%. Sekarang ini kan 5%, pajaknya kami minta 0%"" ucap Said membacakan salah satu tuntutan buruh. ""Ada rencana aksi, tapi rencana aksi di daerah, di kota-kota industri, tidak bulan September ini. Kita nggak mau gerakan buruh menjadi sesuatu yang kontraproduktif kalau kita lakukan di September,"" pungkasnya. Lihat juga Video: Demo Buruh Tuntut UMP DKI Naik jadi Rp 5,8 Juta Anda menyukai artikel ini Artikel disimpan",finance,https://finance.detik.com/berita-ekonomi-bisnis/d-8665438/tuntut-ump-naik-9-5-buruh-siapkan-aksi-besar-oktober
148,"LRT Jakarta ke Dukuh Atas Butuh Rp 2,7 T, Pramono: Bisa dari Obligasi-Danantara Pemerintah Provinsi (Pemprov) DKI Jakarta bakal memperpanjang jalur LRT Jakarta dari Stasiun Manggari hingga kawasan Dukuh Atas. Proyek LRT Jakarta Manggarai-Dukuh Atas akan direalisasi tahun 2027. Menurut Gubernur DKI Jakarta Pramono Anung, butuh anggaran hingga Rp 2,7 triliun untuk mendanai proyek tersebut. Dananya bisa berasal dari obligasi, APBD, hingga Danantara. ""Untuk dari Manggarai sampai dengan Dukuh Atas Rp 2,7 triliun yang kita akan mulai di tahun 2027 awal ini sudah tersedia berapa Pak Dirut? Udah ada? Nggak perlu obligasi? Jadi intinya bisa dari obligasi, bisa dari APBD, bisa juga dari Danantara,"" terang Pramono dalam peresmian LRT Jakarta ke Manggarai, Jakarta Selatan, Rabu (16/9/2026). Pembangunan LRT Jakarta juga akan diteruskan hingga Jakarta International Stadium (JIS) dan kawasan stasiun Kereta Cepat Whoosh. Pengembangan LRT Jakarta akan dilanjutkan dari Kelapa Gading menuju JIS, sementara dari Velodrome jalurnya akan diperpanjang hingga Stasiun Whoosh di Halim. ""Tetapi yang saya bahagia dan saya happy adalah sesuai dengan arahan Bapak Presiden, kita akan lanjutkan sampai dengan JIS dari Kelapa Gading ke JIS, dari Velodrome ke Whoosh,"" tuturnya. Sementara itu, pengembangan transportasi berbasis rel untuk wilayah Jakarta Barat akan mengandalkan MRT. Pramono mengatakan MRT akan dikembangkan untuk melayani koridor barat-timur Jakarta. ""Memang orang banyak menanyakan bagaimana dengan Jakarta Barat untuk LRT, sedangkan untuk Jakarta Barat kita akan kembangkan yang dari barat ke timur menggunakan MRT,"" tutup Pramono (acd/acd) Anda menyukai artikel ini Artikel disimpan",finance,https://finance.detik.com/infrastruktur/d-8665430/lrt-jakarta-ke-dukuh-atas-butuh-rp-2-7-t-pramono-bisa-dari-obligasi-danantara
149,"Suahasil Bungkam Ditanya soal Utang Whoosh-Dividen Danantara Rp 120 T Menteri Keuangan (Menkeu), Suahasil Nazara, memilih bungkam saat diberondong sejumlah pertanyaan oleh awak media. Peristiwa tersebut terjadi usai dirinya menghadiri Sidang Paripurna DPD RI di Kompleks Parlemen, Senayan, Jakarta, Rabu (16/9/2026). Saat itu, Suahasil diketahui hadir dengan kemeja biru muda, dasi bergaris berwarna putih, dengan jas hitam. Ia hadir didampingi sejumlah jajarannya di ruang Sidang Paripurna DPD, Nusantara V. Ketika menghadapi awak media, Suahasil memilih bungkam. Sejumlah pertanyaan yang diajukan juga mencakup berbagai pertanyaan yang menjadi isu pada masa kepemimpinan Purbaya Yudhi Sadewa di Kementerian Keuangan. Sejumlah pertanyaan tersebut di antaranya terkait keputusan Fitch Ratings Indonesia yang menyesuaikan peringkat utang Indonesia Investment Authority's (INA) menjadi BBB dengan Outlook Negatif hingga nasib penyelesaian utang proyek kereta cepat Whoosh yang diketahui dilimpahkan ke Kementerian Keuangan (Kemenkeu) mulai 15 September. Ia juga sempat ditanya terkait Saldo Anggaran Lebih (SAL) yang ditempatkan di perbankan nasional. Suahasil juga tidak menanggapi pertanyaan terkait dividen Badan Pengelola Investasi (BPI) Daya Anagata Nusantara (Danantara) yang akan disetorkan ke Kemenkeu Rp 120 triliun. Ia memberi isyarat untuk menjawab sejumlah isu tersebut pada agenda rutin di kantor Kemenkeu, yakni APBN KITA. Agenda tersebut rencana digelar dalam waktu dekat. Suahasil dilantik sebagai Menkeu berdasarkan Keputusan Presiden 97 P Tahun 2026 Pemberhentian dan Pengangkatan Kabinet Merah Putih di sisa masa jabatan 2024-2029. Ia dilantik langsung oleh Prabowo sebagai pengganti Purbaya yang telah menjabat sebagai Menkeu selama satu tahun terakhir. Kemudian pada Selasa (15/9), Purbaya Yudhi Sadewa resmi melepas jabatannya sebagai Menkeu usai satu tahun memimpin Kementerian Keuangan kepada Suahasil Nazara. Proses Serah Terima Jabatan (Sertijab) berlangsung hari ini di Aula Mezzanine, Gedung Djuanda 1 Kementerian Keuangan di Jakarta Pusat. Simak juga Video: Pakar Ungkap Sederet Tantangan Menteri Suahasil Usai Purbaya Lengser Anda menyukai artikel ini Artikel disimpan",finance,https://finance.detik.com/berita-ekonomi-bisnis/d-8665404/suahasil-bungkam-ditanya-soal-utang-whoosh-dividen-danantara-rp-120-t
150,"7 KRL Masuk Bengkel, KAI Ungkap Kapan Bisa Dipakai Lagi Sebanyak 7 trainset KRL iE305/CLI 225 tengah menjalani perawatan di fasilitas PT Industri Kereta Api (Persero) atau INKA. Proses tersebut mencakup pemeriksaan sistem, komponen teknis, serta aspek keselamatan sarana sebelum kembali digunakan dalam pelayanan. Vice President Corporate Communication KAI Anne Purba menjelaskan bahwa saat ini satu trainset KRL iE305/CLI 225 sedang dalam tahap akhir pengecekan dan ditargetkan siap pada minggu ini. Selanjutnya, enam trainset lainnya diselesaikan secara bertahap dengan target tiga trainset selesai pada 25 September 2026 dan tiga trainset berikutnya selesai pada 9 Oktober 2026. ""Setiap trainset yang telah menyelesaikan seluruh rangkaian pemeriksaan dan dinyatakan siap akan diserahkan kepada KAI Commuter untuk mendukung pelayanan Commuter Line Jabodetabek sesuai kebutuhan operasional,"" ujar Anne dalam keterangan tertulis, Rabu (16/9/2026). KAI memastikan kolaborasi KAI Commuter sebagai anak usaha KAI dan INKA terus berjalan untuk menyelesaikan proses perawatan 7 trainset KRL iE305/CLI 225 sesuai target waktu yang telah ditetapkan. Kolaborasi tersebut menjadi bagian penting dalam menjaga kesiapan layanan Commuter Line Jabodetabek yang mendukung kebutuhan mobilitas masyarakat di wilayah Jabodetabek. ""Pemeriksaan dilakukan secara menyeluruh untuk memastikan setiap trainset yang kembali beroperasi memenuhi standar keselamatan, keandalan sarana, serta kebutuhan operasional Commuter Line Jabodetabek,"" kata Anne. Commuter Line Jabodetabek menjadi salah satu layanan transportasi utama masyarakat dengan tingkat mobilitas yang terus meningkat. Dalam satu dekade terakhir, jumlah pengguna KRL Jabodetabek meningkat dari 257 juta pelanggan pada 2015 menjadi 401 juta pelanggan pada 2025. Hingga Januari-Agustus 2026, jumlah pelanggan telah mencapai 277,2 juta. Peningkatan mobilitas tersebut berjalan seiring dengan perkembangan jaringan layanan KRL Jabodetabek. Jumlah stasiun meningkat dari 71 stasiun pada 2015 menjadi 85 stasiun pada 2026 untuk mendukung kebutuhan perjalanan masyarakat. KAI memastikan proses perawatan sarana terus dilakukan melalui koordinasi antara KAI, INKA, KAI Commuter, dan pihak terkait. Setiap tahapan pekerjaan diarahkan untuk menjaga kesiapan operasional Commuter Line Jabodetabek dengan mengutamakan aspek keselamatan pelanggan. ""KAI bersama seluruh pihak terkait akan terus menjaga kualitas layanan Commuter Line Jabodetabek melalui kesiapan sarana dan evaluasi berkelanjutan sesuai standar keselamatan yang berlaku,"" tutup Anne. Simak juga Video 'DPR Soroti Pengurangan Perjalanan KRL Jakarta-Bogor Bikin Penuh Sesak': Anda menyukai artikel ini Artikel disimpan",finance,https://finance.detik.com/berita-ekonomi-bisnis/d-8665399/7-krl-masuk-bengkel-kai-ungkap-kapan-bisa-dipakai-lagi
151,"Pramono Happy Prabowo Restui LRT Diperpanjang Sampai JIS-Halim Pemerintah Provinsi (Pemprov) DKI Jakarta berencana melanjutkan pembangunan LRT Jakarta hingga terkoneksi dengan Jakarta International Stadium (JIS) dan stasiun Kereta Cepat Whoosh. Rencana tersebut disampaikan Gubernur DKI Jakarta Pramono Anung usai peresmian proyek tersebut. Pramono mengatakan, pengembangan LRT Jakarta akan dilanjutkan dari Kelapa Gading menuju JIS. Sementara dari Velodrome, jalur LRT Jakarta akan diperpanjang hingga terhubung dengan Stasiun Whoosh di Halim. ""Tetapi yang saya bahagia dan saya happy adalah sesuai dengan arahan Bapak Presiden, kita akan lanjutkan sampai dengan JIS dari Kelapa Gading ke JIS, dari Velodrome ke Whoosh,"" kata Pramono di Stasiun Manggarai, Jakarta, Rabu (16/9/2026). Menurut Pramono, pengembangan tersebut akan membuat jaringan LRT Jakarta semakin terintegrasi. Moda transportasi itu nantinya akan menghubungkan wilayah utara, timur, selatan hingga pusat Jakarta. Selain itu, Pemprov DKI akan melanjutkan pembangunan LRT dari Manggarai menuju Dukuh Atas. Pramono menyebut proyek tersebut membutuhkan anggaran sekitar Rp 2,7 triliun dan direncanakan mulai dikerjakan pada awal 2027. ""Untuk dari Manggarai sampai dengan Dukuh Atas Rp 2,7 triliun yang kita akan mulai di tahun 2027 awal ini sudah tersedia berapa Pak Dirut? Udah ada? Nggak perlu obligasi? Jadi intinya bisa dari obligasi, bisa dari APBD, bisa juga dari Danantara,"" terang Pramono. Sementara itu, pengembangan transportasi berbasis rel untuk wilayah Jakarta Barat akan mengandalkan MRT. Pramono mengatakan MRT akan dikembangkan untuk melayani koridor barat-timur Jakarta. ""Memang orang banyak menanyakan bagaimana dengan Jakarta Barat untuk LRT, sedangkan untuk Jakarta Barat kita akan kembangkan yang dari barat ke timur menggunakan MRT,"" tutup Pramono. Lihat Video 'Prabowo Jajal LRT Rute Kelapa Gading-Manggarai Bareng Pramono': Anda menyukai artikel ini Artikel disimpan",finance,https://finance.detik.com/infrastruktur/d-8665385/pramono-happy-prabowo-restui-lrt-diperpanjang-sampai-jis-halim
152,"Manggarai Tersambung LRT-KRL, Prabowo: 5-10 Tahun Lalu Siapa yang Mengira? Presiden Prabowo Subianto mengaku sangat bangga dengan kemajuan sistem transportasi di Indonesia, khususnya di Manggarai, Jakarta Selatan yang menjadi hub transportasi. Prabowo memaparkan transportasi massal yang sudah eksis, antara lain commuter line (KRL), Transjakarta, dan LRT Jakarta. Menurutnya, 5-10 tahun ke belakang tidak ada yang mengira sistem transportasi di Jakarta bisa sebegitu maju. ""Tadi dikatakan, 5-6 tahun yang lalu atau 10 tahun yang lalu, siapa mengira kita bisa punya sistem transportasi seperti sekarang? Ini di Manggarai ada LRT, ada KRL, ada TransJakarta, ada TransJabodetabek, ya kan? Kereta bandara. Ini menjadi transport hub,"" ujar Prabowo saat meresmikan LRT Jakarta Manggarai, Rabu (16/9/2026). Prabowo juga menyampaikan akan dibangun hunian vertikal untuk masyarakat berpenghasilan rendah (MBR) di Manggarai dan diyakini menjadi pusat perekonomian baru di Jakarta. ""Dan ini nanti akan dibangun menara-menara perumahan untuk rakyat yang berpenghasilan rendah,"" beber Prabowo. Prabowo mengaku sangat bahagia dan meminta capaian ini harus ditingkatkan. ""Oleh karena itu, hari ini adalah hari yang sangat membahagiakan saya. Hari ini adalah hari yang membanggakan, bahwa bangsa kita terus teratur, mungkin tidak fantastis tapi kita maju setapak demi setapak demi setapak,"" beber Prabowo. Simak Video 'Prabowo Jajal LRT Rute Kelapa Gading-Manggarai Bareng Pramono': Anda menyukai artikel ini Artikel disimpan",finance,https://finance.detik.com/infrastruktur/d-8665366/manggarai-tersambung-lrt-krl-prabowo-5-10-tahun-lalu-siapa-yang-mengira
153,"Said Iqbal Usul UMP 2027 Naik 9,5% Konfederasi Serikat Pekerja Indonesia (KSPI) bersama Partai Buruh dan Koalisi Serikat Pekerja dan Partai Buruh (KSPPB) menyampaikan usulan kenaikan Upah Minimum Provinsi (UMP) dan Upah Minimum Kabupaten/Kota (UMK) tahun 2027 sebesar 7,5-9,5%. Presiden KSPI sekaligus Presiden Partai Buruh, Said Iqbal menjelaskan perhitungan usulan tersebut mengacu pada ketentuan Peraturan Pemerintah Nomor 49 Tahun 2026 yang menggunakan angka inflasi, angka pertumbuhan ekonomi dan indeks tertentu (alpha). ""Jelas 7,5% sampai 9,5% yang akan diperjuangkan oleh kaum buruh, khususnya KSPI dan Partai Buruh, dan juga yang bergabung di Koalisi Serikat Pekerja dan Partai Buruh, KSPPB. Yaitu usulannya 7,5% sampai 9,5%,"" kata Said dalam konferensi pers yang dilakukan secara online, Rabu (16/9/2026). Dalam hal ini, ia mengatakan untuk angka yang digunakan dalam formula perhitungan usulan UMP 2027, buruh memilih indeks tertentu tertinggi sebesar 0,9. Kemudian untuk pertumbuhan ekonomi menggunakan rata-rata nasional 5,43% dan inflasi 3,20%. ""Berdasarkan data BPS, kita lihat inflasi dulu. Dari Oktober 2025 sampai dengan Agustus 2026 rata-rata inflasi nasional itu adalah 3,20%. Kemudian menurut BPS, rata-rata pertumbuhan ekonomi dari Oktober 2025 sampai Agustus 2026 secara nasional 5,43%,"" ujarnya. Lebih lanjut, ia menjelaskan dengan mengalikan pertumbuhan ekonomi dengan indeks tertentu 0,9 lalu ditambahkan angka inflasi tadi, diperoleh angka perhitungan rata-rata nasional sebesar 7,7%. ""Kita sekarang dapat menghitung berapa kenaikan upah minimum rata-rata nasional, karena mereka pakai data nasional. Jadi, 3,20% ditambah 5,43% dikali 0,9. Saya ulangi 3,20% ditambah 5,43% dikali 0,9 indeks tertentunya. Maka ketemu angka 7,7%,"" jelas Said. Meski begitu, menurutnya angka kenaikan UMP 7,7% tadi merupakan perhitungan umum dengan data rata-rata nasional yang digunakan sebagai perhitungan. Namun, mempertimbangkan variasi pertumbuhan ekonomi di setiap daerah, Said menilai setiap daerah harus memiliki perhitungan kenaikan upah masing-masing. Ia mencontohkan Maluku Utara yang memiliki pertumbuhan ekonomi tertinggi mencapai 20,05%. Dengan angka tersebut, meski kenaikan upah minimum 2027 dihitung menggunakan indeks tertentu 0,5, nilai kenaikan UMP Maluku Utara bisa naik hingga 12,5%. ""Tetapi yurisprudensi di Indonesia, kenaikan upah minimum dalam 10 tahun terakhir jarang sampai dua digit. Paling tinggi ada satu aturan sebelumnya ya, tapi sekarang sudah dihapus, paling tinggi kenaikan upah minimum itu 10%. Ini kan sudah 12,5% Maluku Utara,"" paparnya. ""Karena tadi kan saya bilang jarang ada dua digit. Maluku Utara dua digit, maka saya ambil angka di bawah 10%, itu 9,5%"" tegas Said lagi. Atas dasar inilah, Said menambahkan angka 7,5% diambil untuk mengakomodasi daerah dengan pertumbuhan ekonomi di bawah rata-rata nasional, sedangkan batas atas 9,5% ditetapkan memperhitungkan kenaikan upah minimum di Indonesia yang jarang menyentuh dua digit. ""Jadi sekarang jelas, usulan buruh kenaikan upah minimum adalah 7,5%. Kenapa 7,5%? Karena tadi secara nasional kan sudah dapat hitungannya 7,7%. Kenapa saya turunkan 7,5%? Nanti daerah tertentu ada pertumbuhan ekonominya lebih rendah dari nasional,"" jelas Said terkait usulan minimal kenaikan UMP 2027. ""Saya pakai 7,5% sampai dengan 9,5%. Kenapa 9,5%? Karena Maluku Utara tertinggi, dia ada dua digit. Yurisprudensi jarang, jadi saya mendekati yang dua digit, dua digit kan 10% angkanya, maka saya ambil 9,5%,"" pungkasnya. Simak juga Video 'Kabar Gembira Buat Warga DKI, 2.843 Loker Bergaji UMP Menanti': Anda menyukai artikel ini Artikel disimpan",finance,https://finance.detik.com/berita-ekonomi-bisnis/d-8665365/said-iqbal-usul-ump-2027-naik-9-5
154,Foto Bisnis Penyaluran LPG 3 Kg Bakal Diatur Berdasarkan Desil Jakarta - Konsumsi LPG 3 kilogram terus meningkat dan membebani anggaran subsidi. Pemerintah menyiapkan penyaluran berbasis desil agar subsidi lebih tepat sasaran. Anda menyukai artikel ini Artikel disimpan,finance,https://finance.detik.com/foto-bisnis/d-8664944/penyaluran-lpg-3-kg-bakal-diatur-berdasarkan-desil
155,"Rapat DPD yang Ditinggalkan Purbaya Kini Dilanjutkan Suahasil Menteri Keuangan (Menkeu), Suahasil Nazara, menghadiri Sidang Paripurna DPD RI di Kompleks Parlemen, Senayan, Jakarta, Rabu (16/9). Kehadiran Suahasil hari ini melanjutkan agenda sidang yang sebelumnya ditinggalkan Purbaya Yudhi Sadewa, Senin (14/9). Pada Senin kemarin, Purbaya meninggalkan rapat kerja gabungan bersama Komite IV DPD RI. Rapat tersebut membahas tentang Rancangan Undang-Undang (RUU) Anggaran Pendapatan dan Belanja Negara (APBN) Tahun Anggaran 2027 dan Nota Keuangan. Kala itu, Purbaya diketahui meninggalkan rapat secara mendadak. Tak lama setelahnya, ia diketahui menerima informasi pemecatan. Informasi tersebut juga ia terima melalui sambungan telepon di tengah rapat bersama DPD siang itu. Purbaya juga sempat menyebut sambungan telepon itu datang dari Menteri Sekretaris Negara Prasetyo Hadi. Sebagai informasi, Suahasil dilantik sebagai berdasarkan Keputusan Presiden 97 P Tahun 2026 Pemberhentian dan Pengangkatan Kabinet Merah Putih di sisa masa jabatan 2024-2029. Ia dilantik langsung oleh Prabowo sebagai pengganti Purbaya yang telah menjabat sebagai Menkeu selama satu tahun terakhir. Kemudian pada Selasa (15/9), Purbaya Yudhi Sadewa resmi melepas jabatannya sebagai Menkeu usai satu tahun memimpin Kementerian Keuangan kepada Suahasil Nazara. Proses Serah Terima Jabatan (Sertijab) berlangsung hari ini di Aula Mezzanine, Gedung Djuanda 1 Kementerian Keuangan di Jakarta Pusat. Di balik pergantian Purbaya ke Suahasil ini, muncul isu masalah internal di Kementerian Keuangan. Banyak pihak mengatakan ada masalah internal kementerian yang membuat Purbaya digantikan Suahasil, khususnya soal urusan Direktorat Jenderal Pajak dan Bea Cukai. Namun, Purbaya menepis kabar tersebut. ""Enggak, enggak ada. Gesekan sih enggak ada, yang jelas ya itu hak prerogatif Presiden yang beliau udah memutuskan,"" ujar Purbaya usai sertijab di Kementerian Keuangan (Kemenkeu), Jakarta Pusat, Selasa (15/9/2026). Simak juga Video 'Blak-blakan Purbaya soal Alasan Dicopot': Anda menyukai artikel ini Artikel disimpan",finance,https://finance.detik.com/berita-ekonomi-bisnis/d-8665334/rapat-dpd-yang-ditinggalkan-purbaya-kini-dilanjutkan-suahasil
156,"Prabowo Minta Danantara Bantu Perpanjang LRT ke Halim-JIS Gubernur DKI Jakarta Pramono Anung meminta bantuan kepada Presiden Prabowo Subianto untuk pengembangan rute LRT Jakarta. LRT Jakarta Kelapa Gading-Manggarai hari ini diresmikan Prabowo. Pramono mengatakan LRT Jakarta akan dilanjutkan sampai Stadion Jakarta International Stadium (JIS) dan Halim. Khusus di Halim, LRT Jakarta akan tersambung Kereta Cepat Whoosh. ""Dan yang juga menggembirakan adalah kami akan melanjutkan LRT ini dari Kelapa Gading sampai dengan JIS, kemudian dari Velodrome sampai dengan Halim, kereta cepat Bapak Presiden,"" beber Pramono pada saat peresmian di Stasiun LRT Manggarai, Jakarta Selatan, Rabu (16/9/2026). Dia mengatakan akan lebih baik bila pemerintah pusat menugaskan BPI Danantara ikut membantu proses pembangunannya. ""Akan lebih menggembirakan kalau kemudian bapak tugaskan Danaantara juga ikut membantu kami pak,"" ujar Pramono. Prabowo meminta agar Danantara mengikuti kemauan Pramono. Niat baik dari Pemprov DKI Jakarta harus dilanjutkan karena sebagai ibu kota, Jakarta merupakan kota milik semua orang. ""Tadi ada harapan dari Gubernur DKI, Danantara ikut membantu, saya kira Danantara wajib membantu. Karena DKI bukan hanya milik orang yang tinggal di DKI, DKI milik seluruh bangsa,"" tegas Prabowo. Simak juga Video 'Prabowo Jajal LRT Rute Kelapa Gading-Manggarai Bareng Pramono': Anda menyukai artikel ini Artikel disimpan",finance,https://finance.detik.com/infrastruktur/d-8665328/prabowo-minta-danantara-bantu-perpanjang-lrt-ke-halim-jis
157,"BYAN Umumkan Kahar, ESDM Tegaskan Revisi RKAB Masih Dievaluasi Kementerian Energi dan Sumber Daya Mineral (ESDM) buka suara soal PT Bayan Resources Tbk (BYAN) mengumumkan keadaan kahar alias force majeure karena persetujuan revisi Rencana Kerja dan Anggaran Biaya (RKAB) 2026 belum terbit. Direktur Jenderal Mineral dan Batu Bara, Tri Winarno, menyampaikan belum terbitnya revisi RKAB ini karena masih dalam tahap evaluasi. Meski begitu, Tri tidak menjelaskan detail terkait evaluasi yang apa yang dilakukannya. ""Karena kan lagi evaluasi, mungkin ada beberapa hal yang perlu dilakukan pencermatan atau evaluasi. Yang lain kan juga sudah kelar,"" ujar Tri saat ditemui di Gedung DPR, Jakarta, Rabu (16/9/2026). Tri menyampaikan, saat ini evaluasi revisi RKAB BYAN sedang berjalan. Ia meyakini bahwa RKAB tersebut akan selesai dalam waktu dekat ini. ""Secara spesifik saya belum melihat, tapi poinnya adalah sedang proses lah. Mudah-mudahan minggu ini kelar,"" katanya. Sebelumnya, PT Bayan Resources Tbk (BYAN) mengumumkan keadaan kahar alias force majeure. Kondisi tersebut terjadi karena persetujuan perubahan Rencana Kerja dan Anggaran Biaya (RKAB) 2026 belum terbit. Dikutip dari keterbukaan informasi, Selasa (15/9/2026), manajemen BYAN menjelaskan bahwa pada 11 September 2026, ketiga anak usahanya yakni, PT Tiwa Abadi (TA), PT Tanur Jaya (TJ), dan PT Fajar Sakti Prima (FSP) menyampaikan pemberitahuan keadaan Kahar terhadap kewajiban pemenuhan penyediaan batubara berdasarkan Perjanjian Penyediaan Batubara atau Coal Supply Agreement kepada para pelanggannya akibat RKAB 2026 belum terbit. Padahal kata manajemen, permohonan persetujuan perubahan RKAB telah diajukan sesuai dengan ketentuan perundang-undangan yang berlaku. Dengan belum terbitnya persetujuan perubahan RKAB tersebut, kondisi saat ini memengaruhi kemampuan Bayan Resources dan anak-anak usahanya untuk memenuhi kewajiban pasokan batu bara kepada pelanggan. ""Sehubungan dengan hal tersebut, Perseroan dan anak-anak perusahaannya memberitahukan keadaan tersebut di atas sebagai suatu peristiwa Keadaan Kahar/Force Majeure kepada para pelanggannya,"" tulis keterangan tertulis dikutip dari keterbukaan informasi. Dengan belum diterbitkannya persetujuan perubahan RKAB mengakibatkan dampak yang cukup material terhadap kelangsungan usaha Perseroan. Namun demikian, dengan dilakukannya pemberitahuan keadaan kahar ini diharapkan dapat meminimalisir risiko dan atau konsekuensi bagi Perseroan dan anak-anak perusahaannya. Anda menyukai artikel ini Artikel disimpan",finance,https://finance.detik.com/energi/d-8665301/byan-umumkan-kahar-esdm-tegaskan-revisi-rkab-masih-dievaluasi
158,"Pramono Umumkan Tarif LRT Jakarta Rp 8 Selama 8 Hari Gubernur DKI Jakarta Pramono Anung mengumumkan tarif khusus LRT Jakarta sebesar Rp 8 selama delapan hari. Tarif khusus ini berlaku mulai hari ini setelah LRT Jakarta rute Kelapa Gading-Manggarai diresmikan Presiden Prabowo Subianto. Pramono mengatakan kebijakan tarif Rp 8 diberikan sebagai bagian dari sosialisasi kepada masyarakat. Dengan tarif tersebut, ia berharap masyarakat dapat menjajal sekaligus merasakan kenyamanan menggunakan LRT Jakarta. ""Selama 8 hari, kami akan membebaskan bagi seluruh warga Jakarta yang akan menggunakan. Mulai sekarang setelah diresmikan Bapak Presiden, nanti akan beroperasi sepenuhnya, selama 8 hari tarifnya Rp 8 perak. Sebenarnya hampir saja gratis, Pak,"" kata Pramono dalam peresmian LRT Jakarta di Stasiun Manggarai, Jakarta, Rabu (16/9/2026). LRT Jakarta yang kini menghubungkan Kelapa Gading hingga Manggarai memiliki panjang lintasan 12,2 kilometer. Proyek tersebut sepenuhnya dibangun menggunakan dana APBD DKI Jakarta hingga BUMD dengan nilai investasi mencapai Rp 12,1 triliun. Pramono menyebut satu rangkaian atau trainset LRT Jakarta mampu mengangkut 270 penumpang. Setelah beroperasi penuh, jumlah penumpangnya diproyeksikan mencapai sekitar 80 ribu orang per hari. ""LRT Jakarta sepenuhnya dibangun oleh Jakpro, BUMD. Dan sepenuhnya menggunakan dana APBD pemerintah DKI Jakarta. LRT dari Kelapa Gading sampai dengan Manggarai ini, Panjangnya 12,2 km, Investasinya Rp 12,1 triliun,"" jelas Pramono. Perpanjangan jalur ini membuat LRT Jakarta kini memiliki 11 stasiun, yakni Kelapa Gading, Boulevard Utara, Boulevard Selatan, Pulomas, Equestrian, Velodrome, Rawamangun, Pramuka, Matraman, Proklamasi, dan Manggarai. Lihat Video 'Prabowo Jajal LRT Rute Kelapa Gading-Manggarai Bareng Pramono': Anda menyukai artikel ini Artikel disimpan",finance,https://finance.detik.com/infrastruktur/d-8665274/pramono-umumkan-tarif-lrt-jakarta-rp-8-selama-8-hari
159,"Prabowo Resmikan LRT Jakarta Kelapa Gading-Manggarai Presiden Prabowo Subianto meresmikan perpanjangan layanan LRT Jakarta ke kawasan Manggarai. Kini, moda kereta ringan itu telah resmi tersambung dari Kelapa Gading, Jakarta Utara, hingga Manggarai, Jakarta Selatan. Sebelum meresmikan, Prabowo sempat menjajal terlebih dahulu kereta LRT Jakarta dari Kelapa Gading hingga Manggarai. ""Hari ini kita berkumpul dalam acara yang membanggakan yaitu meresmikan LRT Jakarta rute Velodrome-Manggarai,"" ujar Prabowo di Stasiun LRT Manggarai, Jakarta Selatan, Rabu (16/9/2026). Prabowo juga mengaku nyaman menjajal LRT Jakarta. ""Enak naik LRT,"" kata Prabowo. LRT Jakarta dioperasikan oleh PT Jakarta Propertindo. Sementara itu BUMN konstruksi PT Waskita Karya membangun jalur sepanjang 6,4 kilometer (km) dari Velodrome ke Manggarai. Mulanya, LRT hanya beroperasi pada rute yang cukup pendek yaitu dari Kelapa Gading ke Velodrome sejak 2019 sekitar 5 km. Kini jalurnya dilanjutkan ke Manggarai dengan dilengkapi lima stasiun mencakup Rawamangun, Pramuka, Matraman, Proklamasi, serta Manggarai. Semua stasiun LRT Jakarta dirancang agar bisa terintegrasi dengan transportasi umum lainnya. Stasiun Manggarai terintegrasi langsung dengan Kereta Rel Listrik (KRL) Commuter Line, layanan bus Transjakarta, dan kereta bandara menuju Bandara Soekarno-Hatta. Diharapkan langkah ini dapat meningkatkan modernisasi sistem transportasi di Indonesia, khususnya di Jakarta sebagai pusat kegiatan ekonomi, pemerintahan, serta pertukaran budaya. Lihat Video 'Prabowo Jajal LRT Rute Kelapa Gading-Manggarai Bareng Pramono': Anda menyukai artikel ini Artikel disimpan",finance,https://finance.detik.com/infrastruktur/d-8665263/prabowo-resmikan-lrt-jakarta-kelapa-gading-manggarai
160,"Jajal LRT dari Kelapa Gading-Manggarai, Prabowo: Jakarta Kaya! Presiden Prabowo Subianto meresmikan LRT Jakarta hari ini. Sebelum itu, Prabowo menjajal langsung LRT Jakarta, dari Stasiun LRT Jakarta Kelapa Gading menuju Stasiun Manggarai. Dalam kesempatan ini, Prabowo didampingi Gubernur DKI Jakarta Pramono Anung hingga Menteri Sekretaris Negara Prasetyo Hadi. Prabowo tampak memasuki kereta sekitar pukul 13.10 WIB. Prabowo duduk di barisan kursi penumpang bersama Pramono dan dua penumpang siswa sekolah. Saat kereta berjalan, Prabowo berbincang dengan Pramono membahas proyek tersebut. Pramono sempat meminta bantuan ke Prabowo untuk mengerahkan Danantara mendanai perpanjangan LRT Jakarta. Proyek ini memang diproyeksikan dilanjut dari Manggarai ke Dukuh Atas yang akan selesai 2029. ""Nah kalo bapak izinkan sebenarnya tinggal dibantu sedikit dengan Danantara. Kan selama ini Jakarta sendiri pak,"" ucap Pramono kepada Prabowo, disiarkan YouTube Sekretariat Presiden, Rabu (16/9/2026). Prabowo lantas menimpali permintaan Pramono dan menyebut bahwa Jakarta tergolong provinsi yang kaya. ""Jakarta kaya,"" ujar Prabowo sambil tertawa. Sebagai informasi, perpanjangan jalur LRT Jakarta telah selesai dilakukan. Jalur yang sebelumnya dimulai dari Kelapa Gading, Jakarta Utara dan berakhir di Velodrome, Jakarta Timur, kini diperpanjang hingga Stasiun Manggarai, Jakarta Selatan. Proyek ini memiliki panjang 12,2 kilometer dengan nilai investasi Rp 12,1 triliun. Berikut daftar 11 stasiun yang akan dilalui LRT Jakarta: - Stasiun Kelapa Gading - Stasiun Boulevard Utara - Stasiun Boulevard Selatan - Stasiun Pulomas - Stasiun Equestrian - Stasiun Velodrome - Stasiun Rawamangun - Stasiun Pramuka - Stasiun Matraman - Stasiun Proklamasi - Stasiun Manggarai Simak Video 'Prabowo Jajal LRT Rute Kelapa Gading-Manggarai Bareng Pramono': Anda menyukai artikel ini Artikel disimpan",finance,https://finance.detik.com/infrastruktur/d-8665240/jajal-lrt-dari-kelapa-gading-manggarai-prabowo-jakarta-kaya
161,"Bima Arya Sentil Kepala Daerah soal Transum: Pernah Berdesakan Seperti Cendol? Wakil Menteri Dalam Negeri (Wamendagri) Bima Arya Sugiarto menyoroti persoalan yang ada pada kepala daerah. Pertama yakni soal kurangnya kepala daerah memahami desain perkotaan dan minimnya kepekaan terhadap kondisi di lapangan. Ia menjelaskan salah satunya terkait transportasi di berbagai daerah yang belum tersedia dengan baik. Bima meyakini kondisi penyediaan transportasi yang belum memadai itu terjadi karena banyak kepala daerah yang tak pernah merasakan apa yang dirasakan oleh masyarakat dalam menggunakan transportasi umum. Di mana ketika warga yang melakukan mobilitas menggunakan transportasi umum, harus berdesak-desakan. ""Seringkali kepala daerah itu, permasalahan utamanya, kurang pemahaman yang baik tentang urban design, dan yang kedua, nggak punya sense tentang apa yang terjadi di lapangan. Karena itu, saya setiap kunjungan ke daerah, saya menyempatkan diri untuk naik transport publik di Medan, bersama Pak Wali Kota Medan, misalnya,"" ujar Bima Sugiarto dalam acara Urban Climate Forum 2026 di Jakarta, Rabu (16/9/2026). ""Tetapi, sangat banyak kepala daerah, yang saya nggak yakin pernah naik angkot, pernah naik bus, pernah naik kereta. Nggak yakin saya,"" sambungnya. Menurut Bima, pengalaman menggunakan transportasi publik secara langsung penting bagi kepala daerah untuk dapat merasakan apa yang dialami masyarakat. Dengan begitu, persoalan transportasi yang ada bisa langsung dibenahi oleh pemerintah daerah agar sistem transportasi tersebut nyaman dan terintegrasi. ""Jadi bagaimana sense itu bisa ada, bahwa rakyat membutuhkan? Pernah nggak merasakan berdesakan, seperti digencet di kaleng sarden, seperti cendol, gitu ya. Kadang pergi, maka akan merasakan betapa dahaga warga atas urban mobility itu begitu mendesak,"" ujarnya. Bima menilai urban mobility tidak bisa hanya dipandang sebagai penyediaan transportasi pada ujungnya saja. Melainkan mobilitas perkotaan harus menjadi bagian dari perencanaan kota secara menyeluruh. ""Kami mengapresiasi beberapa daerah, agak maju, untuk membangun integrasi tadi, dengan sistem subsidi. Tapi kami mendorong, agar semua kepala fokus pada urban mobility itu ini, tidak saja dalam konteks peninggian di ujung, tapi mulai dari perencanaan di awal, sehingga semua terintegrasi. Palembang adalah satu contoh, ada PR masalah integrasi di sana. LRT dibangun, tapi tidak sesuaikan dengan konsep data ruang secara keseluruhan, dan tidak terlalu integrasi,"" katanya. Simak juga Video 'Pramono untuk 5 Abad Jakarta: Transum Rp 1-Tempat Wisata Gratis 5 Hari': Anda menyukai artikel ini Artikel disimpan",finance,https://finance.detik.com/berita-ekonomi-bisnis/d-8665238/bima-arya-sentil-kepala-daerah-soal-transum-pernah-berdesakan-seperti-cendol
162,"Momen Pramono Minta Danantara Bantu Perpanjang LRT, Prabowo Respons Begini Presiden Prabowo Subianto menjajal LRT Jakarta yang akan diresmikan hari ini. Prabowo berangkat dari Stasiun LRT Jakarta Kelapa Gading dan dijadwalkan menuju Stasiun Manggarai. Tampak mendampingi Prabowo, Gubernur DKI Jakarta Pramono Anung hingga Menteri Sekretaris Negara Prasetyo Hadi. Sekitar pukul 13.10 WIB, Prabowo memasuki gerbong kereta. Prabowo duduk di barisan kursi penumpang bersama Pramono dan dua penumpang siswa sekolah. Saat kereta berjalan, Prabowo berbincang dengan Pramono membahas proyek tersebut. Pramono sempat meminta bantuan ke Prabowo untuk mengerahkan Danantara mendanai perpanjangan LRT Jakarta. Proyek ini memang diproyeksikan dilanjut dari Manggarai ke Dukuh Atas yang akan selesai 2029. ""Nah kalo bapak izinkan sebenarnya tinggal dibantu sedikit dengan Danantara. Kan selama ini Jakarta sendiri pak,"" ucap Pramono kepada Prabowo, disiarkan YouTube Sekretariat Presiden, Rabu (16/9/2026). Prabowo lantas menimpali permintaan Pramono dan menyebut bahwa Jakarta tergolong provinsi yang kaya. ""Jakarta kaya,"" ujar Prabowo sambil tertawa. Sebagai informasi, perpanjangan jalur LRT Jakarta telah selesai dilakukan. Jalur yang sebelumnya dimulai dari Kelapa Gading, Jakarta Utara dan berakhir di Velodrome, Jakarta Timur, kini diperpanjang hingga Stasiun Manggarai, Jakarta Selatan. Proyek ini memiliki panjang 12,2 kilometer dengan nilai investasi Rp 12,1 triliun. Berikut daftar 11 stasiun yang akan dilalui LRT Jakarta: - Stasiun Kelapa Gading - Stasiun Boulevard Utara - Stasiun Boulevard Selatan - Stasiun Pulomas - Stasiun Equestrian - Stasiun Velodrome - Stasiun Rawamangun - Stasiun Pramuka - Stasiun Matraman - Stasiun Proklamasi - Stasiun Manggarai Simak juga Video 'Siap Diresmikan Bulan Ini, LRT Kelapa Gading-Manggarai Cuma 28 Menit': Anda menyukai artikel ini Artikel disimpan",finance,https://finance.detik.com/berita-ekonomi-bisnis/d-8665202/momen-pramono-minta-danantara-bantu-perpanjang-lrt-prabowo-respons-begini
163,"Suahasil Gantikan Purbaya, Bahlil: Kita Harus Hargai Hak Prerogatif Presiden Menteri Energi dan Sumber Daya Mineral (ESDM), Bahlil Lahadalia, menegaskan perubahan anggota Kabinet Merah Putih menjadi hak prerogatif Presiden Prabowo Subianto. Hal tersebut ia tegaskan menyusul pelantikan Suahasil Nazara sebagai Menteri Keuangan (Menkeu) menggantikan Purbaya Yudhi Sadewa. Bahlil menegaskan, seluruh pihak harus menghargai setiap keputusan Prabowo. Bahkan keputusan yang berkaitan dengan perubahan menteri dan wakil menteri. ""Menyangkut reshuffle itu adalah hak prerogatif bapak presiden. Setiap menteri, setiap wakil menteri, setiap anggota kabinet diangkat atau diberhentikan kita harus hargai hak prerogatif bapak presiden,"" ungkap Bahlil di Kompleks Parlemen, Senayan, Jakarta, Rabu (16/92026). Sebagai informasi, Suahasil dilantik sebagai berdasarkan Keputusan Presiden 97 P Tahun 2026 Pemberhentian dan Pengangkatan Kabinet Merah Putih di sisa masa jabatan 2024-2029. Ia dilantik langsung oleh Prabowo sebagai pengganti Purbaya yang telah menjabat sebagai Menkeu selama satu tahun terakhir. Kemudian pada Selasa (15/9), Purbaya Yudhi Sadewa resmi melepas jabatannya sebagai Menkeu usai satu tahun memimpin Kementerian Keuangan kepada Suahasil Nazara. Proses Serah Terima Jabatan (Sertijab) berlangsung hari ini di Aula Mezzanine, Gedung Djuanda 1 Kementerian Keuangan di Jakarta Pusat. Di balik pergantian Purbaya ke Suahasil ini, muncul isu masalah internal di Kementerian Keuangan. Banyak pihak mengatakan ada masalah internal kementerian yang membuat Purbaya digantikan Suahasil, khususnya soal urusan Direktorat Jenderal Pajak dan Bea Cukai. Namun, Purbaya menepis kabar tersebut. ""Enggak, enggak ada. Gesekan sih enggak ada, yang jelas ya itu hak prerogatif presiden yang beliau udah memutuskan,"" ujar Purbaya usai sertijab di Kementerian Keuangan (Kemenkeu), Jakarta Pusat, Selasa (15/9/2026). Simak juga Video 'Blak-blakan Purbaya soal Alasan Dicopot': Anda menyukai artikel ini Artikel disimpan",finance,https://finance.detik.com/berita-ekonomi-bisnis/d-8665162/suahasil-gantikan-purbaya-bahlil-kita-harus-hargai-hak-prerogatif-presiden
164,"Tak Disangka, Bisnis Paling Sepele Ini Mendadak Laku Keras di China Urusan buang sampah yang sering diabaikan masyarakat kini mendatangkan cuan bagi banyak anak muda di China. Layanan ini menjelma jadi tren bisnis langganan baru yang mendadak laku keras. Melansir SCMP, Rabu (16/9/2026), layanan buang sampah ini ramai dipromosikan di media sosial dengan biaya berkisar antara tiga hingga lima yuan atau Rp 6.600-11.000 (kurs Rp 2.200/yuan) per pengambilan. Ada juga yang menawarkan layanan dengan opsi paket bulanan seharga sekitar 100 yuan atau Rp 220.000. Layanan bulanan ini mencakup pengumpulan sampah harian, yang hanya mengharuskan para pelanggan untuk meletakkan kantong sampah mereka di luar pintu rumah agar mudah diambil. Bisnis layanan berlangganan ini menjadi aspek baru dari sektor 'ekonomi malas' yang banyak menyasar jasa layanan yang menghemat waktu, menghemat tenaga, dan nyaman, atau mengikuti jejak penawaran viral lainnya seperti menjemput anak-anak dari sekolah dan mengambil paket untuk pelanggan. Namun yang hal mengejutkan adalah banyak orang menyatakan benar-benar membutuhkan layanan dari sektor jasa 'ekonomi malas' seperti pembuangan sampah ini. Terutama untuk masyarakat yang tinggal di kota-kota besar dan sibuk. Sebagai contoh di Shanghai, kota pertama China yang menerapkan sistem pemilahan sampah rumah tangga wajib, beberapa kompleks perumahan hanya mengizinkan pengumpulan sampah selama dua jam di pagi hari dan dua jam lagi di malam hari. Padahal banyak penduduk di sana sibuk bekerja setiap hari. ""Sebagai pekerja kantoran biasa, mudah bagi saya untuk melewatkan empat jam (waktu pengumpulan sampah) itu,"" jelas mereka. Selain mereka yang sibuk bekerja, seorang penyedia layanan buang sampah di Jiaxing, provinsi Zhejiang di China bagian timur yang dikenal dengan nama belakangnya Fei, mengatakan bahwa timnya juga menyasar para lansia dengan masalah mobilitas yang tinggal di lantai atas apartemen tanpa lift sebagai pelanggan. Fei melaporkan menerima tiga pesanan di bulan pertamanya membuka layanan buang sampah itu. Namun ia tetap optimis terkait potensi pertumbuhan usahanya itu dan berencana untuk berkolaborasi dengan komunitas warga sekitar dengan fokus pada kebutuhan klien lanjut usia. Sementara itu penyedia jasa buang sampah lain dari Hangzhou, Zhejiang, bernama Mihan mengklaim telah mendapatkan lebih dari 20 pesanan hanya dalam tiga hari setelah meluncurkan bisnisnya. Sebagai layanan tambahan, ia sesekali mengambil paket untuk kliennya. ""Para pekerja kantoran saat ini bersedia mengeluarkan sedikit uang untuk menghemat waktu,"" kata Mihan sembari menekankan bahwa kunci keberhasilan model bisnis ini adalah keterjangkauan harga Lihat juga Video 'Ada Robot Bionik yang Bisa Ikutan Nangis Pas Dengerin Curhat!': Anda menyukai artikel ini Artikel disimpan",finance,https://finance.detik.com/berita-ekonomi-bisnis/d-8665157/tak-disangka-bisnis-paling-sepele-ini-mendadak-laku-keras-di-china
165,"El Nino Bikin PLTA Sulsel Terganggu, Bahlil Siapkan Pembangkit Pengganti Menteri Energi dan Sumber Daya Mineral (ESDM), Bahlil Lahadalia, mengakui operasional Pembangkit Listrik Tenaga Air (PLTA) di Sulawesi Selatan (Sulsel) terganggu. Kondisi ini terjadi imbas El Nino yang terjadi di wilayah tersebut. Berdasarkan laporan yang ia terima, gangguan terjadi terjadi imbas berkurangnya sumber daya air di Sulsel. Kondisi ini berdampak pada operasional PLTA. ""Laporan yang saya terima bahwa di Sulawesi Selatan, itu kan ada beberapa pembangkit yang memang kita pakai PLTA, dan akibat El Nino ini kan daya kekuatan air itu berkurang,"" ungkap Bahlil di Kompleks Parlemen, Senayan, Jakarta, Rabu (16/9/2026). Bahlil menegaskan pemerintah telah mencari solusi untuk mengatasi persoalan tersebut, salah satunya mengganti sementara kebutuhan listrik dengan pembangkit lainnya. ""Kita sudah mencari solusi adalah mengganti sementara dengan pembangkit yang lain,"" jelasnya. Di sisi lain, pemerintah juga tengah melakukan perbaikan pasokan listrik di wilayah Kalimantan. Gangguan pasokan listrik di wilayah ini terjadi karena perbaikan pada sejumlah pembangkit. ""Kita tahu bahwa di Kalimantan juga ada terjadi kekurangan karena ada perbaikan power plant-nya. Daerah-daerah lain sebentar kita akan rapatkan dengan PLN untuk kita mitigasi sejak awal,"" pungkasnya. Simak juga Video 'Kombo Pemanasan Global-El Nino Bikin Agustus 2026 Masuk Bulan Terpanas': Anda menyukai artikel ini Artikel disimpan",finance,https://finance.detik.com/energi/d-8665097/el-nino-bikin-plta-sulsel-terganggu-bahlil-siapkan-pembangkit-pengganti
166,"Hasil Seleksi Magang Nasional Diumumkan Pekan Ini, Mulai Kerja 21 September Kementerian Ketenagakerjaan (Kemnaker) mulai melakukan seleksi dan penetapan peserta Pemagangan Nasional (MagangHub) 2026 Batch 2 Angkatan II pada 16-18 September 2026. Pengumuman peserta dijadwalkan pada 18 September 2026, sedangkan pemagangan dimulai pada 21 September 2026. Peserta yang mengikuti tahapan tersebut telah melalui proses rekrutmen dan pengusulan oleh mitra penyelenggara. ""Seleksi dan penetapan peserta dilakukan terhadap peserta yang telah diusulkan oleh mitra penyelenggara sesuai dengan ketentuan program,"" kata Direktur Jenderal Pembinaan Pelatihan Vokasi dan Produktivitas (Binalavotas) Kemnaker Darmawansyah dalam keterangan tertulis, Rabu (16/9/2026). Darmawansyah mengatakan, peserta yang memenuhi ketentuan selanjutnya ditetapkan untuk mengikuti Pemagangan Nasional sesuai dengan program yang telah dipilih. ""Setelah ditetapkan, peserta yang dinyatakan lolos akan mengikuti pemagangan mulai 21 September 2026,"" ujarnya. Rangkaian Pemagangan Nasional 2026 Batch 2 Angkatan II diawali dengan pendaftaran mitra penyelenggara dan lowongan pada 21-31 Agustus 2026, dilanjutkan verifikasi dan penayangan lowongan pada 1-3 September. Lalu pendaftaran peserta pada 3-8 September, serta rekrutmen dan pengusulan peserta oleh mitra penyelenggara pada 9-15 September 2026 sebelum memasuki tahap seleksi dan penetapan yang saat ini tengah dilakukan. Anda menyukai artikel ini Artikel disimpan",finance,https://finance.detik.com/berita-ekonomi-bisnis/d-8665040/hasil-seleksi-magang-nasional-diumumkan-pekan-ini-mulai-kerja-21-september
167,"Segini Uang Pensiun Purbaya Usai Setahun Jadi Menkeu, Dapat Seumur Hidup Purbaya Yudhi Sadewa sudah turun dari jabatannya dari Menteri Keuangan (Menkeu). Sebelum digantikan Suahasil Nazara, Purbaya tercatat menjabat sebagai menkeu sekitar satu tahun. Diketahui, Purbaya dilantik sebagai Menteri Keuangan oleh Presiden Prabowo Subianto pada 8 September 2025. Namun setahun kemudian, Prabowo melantik Suahasil jadi Menkeu berdasarkan Keputusan Presiden Nomor 97/P Tahun 2026 pada Senin (14/9). Meski hanya bekerja sekitar satu tahun sebagai menteri, Purbaya bisa mendapat tunjangan seumur hidup dari negara. Hal ini sesuai Peraturan Pemerintah (PP) 50 Tahun 1980 tentang Hak Keuangan/Administratif Menteri Negara dan Bekas Menteri Negara Serta Janda/Dudanya. Dalam aturan itu dijelaskan setiap menteri yang berhenti dengan hormat dari jabatannya berhak memperoleh pensiun. Meski besaran uang pensiun ini ditetapkan berdasarkan lama masa jabatan yang bersangkutan. ""Besarnya pensiun pokok sebulan adalah 1% dari dasar pensiun untuk tiap-tiap satu bulan masa jabatan dengan ketentuan bahwa besarnya pensiun pokok sekurang-kurangnya 6% dari dasar pensiun,"" tulis Pasal 11 Ayat 2 PP 50 Tahun 1980. Dengan asumsi besaran pensiun pokok ditetapkan sebesar 1% dari dasar pensiun untuk setiap satu bulan masa jabatan. Maka Purbaya yang genap menjabat 12 bulan berhak mendapatkan besaran pensiun pokok 12% dari dasar pensiun. Dalam hal ini, dasar pensiun merupakan gaji pokok terakhir berdasarkan peraturan perundang-undangan. Sementara besaran gaji pokok menteri negara ditetapkan Rp 5.040.000 per bulan berdasarkan PP Nomor 60 Tahun 2000. Jika dihitung, 12% dari Rp 5.040.000 menghasilkan sekitar Rp 604.800 per bulan. Nominal tersebut merupakan estimasi pensiun pokok berdasarkan ketentuan persentase dan masa jabatan. Besaran itu belum termasuk Tabungan Hari Tua. Sementara itu, dalam catatan detikcom yang mengutip situs resmi Kementerian Pendayagunaan Aparatur Negara dan Reformasi Birokrasi (PANRB) dijelaskan seorang mantan menteri negara bisa mendapatkan uang pensiun dan Tunjangan Hari Tua (THT) setelah menyelesaikan masa jabatannya. Uang pensiun dan THT ini biasanya akan disalurkan pemerintah melalui PT Taspen (Persero). Namun ditegaskan seorang mantan menteri berhak atau tidak mendapat uang pensiun dan THT ini ditentukan oleh presiden. Di mana uang pensiun dan THT menteri baru bisa diberikan jika sudah mendapatkan persetujuan dari presiden dalam bentuk SK Pensiun. Untuk besaran uang pensiun menteri didasarkan pada PP Nomor 60/2000 seperti yang sudah dijelaskan sebelumnya. Sedangkan untuk THT, seorang mantan menteri baru bisa mendapat tunjangan itu jika yang bersangkutan pernah memberikan iuran melalui gaji pokoknya. Mengingat Purbaya sudah bekerja mulai September 2025 hingga September 2026, seharusnya ia otomatis telah membayar iuran THT melalui potongan gaji pokoknya sebagai menteri selama kurang lebih 12 bulan menjabat. Dengan begitu ia memenuhi syarat untuk menerima THT ini dari Taspen. Saksikan Live DetikPagi: Simak juga Video 'Kelakar Purbaya Mau Mancing Sambil Melamun: Kenapa Dipecat?': Anda menyukai artikel ini Artikel disimpan",finance,https://finance.detik.com/berita-ekonomi-bisnis/d-8665025/segini-uang-pensiun-purbaya-usai-setahun-jadi-menkeu-dapat-seumur-hidup
168,"Rugi 677 M & Utang Rp 4,7 T, INKA Buka Suara PT Industri Kereta Api (Persero) atau INKA buka suara soal arahan terbaru dari Badan Pengaturan BUMN (BP BUMN) untuk melakukan langkah transformasi dan pembenahan perusahaan. General Manager Corporate Secretary PT INKA (Persero), Bambang Sutrisno menyampaikan arahan tersebut menjadi momentum untuk memperkuat perbaikan perusahaan secara menyeluruh, mulai dari proses internal hingga efektivitas pelaksanaan proyek. ""INKA menindaklanjuti arahan BP BUMN dengan mempercepat transformasi yang saat ini terus berjalan. Fokus kami adalah membangun fundamental perusahaan yang lebih sehat, proses bisnis yang semakin efektif, serta kemampuan yang semakin kuat dalam menjalankan dan menyelesaikan setiap proyek,"" ujar Bambang dalam keterangan tertulis, Rabu (16/9/2026). Pembenahan INKA Pembenahan dilakukan dengan memperkuat keterkaitan antara perencanaan, pengelolaan kontrak, pelaksanaan proyek, proses produksi hingga penyelesaian pekerjaan kepada pelanggan.Sejalan dengan itu, INKA juga terus melakukan langkah perbaikan terhadap kondisi likuiditas dan struktur keuangan perusahaan. Menurut Bambang, disiplin pengelolaan proyek menjadi bagian penting dalam memperkuat kinerja perusahaan, baik dalam pengendalian jadwal, biaya, risiko maupun pemenuhan komitmen kepada pelanggan. ""Setiap proyek harus dikelola secara disiplin sejak awal, baik dari aspek teknis, kontraktual maupun finansial. Dengan pengelolaan yang semakin baik, setiap pekerjaan harus mampu memberikan nilai bagi pelanggan sekaligus memperkuat kondisi perusahaan,"" lanjut Bambang. Pada saat yang sama, INKA terus memperkuat proses produksi dan sistem kualitas untuk memastikan sarana yang dihasilkan memenuhi aspek keselamatan, keandalan serta standar yang dipersyaratkan. Transformasi tersebut juga diarahkan untuk menjaga dan mengembangkan kapabilitas industri perkeretaapian nasional, mulai dari kemampuan engineering dan manufaktur, tenaga kerja terampil, teknologi hingga ekosistem industri pendukung. ""Yang ingin kami bangun bukan hanya keberlanjutan perusahaan, tetapi juga kemampuan industri perkeretaapian Indonesia. Untuk itu, INKA harus semakin sehat, profesional, berkualitas, dan kompetitif dengan melibatkan seluruh stakeholder perkeretaapian,"" tutup Bambang. INKA Rugi Sebelumnya, Kepala Badan Pengaturan (BP) Badan Usaha Milik Negara (BUMN) sekaligus COO Badan Pengelola Investasi (BPI) Daya Anagata Nusantara (Danantara), Dony Oskaria mendorong perbaikan kinerja keuangan INKA. Dia menyebut kerugian yang dialami INKA mencapai Rp 677 miliar dengan unsustain loan atau utang sebesar Rp 4,7 triliun. Menurutnya perbaikan harus dilakukan lewat tata kelola yang kuat, perencanaan yang komprehensif, dan benchmark ke praktik terbaik di industri. Ia meminta seluruh jajaran untuk punya komitmen yang sama untuk membawa INKA jadi lebih baik. ""Jadi menurut saya, INKA ini tidak dalam kondisi yang baik-baik saja. Kan aneh, Pak, masa kita rugi Rp 677 miliar. Orang perusahaan manufaktur, kemudian juga jelas yang diservisnya siapa. Rugi, terus ada unsustain loan Rp 4,7 triliun itu lawannya apa dulu,"" ungkap Dony sebagaimana dikutip dalam unggahan Instagram @bumn_id, Selasa (15/9/2026). BP BUMN mendorong transformasi total di tubuh INKA. Mulai dari model bisnis, tata kelola, budaya kerja, kualitas produksi, hingga sistem operasional. Dari semua itu, peningkatan kualitas produksi jadi prioritas utama. Dony juga meminta INKA untuk segera menyusun grand plan transformasi. Simak juga Video 'Nasib Pengalihan Utang Whoosh ke Kemenkeu Usai Suahasil Gantikan Purbaya': Anda menyukai artikel ini Artikel disimpan",finance,https://finance.detik.com/industri/d-8665011/rugi-677-m-utang-rp-4-7-t-inka-buka-suara
169,"Anak Usaha Sarana Menara (TOWR) Bidik Bisnis WiFi Generasi Baru PT Varnion Technology Semesta (Varnion) menggandeng Omada by TP-Link melalui penandatanganan Memorandum of Understanding (MoU) dalam acara pengenalan teknologi Wi-Fi 8 di Kuala Lumpur, Malaysia. Kerja sama ini bagian dari upaya memperkuat pengembangan konektivitas generasi terbaru di sektor hospitality dan enterprise Indonesia. Anak usaha PT Sarana Menara Nusantara Tbk (TOWR) tersebut akan mendapatkan akses ke perangkat terbaru dan dukungan dari tim pengembangan Omada. Dukungan ini akan digunakan untuk mendukung riset, pengujian, hingga pengembangan produk dan layanan. Lewat kolaborasi tersebut, Varnion juga dapat mengevaluasi teknologi sesuai dengan kebutuhan operasional pelanggan, sekaligus mengintegrasikannya ke dalam ekosistem aplikasi Varnion. Dukungan terhadap riset dan pengembangan ini menjadi alasan utama Varnion memilih Omada sebagai mitra strategis. ""Omada memberikan akses terhadap perangkat terbaru dan dukungan langsung dari tim pengembangannya. Hal ini memungkinkan kami menguji teknologi, memberikan masukan dari pengalaman implementasi di lapangan, serta mengembangkan produk dan layanan yang semakin relevan bagi pelanggan di Indonesia,"" ujar Founder & President Director Varnion, Alexander Budiman, dalam keterangan tertulis, Rabu (16/9/2026). Sementara itu Director TP-Link Indonesia, Jimmy Gu, menjelaskan inovasi bukan hanya tentang menghadirkan teknologi terbaru, tetapi memberikan manfaat nyata bagi bisnis. Menurutnya, kolaborasi dengan Varnion menjadi kesempatan untuk menggabungkan kemampuan teknologi Omada dengan pemahaman terhadap kebutuhan pelanggan di lapangan. Saat ini, Varnion tengah mengembangkan Wi-Fi 8 melalui standar IEEE 802.11bn, mengusung pendekatan Ultra High Reliability (UHR). Fokusnya adalah meningkatkan keandalan dan konsistensi koneksi, terutama pada lingkungan dengan kepadatan perangkat tinggi, interferensi antarsinyal, dan pengguna yang terus bergerak. Pengembangan Wi-Fi 8 mencakup teknologi yang memungkinkan access point mengatur penggunaan spektrum dan sinyal secara lebih terkoordinasi. Teknologi ini ditujukan untuk mengurangi gangguan sinyal, menekan lonjakan latensi dan kehilangan data, serta membuat perpindahan koneksi antar-access point atau roaming menjadi lebih lancar. Keandalan jaringan semakin penting untuk mendukung video, aplikasi cloud, perangkat IoT, hingga layanan berbasis AI yang membutuhkan koneksi cepat dan stabil. Di hotel, kualitas jaringan berpengaruh pada pengalaman tamu, sementara bagi perusahaan, koneksi yang stabil membantu menjaga produktivitas dan kelancaran operasional. Sebagai ISP yang menyediakan solusi berbasis aplikasi, Varnion menggabungkan layanan konektivitas dan aplikasi dalam satu ekosistem. Layanan tersebut mencakup CloudOne, Megalos untuk mengelola konektivitas, Keponet untuk pekerjaan operasional, serta Vlepo untuk layanan TV dan pengalaman digital bagi tamu. ""Tujuan kami adalah menerjemahkan perkembangan teknologi menjadi manfaat nyata bagi pelanggan. Dukungan Omada memperkuat kemampuan riset kami untuk menghadirkan jaringan yang andal, aplikasi yang terintegrasi, dan layanan yang membantu pelanggan menjalankan bisnisnya dengan lebih baik,"" tutup Alexander. Simak juga Video 'Jangan Sering Cabut Kabel WiFi di Malam Hari!': Anda menyukai artikel ini Artikel disimpan",finance,https://finance.detik.com/bursa-dan-valas/d-8664965/anak-usaha-sarana-menara-towr-bidik-bisnis-wifi-generasi-baru
170,"Foto Bisnis Panen Madu Apis Mellifera, Sekali Panen Capai 300 Kg Riau - Peternak lebah Apis mellifera di Siak, Riau, mampu menghasilkan hingga 300 kilogram madu dalam sekali panen yang dilakukan setiap bulan. Anda menyukai artikel ini Artikel disimpan",finance,https://finance.detik.com/foto-bisnis/d-8664273/panen-madu-apis-mellifera-sekali-panen-capai-300-kg
171,"Rekor! Jumlah Warga Jepang Berusia 100 Tahun Tembus 107 Ribu Orang Jepang mengalami penurunan populasi dalam beberapa dekade terakhir. Namun terdapat kelompok usia tertentu yang mengalami lonjakan jumlah lebih banyak dari sebelumnya. Dikutip dari CNN, Rabu (16/9/2026), saat ini jumlah orang berusia 100 tahun ke atas di Jepang telah melampaui 100.000 jiwa. Capaian ini memperkuat rekor Jepang sebagai negara dengan angka harapan hidup yang tinggi. Jumlah penduduk berusia 100 tahun ke atas kembali mencatat kenaikan untuk ke-56 kalinya secara berturut-turut. Pemerintah Jepang mencatat, kelompok usia ini mencapai 107.677 orang per September, atau bertambah hampir 8.000 orang dibandingkan tahun sebelumnya. Dari jumlah tersebut, mayoritas merupakan perempuan. Tercatat sebanyak 94.298 orang atau sekitar 88% dari total penduduk berusia 100 tahun ke atas adalah perempuan. Menteri Kesehatan Jepang, Kenichiro Ueno, menyambut positif kondisi tersebut. Menurutnya, hal ini menunjukkan bahwa warga Jepang sehat dan tetap aktif. Jepang secara konsisten menduduki peringkat teratas sebagai salah satu negara dengan angka harapan hidup terpanjang di dunia. Menurut Bank Dunia, rata-rata harapan hidup di Jepang mencapai 84 tahun pada 2024. Para ilmuwan mengaitkan tingginya angka harapan hidup di Jepang dengan pola makan yang sehat serta sistem layanan kesehatan yang maju. Meski negara ini dikenal memiliki budaya kerja dengan jam kerja panjang, terutama di kota-kota besar, sebagian masyarakat Jepang juga menjalani filosofi ikigai, yakni mencari nilai dan kebahagiaan dalam kehidupan sehari-hari. Jepang juga menjadi rumah bagi sejumlah orang tertua di dunia. Menurut pemerintah Jepang, dua di antaranya adalah Fuyo Kishimoto, perempuan berusia 114 tahun asal Kyoto, dan Hikaru Kato, pria berusia 112 tahun dari Kumamoto. Meski begitu, populasi yang menua juga memberikan tekanan yang besar terhadap perekonomian terbesar keempat di dunia itu. Pasalnya, banyaknya populasi usia tua turut meningkatkan biaya perawatan lansia dan mengurangi angkatan kerja. Meskipun generasi saat ini memiliki harapan hidup lebih panjang, populasi Jepang yang berjumlah 123 juta jiwa terus menurun seiring dengan angka kelahiran yang mencapai rekor terendah. Negara ini juga telah membuka pintu bagi pekerja terampil dan buruh dalam beberapa tahun terakhir, meskipun pemerintah baru-baru ini memperketat persyaratan visa di tengah meningkatnya sentimen anti-asing. Lihat juga Video '5 Warganya Hilang saat Banjir Nepal, Jepang Ambil Langkah Darurat': Anda menyukai artikel ini Artikel disimpan",finance,https://finance.detik.com/berita-ekonomi-bisnis/d-8664888/rekor-jumlah-warga-jepang-berusia-100-tahun-tembus-107-ribu-orang
172,"Dolar AS Menguat ke Level Rp 17.737 Mata uang rupiah kembali melemah di hadapan dolar Amerika Serikat (AS) pada perdagangan Rabu (16/9/2026). Mata uang Paman Sam itu bergerak menguat pada level Rp 17.700-an. Berdasarkan data RTI Bloomberg, dolar AS menguat 0,24% ke level Rp 17.737 pagi ini. Pada perdagangan sebelumnya, Selasa (15/9), dolar AS diketahui ditutup pada level Rp 17.694. Sementara berdasarkan data RTI Business, dolar AS pagi ini menguat 0,23% di level Rp 17.718. Mata uang Paman Sam itu tercatat menguat sepanjang perdagangan sepekan terakhir sebesar 0,70%. Dolar AS bergerak variatif terhadap sejumlah mata uang negara besar lainnya. Terhadap UER, dolar AS tercatat melemah 0,06%. Sementara terhadap mata uang GBP, dolar AS juga melemah 0,04%. Kemudian terhadap mata uang AUD, mata uang Paman Sam itu melemah 0,13%. Selanjutnya pada mata uang JPY dolar AS menguat 0,12%. Dolar AS juga menguat terhadap mata uang CAD sebesar 0,10%. Kemudian terhadap mata uang CHF, dolar AS menguat 0,06%. Simak juga Video 'Kata Menteri UMKM soal Dampak Kenaikan Dolar ke Pelaku Usaha': Anda menyukai artikel ini Artikel disimpan",finance,https://finance.detik.com/bursa-dan-valas/d-8664777/dolar-as-menguat-ke-level-rp-17-737
173,"Harga Emas Antam Hari Ini Masih Rp 2,5 Jutaan Harga emas Antam hari ini tipis, setelah dua hari belakangan ini mengalami penurunan harga. Pada Rabu (16/9/2026), harga emas Antam 24 karat naik Rp 1.000 per gram menjadi Rp 2.593.000 per gram. Berdasarkan situs Logam Mulia Antam, Selasa (16/9/2026), satuan harga emas hari ini yang terkecil ukuran 0,5 gram berada di angka Rp 1.346.500. Sementara harga emas 10 gram dijual dengan harga Rp 25.425.000 dan ukuran emas terbesar yakni 1.000 gram (1 kg) dibanderol Rp 2.533.600.000. Jika ditarik dalam sepekan terakhir, harga emas Antam berada dalam rentang Rp 2.610.000-2.593.000 per gram. Sementara dalam sebulan terakhir, harga emas Antam bergerak dalam rentang Rp 2.677.000-2.593.000 per gram. Harga emas hari ini untuk buyback emas Antam juga naik sebesar Rp 1.000 dan berada di level Rp 2.438.000 per gram. Harga buyback adalah jika Anda ingin menjual emas, maka Antam akan membelinya dengan harga tersebut. Sesuai Peraturan Menteri Keuangan (PMK) Nomor 34 Tahun 2017, pembelian emas batangan akan dikenakan PPh 22 sebesar 0,9%. Jika ingin mendapatkan potongan pajak lebih rendah sebesar 0,45%, harus menyertakan NPWP untuk transaksinya. Berikut rincian Harga Emas Hari Ini dari Antam 1 Gram hingga 1.000 Gram, Rabu (16/9/2026). Harga emas 0,5 gram: Rp 1.346.500 Harga emas 1 gram: Rp 2.593.000 Harga emas 2 gram Rp 5.126.000 Harga emas 3 gram Rp 7.664.000 Harga emas 5 gram: Rp 12.740.000 Harga emas 10 gram: Rp 25.425.000 Harga emas 25 gram: Rp 63.437.000 Harga emas 50 gram: Rp 126.795.000 Harga emas 100 gram: Rp 253.512.000 Harga emas 250 gram: Rp 633.515.000 Harga emas 500 gram: Rp 1.266.820.000 Harga emas 1.000 gram: Rp 2.533.600.000 Demikian rincian harga emas hari ini keluaran Antam 1 gram hingga 1.000 gram, Rabu (16/9/2026). Simak juga Video 'Mau Tingkatkan Likuiditas, BEI Wacanakan Hapus Batas Rp 50 Saham: Anda menyukai artikel ini Artikel disimpan",finance,https://finance.detik.com/berita-ekonomi-bisnis/d-8664773/harga-emas-antam-hari-ini-masih-rp-2-5-jutaan
174,"IHSG Bergerak di Zona Merah Pagi Ini Indeks Harga Saham Gabungan (IHSG) pagi ini bergerak melemah di zona merah. IHSG terpantau terus bergerak ke level di 6.400-an. Dikutip dari RTI, Rabu (16/9/2026), IHSG pukul 9.02 WIB berada di level 6.452,47, turun 0,13% atau 8,67 poin. Sementara IHSG pada pembukaan berada di level 6.453,91. Kemudian pada awal perdagangan ini, nilai indeks saham Garuda tercatat mencapai level tertinggi 6.460,81 dan terendah 6.445,23. Volume transaksi tercatat 845,18 juta saham, turnover Rp 392,72 miliar dengan frekuensi transaksi 75.421 kali. Sebanyak 181 saham menguat, 241 saham melemah, dan 234 saham tidak mengalami perubahan. IHSG tercatat sudah melemah 3,41% secara mingguan. Namun nilai indeks saham Garuda ini masih berada di zona hijau jika selama bulanan dengan kenaikan 0,01%. Begitu juga jika dilihat per tiga bulan yang masih naik 7,37%. Simak juga Video 'Mau Tingkatkan Likuiditas, BEI Wacanakan Hapus Batas Rp 50 Saham': Anda menyukai artikel ini Artikel disimpan",finance,https://finance.detik.com/bursa-dan-valas/d-8664752/ihsg-bergerak-di-zona-merah-pagi-ini
175,"Insiden KM Virgo Transport 8, Berat Muatan Kapal Dievaluasi Berat dan penempatan muatan menjadi salah satu aspek yang perlu dievaluasi dalam kecelakaan KM Virgo Transport 8. Pemeriksaan diperlukan untuk mengetahui kemampuan daya apung dan stabilitas kapal saat membawa muatan. Anggota DPR RI Bambang Haryo Soekartono menyoroti persoalan tersebut saat mengunjungi Posko Terpadu kecelakaan KM Virgo Transport 8 di Pelabuhan Tanjung Perak. Menurut Bambang, usia kapal tidak bisa menjadi satu-satunya dasar untuk melihat penyebab kecelakaan. KM Virgo Transport 8 disebut masih berusia 39 tahun. ""Kapal ini KM Virgo Transport 8 masih relatif muda yaitu 39 tahun. Apalagi kapal ex Jepang mempunyai teknologi yang tinggi. Bahkan plat dari kapal jepang semua menggunakan plat high tensile. Yang mempunyai kekuatan tekuk, tekan, dan tarik ( strength ) yang sangat kuat. Seperti hal nya kapal kapal dari negara negara maju Eropa. Makanya kapal kapal ex Jepang yang ada di Indonesia walaupun berusia tua kondisinya masih bagus dan mempunyai kelayakan kapal sesuai dengan standarisasi Kelas dan Perhubungan Laut Indonesia,"" kata Bambang dalam keterangannya, Rabu (16/9/2026). Bambang meminta Komite Nasional Keselamatan Transportasi (KNKT) dan penyidik pegawai negeri sipil (PNS) memeriksa muatan yang dibawa kapal, termasuk kesesuaiannya dengan kemampuan kapal. ""Dan ini saya serahkan kepada Komisi Nasional Keselamatan Transportasi (KNKT) dan Pegawai Negeri Sipil untuk menyelidiki muatan yang diangkut oleh kapal tersebut. Apakah kapal tersebut masih mempunyai kemampuan untuk mengangkut muatan tersebut,"" kata BHS. Dari sisi penumpang, Bambang menyebut jumlah 243 orang masih jauh di bawah kapasitas maksimum kapal yang mencapai 570 orang. ""Kalau dari sisi penumpang yang hanya 243 orang masih jauh dari kapasitas maksimum, dimana batasan kapasitas maksimum nya sebesar 570 orang,"" Menurutnya, berat dan penempatan muatan menjadi penting untuk diperiksa karena dapat memengaruhi stabilitas kapal, terutama saat menghadapi gelombang besar. Bambang juga menyoroti informasi mengenai truk dengan muatan sangat berat. Ia menyebut jembatan timbang milik Pelindo yang sebelumnya berkapasitas 60 ton mengalami kerusakan hingga kapasitasnya dinaikkan menjadi 100 ton. ""Ini sangat membahayakan kondisi daripada kapal baik daya apung kapal yang terbatas sesuai dengan perhitungan maupun kekuatan konstruksi yang rata rata setiap exceload tidak lebih dari 15 ton,"" ungkapnya. Ia menilai penempatan muatan berat di dek kendaraan bagian atas juga perlu diperiksa karena dapat memengaruhi stabilitas kapal. ""Semua kondisi diatas yang harus mengetahui kemampuan daripada kapal adalah nahkoda. Jadi data kemampuan kapal baik daya apung maupun stabilitas harus disesuaikan dengan kondisi muatan yang akan naik kapal. Dan KNKT serta PNS harus meneliti secara maksimal,"" Kata BHS. Simak juga Video 'Nakhoda KM Virgo Selamat, Kini Sedang Diperiksa': Anda menyukai artikel ini Artikel disimpan",finance,https://finance.detik.com/berita-ekonomi-bisnis/d-8664865/insiden-km-virgo-transport-8-berat-muatan-kapal-dievaluasi
176,"MNCN Garap Ekosistem Berita dan Olahraga, CMRY Suntik Rp125 Miliar ke Distribusi Mega Capital Sekuritas Market Overview Bursa saham Indonesia kembali berada di zona merah. Indeks Harga Saham Gabungan (IHSG) pada perdagangan Selasa (15/9) ditutup turun 1,13% ke level 6.534,69. Sejumlah saham masih mampu bergerak positif. BREN naik 1,29%, ANTM menguat 2,51%, sedangkan KLBF mencatat kenaikan 4,76%. Di sisi lain, tekanan terbesar datang dari BYAN yang anjlok 8,11%. BBRI turun 2,35% dan BBCA terkoreksi 1,54%. Investor asing juga mencatatkan aksi jual bersih. Nilai net sell asing mencapai Rp354,16 miliar di pasar reguler dan Rp349,28 miliar jika dihitung berdasarkan seluruh pasar. Pergerakan negatif terjadi di sebagian besar sektor. Sebanyak delapan dari 11 sektor saham berakhir melemah. Sektor Industrial menjadi yang paling terkoreksi dengan penurunan 1,56%, sementara sektor Health menjadi satu-satunya kelompok dengan penguatan tertinggi sebesar 0,24%. Tekanan juga datang dari pasar global. Tiga indeks utama Wall Street kompak melemah. Dow Jones turun 0,63% ke 52.093, S&P 500 terkoreksi 0,45% ke 7.585, dan Nasdaq turun 0,78% ke 25.981. Saham BYAN kembali menjadi perhatian setelah turun 8,11% dan memberikan kontribusi negatif sebesar 14,67 poin terhadap IHSG. Penurunan tersebut terjadi setelah adanya force majeure pada tiga anak usaha terkait persetujuan RKAB 2026 yang belum terbit. Kondisi ini turut menjadi perhatian karena dapat berkaitan dengan volume produksi dan kinerja pendapatan perseroan. Sejalan dengan pergerakan IHSG, ETF EIDO turun 1,01%, sedangkan indeks MSCI Indonesia terkoreksi 1,61%. Berita Emiten PT Media Nusantara Citra Tbk (MNCN) MNCN memperluas ekosistem bisnis medianya melalui kerja sama dengan Republik Media Anak Bangsa (RMAB) dan Sinergi Terang Abadi (STA). Kolaborasi tersebut mencakup pengembangan ekosistem berita dan olahraga yang menghubungkan berbagai kanal, mulai dari televisi, radio, platform digital hingga streaming. Sejumlah aset media MNCN masuk dalam kerja sama ini, termasuk iNews Media Group, iNews TV dan jaringan radio milik perseroan. Di kanal digital, ekosistem tersebut mencakup Okezone, iNews, Sindonews, News+ dan IDX Channel. Jika digabungkan, jaringan tersebut memiliki sekitar 72 juta followers dan subscribers dengan jumlah views mencapai sekitar 1,8 miliar per bulan. Penguatan ekosistem audiens menjadi salah satu langkah MNCN di tengah tekanan pada bisnis iklan. Pada semester I-2026, pendapatan perseroan tercatat Rp3,52 triliun, turun 13,59% dibandingkan Rp4,07 triliun pada semester I-2025. Penurunan tersebut terutama dipengaruhi oleh melemahnya pendapatan iklan. Namun, bisnis konten dan subscription masih mencatat pertumbuhan. Kondisi ini membuat pengembangan kanal digital dan pendapatan berulang menjadi bagian dari strategi MNCN dalam mengembangkan bisnis medianya. PT Cisarua Mountain Dairy Tbk (CMRY) CMRY menambah penyertaan modal secara bertahap sebesar Rp125 miliar kepada anak usaha yang dikendalikannya, Macrosentra Niagaboga. Tambahan modal tersebut disiapkan untuk mendukung pengembangan pusat distribusi sekaligus memenuhi kebutuhan modal kerja perusahaan. Transaksi ini termasuk transaksi afiliasi yang dikecualikan berdasarkan POJK No. 42/POJK.04/2020. Pasalnya, Macrosentra Niagaboga merupakan perusahaan terkendali dengan kepemilikan saham sebesar 99,99% oleh CMRY. Perseroan menyatakan transaksi tersebut tidak menyebabkan perubahan pengendalian dan tidak memberikan dampak material terhadap kondisi keuangan, operasional maupun kelangsungan usaha CMRY. Ekspansi distribusi dilakukan ketika kinerja CMRY pada semester I-2026 masih mencatat pertumbuhan. Pendapatan perseroan mencapai Rp6,46 triliun, naik 25,50% secara tahunan dari Rp5,15 triliun pada semester I-2025. Laba bersih CMRY juga meningkat 17,88% secara tahunan menjadi Rp1,17 triliun dari sebelumnya Rp0,99 triliun. Penambahan modal ke lini distribusi menjadi bagian dari langkah perseroan memperluas jangkauan produk dan mendukung aktivitas operasional. PT Dua Putra Utama Makmur Tbk (DPUM) DPUM menyiapkan belanja modal sebesar Rp100 miliar pada 2026. Rencana tersebut muncul setelah Rama Indonesia, bagian dari Unirama Group, menjadi pemegang saham pengendali baru DPUM melalui pengambilalihan 2,47 miliar saham. Bersamaan dengan rencana investasi tersebut, DPUM menargetkan EBITDA dapat meningkat rata-rata 7,75% per tahun sepanjang 2027-2030. Pergantian pengendali terjadi saat kinerja DPUM masih menghadapi tekanan. Pada semester I-2026, pendapatan perseroan tercatat Rp407,53 miliar, turun 29,47% dibandingkan Rp577,82 miliar pada periode yang sama tahun sebelumnya. DPUM juga membukukan kerugian Rp30,98 miliar setelah kegiatan usaha perseroan terdampak kebakaran. Dengan kondisi neraca yang masih tertekan, realisasi rencana pemulihan DPUM akan berkaitan dengan dukungan pengendali baru, penggunaan capex Rp100 miliar, serta penyelesaian klaim yang proses write-off-nya masih belum final. Rekomendasi Saham Hari Ini KLBF - Buy 755-765 | TP 780-790 | SL 720 ERAL - Buy 324-328 | TP 332-336 | SL 308 MAPI - Buy 1370-1380 | TP 1400-1420 | SL 1300 PGEO - Buy 1040-1055 | TP 1070-1080 | SL 1000 CMRY - Buy 4520-4540 | TP 4600-4640 | SL 4370 Disclaimer: Ingat, bahwa segala analisis dan rekomendasi saham dalam artikel ini bersifat informatif sekaligus bukan merupakan ajakan untuk membeli atau menjual saham tertentu. Anda menyukai artikel ini Artikel disimpan",finance,https://finance.detik.com/bursa-dan-valas/d-8664706/mncn-garap-ekosistem-berita-dan-olahraga-cmry-suntik-rp125-miliar-ke-distribusi
177,"Tak Cuma Insentif, Pengusaha Minta Ini ke Pemerintah buat Tarik Investor Himpunan Kawasan Industri Indonesia (HKI) menegaskan pemerintah perlu segera melakukan pembenahan terhadap regulasi, proses perizinan, dan birokrasi investasi. Hal ini menjadi faktor penting dalam menjaga kepercayaan investor terhadap Indonesia di tengah persaingan antarnegara yang semakin ketat. Ketua Umum HKI Akhmad Ma'ruf Maulana, mengatakan tantangan terbesar Indonesia saat ini bukan hanya bagaimana menarik investasi masuk, namun bagaimana cara memastikan investasi yang telah diperoleh dapat segera direalisasikan. ""Jangan sampai investasi sudah berhasil kita tarik masuk, tetapi justru tertahan oleh birokrasi kita sendiri, untuk itu kami meminta reformasi birokrasi benar-benar dijalankan"" ujar Akhmad dalam keterangan resminya, Rabu (16/9/2026). Menurut HKI, birokrasi yang berbelit-belit, panjangnya proses perizinan, tumpang tindih regulasi, serta koordinasi yang belum efektif antara Kementerian/Lembaga dan pemerintah daerah merupakan hambatan bagi percepatan investasi. ""Kondisi tersebut tidak dapat dipandang hanya sebagai persoalan administratif. Apabila tidak segera dibenahi, hambatan tersebut berpotensi menurunkan persepsi dan tingkat kepercayaan investor terhadap iklim investasi Indonesia"" terangnya. Pasalnya saat ini investor yang ingin masuk ke suatu negara sudah tidak lagi hanya mempertimbangkan besar pasar, sumber daya, maupun insentif yang ditawarkan. Namun, mereka juga melihat seberapa cepat investasi dapat direalisasikan, seberapa pasti regulasinya, dan seberapa efektif pemerintah menyelesaikan persoalan yang muncul dalam proses investasi. ""Dalam kompetisi investasi global, Indonesia tidak hanya bersaing dalam insentif, tetapi juga dalam kecepatan dan kepastian berusaha,"" jelas Akhmad. Dengan begitu Akhmad menegaskan bahwa kepastian dalam berinvestasi itu semakin penting karena investor memiliki banyak pilihan untuk menanamkan modal mereka di negara-negara lain yang menawarkan proses investasi lebih sederhana dan dapat diprediksi. ""Kepercayaan investor dibangun bukan hanya ketika kita menawarkan investasi, tetapi juga dari pengalaman mereka ketika mulai merealisasikan investasinya. Kalau perizinannya terlalu panjang, regulasinya tidak pasti, atau persoalan lintas instansi tidak kunjung mendapatkan keputusan, tentu ini akan memengaruhi persepsi investor terhadap Indonesia,"" katanya. Bersama dengan itu, HKI juga mencermati masih ada berbagai usulan pengembangan investasi strategis, termasuk Kawasan Ekonomi Khusus (KEK) dan Proyek Strategis Nasional (PSN), yang butuh kepastian dan percepatan penyelesaian. HKI memahami bahwa setiap usulan KEK, PSN maupun proyek investasi strategis harus memenuhi persyaratan dan melalui evaluasi yang ketat. ""Terhadap proyek yang telah memiliki investor nyata, komitmen investasi yang jelas, kesiapan pengembangan, serta potensi penciptaan lapangan kerja dan multiplier effect yang besar, pemerintah perlu menyediakan mekanisme penyelesaian yang lebih cepat dan terukur. Yang paling menyulitkan investasi adalah ketika prosesnya berjalan terlalu lama tanpa kepastian,"" tegas Akhmad. Atas kondisi tersebut, HKI mendorong pemerintah membentuk Tim Percepatan dan Pengawalan Investasi yang memiliki kewenangan kuat untuk mengawal investasi secara end-to-end, mulai dari masuknya komitmen investasi hingga proyek benarbenar terealisasi dan beroperasi. ""Tim tersebut tidak seharusnya hanya menjadi forum koordinasi tambahan, tetapi perlu memiliki mandat yang jelas untuk melakukan debottlenecking, menetapkan target waktu penyelesaian, mengkoordinasikan Kementerian/Lembaga dan pemerintah daerah, serta mendorong pengambilan keputusan ketika investasi terhambat oleh persoalan lintas sektor,"" pungkasnya. Anda menyukai artikel ini Artikel disimpan",finance,https://finance.detik.com/berita-ekonomi-bisnis/d-8664750/tak-cuma-insentif-pengusaha-minta-ini-ke-pemerintah-buat-tarik-investor
178,"Nasib Utang Whoosh Usai Purbaya Dicopot Mantan Menteri Keuangan Purbaya Yudhi Sadewa menegaskan seluruh urusan yang berkaitan dengan kesepakatan peralihan (handover) serta penanganan utang proyek Kereta Cepat Jakarta-Bandung Whoosh kini sepenuhnya diserahkan kepada Bendahara Negara yang baru, Suahasil Nazara. Purbaya menyatakan dengan pencopotannya, seluruh rangkaian rencana yang sempat ia rancang terkait peralihan utang Whoosh ke Kementerian Keuangan otomatis menjadi tanggung jawab Suahasil selaku Menkeu selanjutnya. ""Nanti tergantung menteri yang baru lah,"" ujar Purbaya saat ditemui awak media usai acara serah terima jabatan Menkeu kepada Suahasil di Kantor Kemenkeu, Jakarta Pusat, Selasa (15/9/2026) kemarin. Purbaya pun mengaku lega setelah tak lagi menjabat sebagai Menteri Keuangan. Terlebih, beban utang yang harus ia pikirkan begitu besar. Cicilan utang Whoosh sendiri sekitar Rp 1 triliun per tahun untuk tenor hingga 80 tahun setelah melalui proses restrukturisasi dan peralihan pembayaran dari Danantara ke Kemenkeu. ""Kan gue bukan Menteri Keuangannya. Alhamdulillah selamat gue,"" ujarnya. Ketika ditanya apakah dengan melepaskan beban pikiran itu membuat dirinya kini bisa tidur nyenyak, Purbaya justru bercanda soal usianya. ""Nggak. Umur saya nggak sampe 80 tahun, 10 tahun lagi udah syukur kalau bisa. Jadi kita doa aja, doa terus. Makasih ya,"" ujarnya. Untuk diketahui, saat masih menjabat sebagai Menkeu, Purbaya menyampaikan bahwa pemerintah telah merestrukturisasi utang proyek kereta cepat Jakarta-Bandung atau Whoosh dengan tenor pembayaran hingga 80 tahun. Skema tersebut membuat cicilan utang diperkirakan sekitar Rp 1 triliun per tahun. Kala itu pun dirinya juga sempat bergurau bisa lebih dulu meninggal sebelum kewajiban pembayaran cicilan itu rampung diselesaikan. ""Berarti kan total utang besar, tapi di-stretch 80 tahun sudah direstrukturisasi. Cicilannya Rp 1 triliun atau sedikit di bawah Rp 1 triliun dari tahun ke tahun. Ada yang tinggi, ada yang rendah, tapi kalau kita lihat 'oh masih bisa lah'. (Tenor cicilan) 80 tahun saya dengar kemarin, makanya hebat juga tuh. Iya kita sudah mati, santai saja,"" ujar Purbaya disusul tawa di kawasan Sunter, Jakarta Utara, Selasa (8/9). Purbaya menjelaskan, pengelolaan utang Whoosh akan dialihkan dari Badan Pengelola Investasi (BPI) Daya Anagata Nusantara (Danantara) ke Kementerian Keuangan (Kemenkeu) pada 15 September. Nantinya utang Whoosh akan dibayarkan oleh Special Mission Vehicle (SMV) atau Indonesia Investment Authority (INA). ""Ada kemungkinan, mungkin kita pakai SMV atau INA,"" jelasnya. Menurutnya, kewajiban utang ini tidak begitu besar sehingga bisa ditangani oleh satu entitas SMV di bawah Kementerian Keuangan. Ia juga memastikan kebutuhan anggaran untuk membayar kewajiban tersebut tersedia. ""Jadi gini, saya cuma lihat bebannya setiap tahun seperti apa sih, saya lihat setiap tahun saya lihat, 'oh kalau segini saja cukup lah ditangani oleh satu SMV'. Satu perusahaan SMV di bawah Departemen Keuangan, atau dua, tapi uangnya cukup lebih,"" pungkasnya. Simak juga Video 'Nasib Pengalihan Utang Whoosh ke Kemenkeu Usai Suahasil Gantikan Purbaya': Anda menyukai artikel ini Artikel disimpan",finance,https://finance.detik.com/berita-ekonomi-bisnis/d-8664702/nasib-utang-whoosh-usai-purbaya-dicopot
179,"Harga Minyak Makin Panas, Kini Tembus US$ 108 per Barel Harga minyak mentah dunia terus memanas sepanjang perdagangan Selasa (15/9) kemarin imbas laporan pembatalan ekspor Arab Saudi, setelah serangan drone memaksa penutupan jalur pipa pengiriman minyak utamanya. Melansir CNBC, Rabu (16/9/2026), harga minyak mentah Brent berjangka yang kerap menjadi patokan global naik 2,9% jadi US$ 108,75 per barel pada sesi perdagangan kemarin. Sementara harga minyak West Texas Intermediate (WTI) melonjak hingga 4,4% menjadi US$ 105.83 per barel. Secara keseluruhan, harga minyak dunia ini tercatat melonjak lebih dari 20% dalam satu bulan terakhir seiring meningkatnya intensitas pertempuran di kawasan Teluk Persia. Sementara lonjakan harga selama perdagangan Selasa (14/9) terjadi setelah sumber-sumber pasar mengatakan bahwa Arab Saudi telah memberitahu pelanggan mereka di Eropa mengenai pembatalan sebagian pengiriman minyak mentah untuk bulan September. Pembatalan pengiriman ini utamanya memang disebabkan oleh penutupan pipa Timur-Barat (East-West pipeline) yang kini menjadi jalur utama pengiriman ekspor minyak Arab Saudi pasca penutupan Selat Hormuz dengan kapasitas angkut hingga 7 juta barel per hari. ""Serangan terhadap infrastruktur minyak menandai eskalasi konflik yang signifikan dan meningkatkan kemungkinan terjadinya skenario kenaikan harga, di mana harga minyak Brent melampaui US$ 120 per barel,"" kata Yulia Zhestkova Grigsby, ahli strategi komoditas senior di Goldman Sachs. Pihak Arab Saudi menyebut penutupan pipa tersebut sebagai langkah pencegahan. Namun sampai saat ini belum memberikan keterangan terkait nilai kerusakan ataupun perkiraan mengenai berapa lama gangguan operasional itu akan berlangsung. Meski di sisi lain, Menteri Energi Amerika Serikat (AS) Chris Wright mengatakan bahwa penghentian operasional jalur pipa tersebut diperkirakan hanya sementara dan akan kembali normal dalam beberapa hari. ""Ini akan menjadi gangguan singkat dan sementara,"" kata Wright kepada CNBC. Di luar gangguan ekspor minyak Saudi, peningkatan harga komoditas energi yang satu ini turut didorong oleh penutupan operasi perusahaan minyak nasional Libya di dua ladang minyak dan sebuah stasiun pompa di tengah aksi protes. Di sisi lain, milisi Houthi yang didukung Iran di Yaman melancarkan terus serangan baru terhadap Arab Saudi pekan ini. Menurut juru bicara koalisi militer pimpinan Arab Saudi di Yaman, milisi tersebut meluncurkan drone dan rudal balistik ke arah kota Khamis Mushait, Abha, dan Taif. Kemudian situasi keamanan di Selat Hormuz juga masih tidak stabil. Setidaknya dua kapal tanker telah diserang sejak hari Sabtu (12/9), berdasarkan laporan insiden dari Pusat Operasi Perdagangan Maritim Inggris (UKMTO). Simak juga Video 'Wapres AS: Harga Minyak Tinggi karena Iran Tembaki Kapal di Selat Hormuz': Anda menyukai artikel ini Artikel disimpan",finance,https://finance.detik.com/energi/d-8664662/harga-minyak-makin-panas-kini-tembus-us-108-per-barel
180,"Harapan Pengusaha ke Suahasil: Jaga Fiskal-Lanjutkan Satgas Debottlenecking Posisi Menteri Keuangan baru saja dirombak Presiden Prabowo Subianto. Suahasil Nazara menggantikan posisi Purbaya Yudhi Sadewa sebagai Bendahara Negara. Ketua Umum Asosiasi Pengusaha Indonesia (Apindo) Shinta Kamdani mengatakan, pihaknya akan menerima perubahan yang terjadi karena ini merupakan bagian dari kewenangan dan hak prerogatif Presiden Prabowo Subianto dalam memastikan efektivitas pemerintahan. Dia mengatakan yang paling penting dari pergantian Menteri Keuangan jangan sampai transisi kepemimpinan mengganggu pengelolaan fiskal hingga kepercayaan pelaku usaha dan investor. ""Yang paling penting bagi kami adalah agar proses transisi kepemimpinan ini dapat berjalan dengan baik serta tetap menjaga kredibilitas pengelolaan fiskal, kepastian arah kebijakan, dan kepercayaan pelaku usaha maupun investor terhadap perekonomian Indonesia,"" ujar Shinta saat dihubungi detikcom, Selasa (15/9/2026). Sosok Suahasil Nazara, dinilai Shinta bukan merupakan figur yang baru hadir dalam pengelolaan kebijakan fiskal nasional. Pengalamannya yang panjang di Kementerian Keuangan, baik sebagai Wakil Menteri Keuangan maupun sebelumnya di Badan Kebijakan Fiskal, memberikan kontinuitas dan pemahaman institusional yang penting. ""Dalam situasi ekonomi yang penuh ketidakpastian seperti sekarang, kontinuitas tersebut kami harapkan dapat membantu menjaga agar transisi kepemimpinan tidak menimbulkan perubahan arah kebijakan yang terlalu mendadak,"" ujar Shinta. Ke depan, dunia usaha berharap Kementerian Keuangan tetap mampu menjaga keseimbangan antara kesehatan dan kredibilitas fiskal dengan kebutuhan untuk mendukung pertumbuhan ekonomi. ""APBN perlu tetap dikelola secara prudent dan berkelanjutan, tetapi pada saat yang sama juga harus efektif sebagai instrumen untuk menjaga daya beli, mendorong investasi, meningkatkan produktivitas, dan memperkuat sektor riil,"" sebut Shinta. Bagi pelaku usaha, prediktabilitas juga menjadi sangat penting, terutama terkait kebijakan perpajakan, kepabeanan, insentif investasi, belanja pemerintah, serta berbagai kebijakan fiskal yang berdampak langsung terhadap biaya dan keputusan bisnis. Pihaknya berharap setiap perubahan kebijakan dilakukan secara terukur, dengan komunikasi yang baik dan ruang dialog yang memadai dengan dunia usaha, sehingga perusahaan memiliki kepastian dalam melakukan perencanaan investasi dan ekspansi. Tantangan Menteri Keuangan ke depan tentu tidak ringan karena pemerintah perlu membiayai berbagai prioritas pembangunan sekaligus menjaga ruang fiskal dan kredibilitas APBN di tengah ketidakpastian global. Oleh karena itu, kualitas belanja, efektivitas penerimaan negara, disiplin fiskal, serta kemampuan menjaga kepercayaan pasar menjadi sama pentingnya. ""Dunia usaha juga berharap kebijakan penerimaan tidak semata-mata berorientasi pada peningkatan penerimaan dalam jangka pendek, tetapi tetap mempertimbangkan daya saing dan kemampuan sektor produktif untuk tumbuh,"" kata Shinta. Teruskan Satgas Debottlenecking Shinta juga meminta agar Suahasil meneruskan salah satu program Purbaya. Program yang dimaksudkan adalah Satuan Tugas Percepatan Program Strategis Pemerintah (Satgas P2SP). Dia menilai program tersebut dapat berlanjut karena sejauh ini Kemenkeu sudah ditunjuk memimpin Satgas tersebut. ""Ya kami harapkan program tersebut akan terus berlanjut. Karena kemenkeu sebagai institusi telah ditunjuk untuk memimpin satgas debottlenecking pemerintah,"" ujar Shinta. Sejak 16 Desember 2025, Kanal Debottlenecking Satgas P2SP diluncurkan pemerintah, Purbaya kala itu memimpin langsung Satgas tersebut. Kanal ini dirancang untuk menjadi saluran resmi bagi pelaku usaha dalam menyampaikan kendala yang dihadapi, sekaligus memastikan tindak lanjut cepat dari Pemerintah dan Kementerian/Lembaga (K/L) terkait. Penyelesaian masalah dan kendala yang diadukan pengusaha dilakukan Purbaya dalam bentuk sidang terbuka. Perwakilan pengusaha diundang dalam sidang dan beberapa perwakilan kementerian lain yang dinilai menghambat pengusaha juga dihadirkan. Sidang perdana yang dilakukan Purbaya untuk Satgas Debottlenecking adalah pada 23 Desember 2025. Selama Purbaya menjabat ada sekitar belasan sidang yang dilakukan untuk menyelesaikan masalah para pengusaha. Beberapa kasus besar juga pernah disidangkan, salah satunya adalah mangkraknya proyek Gas Abadi Masela yang mandek hampir 20 tahun lamanya. Sidang dilakukan pada Februari 2026 lalu, dan ada groundbreaking proyek pada Juli 2026. Simak juga Video 'Blak-blakan Purbaya soal Alasan Dicopot': Anda menyukai artikel ini Artikel disimpan",finance,https://finance.detik.com/berita-ekonomi-bisnis/d-8664399/harapan-pengusaha-ke-suahasil-jaga-fiskal-lanjutkan-satgas-debottlenecking
181,"Purbaya Sudah Curiga Bakal Dicopot: Kansnya 50:50 Purbaya Yudhi Sadewa mengaku sudah memperkirakan pemecatan dirinya sebagai Menteri Keuangan akan tiba. Ia menyebut kans atau peluang dirinya terkena reshuffle adalah 50:50. Namun, ia menegaskan dirinya baru mengetahui benar-benar diberhentikan dari kursi Bendahara Negara saat menerima panggilan telepon dari di tengah rapat bersama DPD RI Senin (14/9) siang. ""Ya kita sudah hitung-hitung (kena reshuffle), kira-kira 50-50 lah. Tapi baru tahunya waktu itu,"" ujar Purbaya kepada wartawan usai serah terima jabatan Purbaya mengatakan perkiraan dirinya terkena reshuffle dan keluar dari anggota kabinet bukan didasarkan pada perasaan semata. Namun ada perhitungan tertentu yang membuatnya melihat kemungkinan tersebut ""Itu feeling-nya nggak ada, cuman ada hitungan saya, ada sesuatu yang mungkin 50-50 kansnya,"" katanya. Saat ditanya mengenai dasar hitungan itu muncul, Purbaya enggan menjelaskan lebih jauh. Ia hanya menyebut keputusan untuk reshuffle jajaran Meneteri merupakan hak prerogatif Presiden Prabowo Subianto. ""Nggak tahu, mesti nanya Pak Presiden itu. Tapi kan bisa lihat dari omongannya, oh 50-50, ya sudah,"" ujarnya. Lebih lanjut, Purbaya mengatakan ingin memancing di belakang rumahnya setelah tak menjabat sebagai Bendahara Negara. Hal ini disampaikannya setiap kali ditanya terkait rencananya ke depan. ""Habis ini mau pulang, mancing di belakang rumah,"" ujarnya. Purbaya mengatakan di halaman belakang rumahnya ada kolam berisikan banyak ikan. Dengan nada sedikit bergurau, sembari memancing ia akan merenung kenapa dirinya bisa 'dipecat' oleh Presiden Prabowo Subianto sebagai Menkeu. ""Gue punya kolam di belakang, ya bisa mancing belakang rumah sambil ngelamun 'kenapa dipecat?', gitu"" ujarnya sembari tertawa Saat ditanya apakah dirinya akan menduduki posisi di Kementerian/Lembaga lain atau malah disiapkan posisi sebagai Menteri di bidang lain, Purbaya dengan tegas mengatakan tidak. ""Nggak lah. Baru dipecat, masa jadi menteri lagi. Gimana lo?"" ucapnya sembari menegaskan bahwa dirinya sudah tidak berminat sama sekali untuk jadi pejabat negara. Simak juga Video 'Blak-blakan Purbaya soal Alasan Dicopot': Anda menyukai artikel ini Artikel disimpan",finance,https://finance.detik.com/berita-ekonomi-bisnis/d-8664394/purbaya-sudah-curiga-bakal-dicopot-kansnya-50-50
182,"Daftar Lengkap Beras Fortifikasi Abal-abal Menteri Pertanian (Mentan) Andi Amran Sulaiman membongkar peredaran beras fortifikasi yang diduga tidak sesuai dengan klaim pada kemasan. Potensi kerugian yang ditimbulkan dari praktik tersebut diperkirakan mencapai puluhan triliun rupiah. Dalam paparannya, Amran turut menunjukkan sejumlah merek beras fortifikasi yang masuk dalam pemeriksaan. Berdasarkan pantauan detikcom, beberapa nama yang ditampilkan antara lain Sumo, Rojolele, hingga Idola. Hasil pemeriksaan menunjukkan 25 dari total 27 merek beras fortifikasi dinyatakan tidak memenuhi syarat, sedangkan dua merek lainnya memenuhi ketentuan. Ketidaksesuaian tersebut berkaitan dengan kandungan gizi pada beras yang ditemukan tidak sesuai dengan klaim produsen. Amran juga menyoroti harga beras fortifikasi yang mencapai Rp 57.000 per kilogram (kg). Padahal, berdasarkan perhitungannya, harga beras tersebut seharusnya sekitar Rp 13.000/kg, sementara tambahan biaya untuk proses fortifikasi diperkirakan hanya Rp 1.000. ""Beras fortifikasi dijual tertinggi Rp 57.000. Mana bisa orang miskin membeli harga Rp 57.000? Padahal begitu dicek, seharusnya harganya Rp 13.000. Karena vitamin tadi yang disyaratkan di labelnya itu tidak sesuai. Ini diduga ya, penipuan selisih Rp 44.000 per kilo, yang tertinggi ya,"" kata Amran dalam konferensi pers di kantor Kementan, Jakarta Selatan, Selasa (15/9/2026). Amran menilai kondisi tersebut membuat beras fortifikasi tidak lagi tepat sasaran. Ia pun menaksir nilai dugaan praktik penipuan terkait beras fortifikasi mencapai Rp 89 triliun. ""Ini sudah tidak tepat sasaran. Kemudian saat ini juga ada praktek penipuan terhadap beras fortifikasi, nilainya ini estimasi ya, Rp 89 triliun. Sesuai data BPS, 39% beras yang beredar premium dan fortifikasi. Sekarang premium hilang, menjelma menjadi fortifikasi,"" tuturnya. Rata-rata harga jual dari beras tersebut adalah Rp 23.385 per kilogram, sementara harga wajarnya adalah Rp 13.689. Artinya rata-rata selisih diduga penipuan mencapai Rp 9.695 per kilogram. Dalam paparannya, Amran mencantumkan 25 merek beras fortifikasi diduga melakukan penipuan. Berikut daftar lengkapnya: 1. Idola Fortifikasi 2. Idola High Quality Whole Grain Rice 3. Idola Long Grain Rice 4. Ikan Mas Cupang 5. AAA Wijaya Kusuma 6. Cantik Manis 7. Penari Bangkok 8. Topi Koki Short Grain 9. Topi Koki Setra Royale 10. Topi Koki Long Grain Crystal 11. HOK-1 Gohan 12. Maknyuss Pulen Gizi 13. Anak Raja Fortifikasi 14. Anak Raja Nusantara 15. Top Anak Raja 16. PMS Induk Ayam 17. Sumo 18. Rasvit 19. FS Nutri Rice 20. Pelikan 21. Rice Rojolele 22. Super Kepala Beras Premium 111 23. 111 Golden Number 24. Putri Koki 25. Wellfarm Beras Diabet Saksikan Live DetikPagi: Simak Video 'Mentan Ungkap 25 Merek Beras Fortifikasi Diduga Abal-abal': Anda menyukai artikel ini Artikel disimpan",finance,https://finance.detik.com/berita-ekonomi-bisnis/d-8664391/daftar-lengkap-beras-fortifikasi-abal-abal
183,"Terkuak Alasan Purbaya Dicopot Purbaya Yudhi Sadewa mengakui perombakan pejabat Kementerian Keuangan yang dilakukan beberapa waktu lalu menjadi salah satu penyebab pemecatannya sebagai Menteri Keuangan. Hal ini disampaikan Purbaya usai serah terima jabatan (sertijab) dengan Menteri Keuangan (Menkeu) yang baru, Suahasil Nazara. ""Sebagian ada (karena perombakan pejabat). (Karena itu ya, Pak?) Sebagian iya,"" ujar Purbaya usai sertijab di Kementerian Keuangan, Jakarta, Selasa (15/9/2026). Purbaya menyebut reshuffle kabinet merupakan hak prerogatif Presiden Prabowo Subianto. Saat ditanya apakah ada berkaitan dengan kebijakan-kebijakan yang diambilnya selama memimpin, Purbaya menyebut kebijakan tersebut berkaitan dengan kebijakan Presiden Prabowo Subianto. ""Itu kan hak prerogatif presiden, kita ikuti saja. Kebijakan kita yang ikutin semua kebijakan Presiden, aman lah itu,"" tambah Purbaya. Kendati begitu, ia telah memperkirakan pemecatan dirinya akan tiba. Namun, ia baru mengetahui saat Menteri Sekretaris Negara (Mensesneg) Prasetyo Hadi menghubunginya. ""Ya kita udah hitung-hitung, kira-kira fifty-fifty lah, tapi baru tahunya waktu itu,"" jelasnya. Purbaya juga membantah pemecatannya ini berkaitan dengan dividen Danantara. ""Nggak ada,"" tegasnya. Saksikan Live DetikPagi: Simak video 'Blak-blakan Purbaya soal Alasan Dicopot': Anda menyukai artikel ini Artikel disimpan",finance,https://finance.detik.com/berita-ekonomi-bisnis/d-8664385/terkuak-alasan-purbaya-dicopot
184,"Freeport Proyeksi Setoran ke Negara Tembus Rp 40 Triliun PT Freeport Indonesia (PTFI) memproyeksikan setoran ke negara tahun ini bisa mencapai US$ 2,6 miliar atau sekitar Rp 40 triliun. Setoran tersebut berasal dari pembayaran pajak, dividen, Penerimaan Negara Bukan Pajak (PNBP), serta pungutan lainnya. Presiden Direktur PTFI Tony Wenas mengatakan proyeksi tersebut menggunakan asumsi harga tembaga sebesar US$ 4,75 per pound dan emas US$ 4.000 per ounce. Sementara harga tembaga saat ini disebut berada di kisaran US$ 6,5 per pound dan emas sekitar US$ 4.500 per ounce. ""Tadi saya perlihatkan bahwa untuk proyeksi tahun 2026 ini, itu rencana penerimaan negara adalah US$ 2,6 miliar, atau sekitar Rp 40-an triliun, dan ini terdiri dari pajak, dividen dan juga PNBP lainnya. Ini adalah dengan asumsi harga tembaga US$ 4,75 per pound, dan emas US$ 4 ribu per ounce,"" kata Tony dalam rapat dengan Komisi XII DPR, di Gedung DPR Jakarta, Selasa (15/9/2026). Penerimaan negara dari Freeport diproyeksikan meningkat signifikan menjadi US$ 4,6 miliar pada 2027. Kenaikan tersebut sejalan dengan peningkatan produksi perusahaan seiring pemulihan aktivitas pertambangan Grasberg Block Cave (GBC). Produksi emas Freeport diproyeksikan meningkat dari sekitar 700 ribu ounces atau 21 ton pada 2026 menjadi 1 juta ounces atau sekitar 31 ton pada 2027. Sementara produksi tembaga diperkirakan naik dari 800 juta pound menjadi 1,3 miliar pound pada periode yang sama. ""Kalau kita lihat kemudian dibandingkan dengan rencana di tahun 2027, terjadi kenaikan signifikan penerimaan negara menjadi US$ 4,6 miliar. Ini akan sejalan dengan peningkatan produksi yang saya jelaskan di slide sebelumnya,"" jelas Tony. Penerimaan negara dari kegiatan Freeport diperkirakan kembali melonjak mulai 2028. Tony memperkirakan nilainya dapat mencapai US$ 8 miliar atau lebih dari Rp 120 triliun per tahun pada 2028, 2029, dan tahun-tahun berikutnya. ""Dan di tahun 2028 dan tahun 2029, dan seterusnya diperkirakan akan bisa mencapai US$ 8 miliar atau sekitar Rp 120 triliun lebih per tahunnya penerimaan negara dalam bentuk pajak, PNBP, dividen, dan pungutan-pungutan lainnya,"" tutur Tony. Anda menyukai artikel ini Artikel disimpan",finance,https://finance.detik.com/energi/d-8664522/freeport-proyeksi-setoran-ke-negara-tembus-rp-40-triliun
185,"Jurus Pertamina Perkuat Ketahanan Energi Lewat Portofolio LNG PT Pertamina (Persero) memperkuat strategi ketahanan energi nasional melalui pengelolaan portofolio LNG yang semakin fleksibel dan terintegrasi, dengan mengombinasikan sumber pasokan domestik dan global serta didukung infrastruktur LNG dan gas di berbagai wilayah Indonesia. Strategi tersebut menjadi salah satu fokus yang dibawa Pertamina dalam Gastech 2026 di Bangkok, Thailand. Kehadiran Pertamina dalam forum energi global ini menjadi bagian dari upaya memperluas konektivitas dengan pelaku industri energi dunia, sekaligus memperkuat peluang pengembangan portofolio dan bisnis LNG di tengah perubahan lanskap energi global. Volatilitas pasar, dinamika geopolitik, serta pertumbuhan kebutuhan energi membuat ketahanan energi tidak lagi hanya ditentukan oleh besarnya volume pasokan, tetapi juga kemampuan untuk memperoleh sumber energi yang tepat, pada waktu dan lokasi yang tepat, dengan biaya yang kompetitif. VP Corporate Communication PT Pertamina (Persero), Muhammad Baron mengatakan, diversifikasi sumber dan fleksibilitas portofolio menjadi bagian penting dalam menjaga ketahanan energi di tengah dinamika pasar global. ""Bagi Pertamina, ketahanan energi bukan hanya mengenai seberapa besar pasokan yang tersedia, tetapi juga kemampuan untuk mendapatkan energi dari sumber yang tepat, pada waktu yang tepat, dengan biaya yang kompetitif. Karena itu, diversifikasi sumber dan fleksibilitas portofolio LNG menjadi penting untuk memperkuat ketahanan energi Indonesia,"" ujar Baron dalam keterangan tertulis, Selasa (15/9/2026). Untuk meningkatkan fleksibilitas tersebut, Pertamina mengembangkan portofolio LNG dari berbagai sumber. Selain mengoptimalkan pasokan domestik, Pertamina memiliki portofolio internasional, antara lain dari Australia dan Amerika Serikat. Diversifikasi ini memberikan ruang bagi Pertamina untuk menyesuaikan sumber pasokan dan pola pengiriman sesuai kebutuhan, kondisi pasar, serta pertimbangan keekonomian. Fleksibilitas pasokan tersebut diperkuat dengan infrastruktur LNG dan gas Pertamina Group, antara lain Perta Arun Gas, Nusantara Regas, fasilitas penerimaan LNG Jawa-1, serta jaringan pipa gas PGN yang tersebar di berbagai wilayah Indonesia. Integrasi antara sumber pasokan, infrastruktur penerimaan dan penyimpanan, regasifikasi, jaringan pipa, serta distribusi menjadi fondasi untuk membangun rantai pasok LNG yang lebih adaptif. Dengan ekosistem tersebut, LNG dapat dikelola sesuai kebutuhan, mulai dari penerimaan dan penyimpanan hingga regasifikasi dan distribusi ke berbagai wilayah. ""Pertamina memiliki portofolio LNG dan infrastruktur gas yang saling melengkapi. Integrasi dari sumber pasokan, fasilitas penerimaan dan penyimpanan, regasifikasi hingga jaringan distribusi memberikan fleksibilitas bagi Pertamina untuk menyesuaikan pasokan dengan kebutuhan energi di berbagai wilayah,"" jelas Baron. Salah satu infrastruktur yang memiliki posisi strategis adalah Perta Arun Gas di Aceh. Berada di Selat Malaka yang menjadi salah satu jalur perdagangan energi utama dunia, Arun memiliki peluang untuk berkembang sebagai hub LNG regional yang menghubungkan pasokan internasional dengan kebutuhan Indonesia maupun pasar di Asia Tenggara. Posisi tersebut memberikan berbagai opsi pengelolaan LNG, mulai dari menerima dan menyimpan LNG hingga reload, transhipment, regasifikasi dan distribusi. Fleksibilitas ini memungkinkan pengelolaan LNG disesuaikan dengan kebutuhan pasar dan pertimbangan keekonomian. Penguatan portofolio dan infrastruktur menjadi semakin relevan seiring perubahan lanskap LNG Indonesia. Di tengah pertumbuhan kebutuhan energi dan industri, Indonesia yang selama ini dikenal sebagai salah satu produsen dan eksportir LNG juga menghadapi potensi peningkatan kebutuhan LNG domestik pada masa mendatang. Perubahan tersebut menjadi tantangan sekaligus peluang. Dengan menghubungkan pasokan global, produksi LNG domestik, infrastruktur nasional dan kebutuhan regional, Pertamina dapat mengoptimalkan portofolio LNG sekaligus memperkuat posisi Indonesia dalam rantai pasok LNG. Menurut Baron, strategi LNG Pertamina ke depan tidak hanya berorientasi pada pemenuhan volume, tetapi juga pada kemampuan mengelola dan mengoptimalkan pasokan secara fleksibel untuk memberikan nilai yang lebih besar. ""Ke depan, yang menjadi pembeda bukan hanya kemampuan memperoleh LNG, tetapi kemampuan mengelola, mengoptimalkan dan menyalurkannya ke tempat yang memberikan manfaat terbesar. Pertamina ingin menghubungkan pasokan LNG global dengan ketahanan energi Indonesia sekaligus menangkap peluang pertumbuhan,"" tutup Baron. Anda menyukai artikel ini Artikel disimpan",finance,https://finance.detik.com/energi/d-8664523/jurus-pertamina-perkuat-ketahanan-energi-lewat-portofolio-lng
186,"PTBA Curhat DMO Batu Bara Kegedaan, Laba Tergerus PT Bukit Asam Tbk (PTBA) mengungkap besarnya beban pemenuhan Domestic Market Obligation (DMO) batu bara yang harus ditanggung perusahaan. DMO merupakan kewajiban perusahaan mengalokasikan sebagian produksinya guna memenuhi kebutuhan dalam negeri. PTBA mencatat potensi laba yang hilang akibat pemenuhan DMO di atas kewajiban mencapai sekitar Rp 14,5 triliun sepanjang 2018-2025. Menurut Direktur Utama PTBA Bambang Ismawan, realisasi DMO PTBA selalu berada di atas ketentuan pemerintah. ""Sebagai gambaran dari tahun 2021 sampai 2025 selalu dua kali lipat lebih dari 25% yang diharuskan. Kita pernah mencoba berapa penurunan profit karena kita melebihi 25% DMO itu dari tahun 2018 sampai 2025 sekitar Rp 14,5 triliun, itu yang penurunan profit karena kita memenuhi melebihi DMO yang seharusnya,"" kata Bambang dalam rapat dengan Komisi XII DPR RI di Kompleks Parlemen Jakarta, Selasa (15/9/2026). Pada 2025, Bambang menyebut porsi DMO PTBA bahkan mencapai lebih dari 54%. Besarnya porsi tersebut membuat perusahaan harus mengalokasikan lebih dari separuh penjualan batu baranya untuk memenuhi kebutuhan pasar domestik. Bambang mengatakan persoalan DMO menjadi perhatian PTBA setiap tahunnya. Sebab, menurutnya, masih terdapat perusahaan batu bara lain yang cenderung kurang mematuhi kewajiban DMO sehingga PTBA menjadi tumpuan pemenuhan kebutuhan dalam negeri. ""Hari ini yang menjadi isu adalah masalah DMO. DMO ini selalu setiap tahun menjadi persoalan karena dari sisi kami melihatnya perusahaan-perusahaan batubara lain dari perusahaan itu cenderung kurang mematuhi DMO. Sehingga selalu yang menjadi tumpuan adalah PT Bukit Asam,"" ujarnya. Karena itu, PTBA meminta agar pemenuhan kebutuhan batu bara dalam negeri dibebankan secara lebih merata kepada perusahaan-perusahaan batu bara. Bambang berharap tanggung jawab dipikul bersama-sama oleh perusahaan batu bara. Sementara itu, sepanjang semester I 2026, porsi penjualan batu bara PTBA ke pasar domestik mencapai 51%. Batu bara tersebut diserap sejumlah sektor, antara lain PLN, industri pupuk dan semen, sementara 49% sisanya diekspor ke sejumlah negara seperti Vietnam, Bangladesh, Kamboja dan India. Dari sisi kinerja, produksi PTBA pada semester I 2026 mengalami penurunan akibat tingginya intensitas hujan sepanjang Januari hingga Maret. Kondisi cuaca turut mengganggu aktivitas angkutan dan penjualan batu bara perusahaan. Meski demikian, laba bersih PTBA pada semester I 2026 tercatat meningkat sekitar 218% dibandingkan periode yang sama tahun sebelumnya. Laba bersih naik dari Rp 830 miliar menjadi Rp 2,65 triliun. ""Tetapi secara keseluruhan laba bersih mengalami kenaikan yang cukup signifikan yaitu sekitar 218% dari tahun lalu Rp 0,83 triliun, untuk semester I tahun ini sudah mencapai Rp 2,65 triliun,"" tutup Bambang. Simak juga Video 'Polisi Periksa 15 Saksi Terkait 3 Kasus Dugaan Korupsi': Anda menyukai artikel ini Artikel disimpan",finance,https://finance.detik.com/energi/d-8664509/ptba-curhat-dmo-batu-bara-kegedaan-laba-tergerus
187,"Kemenhub Minta Kapal-kapal di Laut Jawa Bantu Cari Korban KMP Virgo 8 Kementerian Perhubungan (Kemenhub) telah menerbitkan dan menyiarkan Notice to Mariners (NTM) kepada kapal-kapal yang berlayar di sekitar wilayah operasi pencarian korban KMP Virgo Transport 8 di Laut Jawa. Melalui pemberitahuan tersebut, kapal yang berada atau melintas di sekitar lokasi diminta meningkatkan kewaspadaan dan turut membantu melakukan penyisiran. Apabila menemukan korban atau informasi terkait, kapal diminta segera melaporkannya kepada KSOP, Vessel Traffic Service (VTS), Stasiun Radio Pantai (SROP), atau pihak terkait lainnya. Direktur Jenderal Perhubungan Laut Muhammad Masyhud mengatakan seluruh dukungan tersebut dilakukan untuk memperkuat koordinasi dan membantu proses pencarian korban yang hingga saat ini masih berlangsung. ""Kami terus berkoordinasi dengan seluruh unsur terkait dan mengoptimalkan dukungan yang dimiliki Ditjen Perhubungan Laut untuk membantu proses pencarian. Keselamatan seluruh unsur yang terlibat tetap menjadi perhatian utama dalam pelaksanaan operasi,"" ujar Masyhud dalam keterangan tertulis, Selasa (15/9/2026). Selain itu, Ditjen Perhubungan Laut terus melakukan pemantauan dan komunikasi melalui VTS dan SROP. Kapal Negara Kenavigasian KN Kunyit juga dikerahkan sebagai relay komunikasi radio antara kapal-kapal di lokasi operasi dengan SROP, mengingat jarak lokasi menyebabkan sebagian kapal tidak dapat melakukan transmisi radio secara langsung. ""Dukungan komunikasi dan pemantauan terus kami optimalkan agar koordinasi dan pertukaran informasi antara kapal-kapal di lokasi dengan petugas di darat dapat berjalan dengan baik selama proses pencarian berlangsung,"" jelas Masyhud. Hingga saat ini, sebanyak 114 orang dari total 243 orang telah ditemukan. Dari jumlah tersebut, 108 orang ditemukan dalam kondisi selamat dan 6 orang meninggal dunia, sementara 129 orang lainnya masih dalam proses pencarian. Dari 114 orang yang telah ditemukan, sebanyak 86 orang telah tiba di Pelabuhan Trisakti Banjarmasin, terdiri atas 85 orang selamat dan 1 orang meninggal dunia. Sebanyak 22 korban selamat yang sebelumnya berada di KM Cahaya Bahari telah dievakuasi menggunakan KRI Nala-363 dan tiba di Pelabuhan Trisakti Banjarmasin. Dalam penanganan korban dan keluarga usai kejadian, Kemenhub turut mendampingi PT Jasa Raharja dalam penyerahan santunan kepada ahli waris korban meninggal dunia dalam insiden KMP Virgo Transport 8 yang mengalami kecelakaan saat berlayar pada rute Surabaya-Banjarmasin. Masyhud menegaskan pihaknya akan terus memantau perkembangan penanganan insiden KMP Virgo Transport 8 serta menyesuaikan dukungan dengan kebutuhan di lapangan, baik dalam mendukung proses pencarian maupun penanganan korban dan keluarga. ""Fokus kami saat ini adalah mendukung upaya pencarian terhadap korban yang masih belum ditemukan sekaligus memastikan penanganan terhadap korban dan keluarga dapat berjalan dengan baik. Kementerian Perhubungan akan terus berkoordinasi dengan seluruh pihak terkait,"" tutup Masyhud. Simak juga video 'Nakhoda KM Virgo Selamat, Kini Sedang Diperiksa': Anda menyukai artikel ini Artikel disimpan",finance,https://finance.detik.com/berita-ekonomi-bisnis/d-8664477/kemenhub-minta-kapal-kapal-di-laut-jawa-bantu-cari-korban-kmp-virgo-8
188,"Freeport Targetkan Produksi Emas 31 Ton Tahun Depan PT Freeport Indonesia (PTFI) memproyeksikan produksi emas naik pada 2027 seiring pemulihan aktivitas pertambangan Grasberg Block Cave (GBC). Produksi emas diperkirakan meningkat dari sekitar 21 ton pada 2026 menjadi 31 ton pada 2027. Direktur Utama PTFI Tony Wenas mengatakan 2026 ini Freeport memproduksi 800 juta pound tembaga dan 700 ribu ounces emas yang setara 21 ton. Sementara tahun 2027 produksinya akan naik menjadi 1,3 miliar pound tembaga dan 1 juta ounces emas yang setara 31 ton. ""Kalau di grafik yang bawahnya, itu kita bisa melihat produksi emas yang akan meningkat tajam di tahun 2027. Ini sejalan dengan Grasberg Block Caving Production Block 1 yang sudah akan mulai beroperasi di tahun 2027,"" kata Tony dalam rapat dengan Komisi XII DPR, di Gedungn DPR Jakarta, Selasa (15/9/2026). Pada 2028 dan tahun-tahun berikutnya, produksi emas Freeport diproyeksikan mencapai 1,3 juta ounces atau sekitar 39-40 ton. Sementara produksi tembaga diperkirakan mencapai 1,6 miliar pound. Peningkatan tersebut menjadi bagian dari proses pemulihan produksi Freeport setelah insiden longsoran material basah pada September 2025. Insiden tersebut membuat tingkat produksi tambang perusahaan pada 2026 masih berada di bawah kapasitas normal. ""Di tahun 2028 dan seterusnya, itu tembaga akan bisa mencapai 1,6 miliar pound dan juga untuk emasnya bisa 1,3 juta ounces atau sekitar 39 sampai 40 ton dan begitu pun seterusnya. Kenaikan tingkat produksi ini sejalan dengan pemulihan GBC yang terkena longsor di tahun yang lalu,"" jelas Tony. Tahun ini PTFI memproyeksikan penambangan sekitar 124 ribu ton bijih per hari. Angka tersebut baru sekitar 65% dari kapasitas normal perusahaan yang berada di kisaran 200 ribu ton bijih per hari. Pada 2027, volume penambangan ditargetkan meningkat menjadi sekitar 170 ribu ton bijih per hari. Produksi kemudian diproyeksikan mendekati kapasitas penuh pada 2028 dengan mencapai sekitar 208 ribu ton bijih per hari. Pemulihan produksi juga berdampak terhadap operasional smelter Manyar Freeport di Gresik. Smelter tersebut sempat berhenti beroperasi setelah longsor karena pasokan konsentrat yang tersedia hanya mencukupi kebutuhan PT Smelting. ""Baru di bulan Agustus yang lalu, feeding-nya ke smelter baru Freeport Indonesia itu mulai, dan mulai bisa diproduksi di bulan September ini dengan sekitar 5 ribu ton katoda tembaga. Dan kalau kita lihat di bulan Oktober, yang 35 ribu ton itu adalah produksi katodat tembaga dari smelter yang baru,"" jelas Tony. Simak juga Video 'Bahlil Bicara Peluang RI Tambah Saham Lebih dari 10% di Freeport': Anda menyukai artikel ini Artikel disimpan",finance,https://finance.detik.com/energi/d-8664452/freeport-targetkan-produksi-emas-31-ton-tahun-depan
189,"Bakom Ungkap 2 Kelebihan Suahasil Jadi Menkeu Pemerintah optimistis penunjukan Suahasil Nazara sebagai Menteri Keuangan akan mampu menjaga momentum pertumbuhan ekonomi Indonesia. Hal ini diungkapkan oleh Kepala Badan Komunikasi Pemerintah (Bakom) RI Muhammad Qodari. Qodari menilai Suahasil memiliki bekal ilmu dan pengalaman yang mumpuni untuk menjalankan tugas tersebut. Menurutnya, kemampuan menjaga pertumbuhan sekaligus stabilitas ekonomi menjadi salah satu kelebihan Suahasil. ""Kami sangat yakin bahwa Pak Suahasil akan sangat berhasil menjalankan tugas sebagai Menkeu,"" ujar Qodari dalam keterangannya, Selasa (15/9/2026). Qodari menyebut ada dua kelebihan Suahasil yang membuatnya yakin bisa menjaga fiskal tetap sehat. Pertama, Suahasil memiliki latar belakang akademik yang kuat karena merupakan Guru Besar bidang Ilmu Ekonomi di Universitas Indonesia (UI). Kedua, Suahasil telah memahami cara kerja Kementerian Keuangan karena sebelumnya menjabat sebagai Wakil Menteri Keuangan. ""Beliau sudah sangat mengenal seluk-beluk di Kementerian Keuangan karena sekitar 6-7 tahun jadi Wamenkeu dan sebelumnya beliau pernah jadi Kepala Badan Kebijakan Fiskal di sini,"" kata Qodari. Dengan pengalaman tersebut, Qodari meyakini Suahasil memiliki kompetensi untuk mengelola kebijakan fiskal di tengah dinamika perekonomian saat ini. Ia berpendapat Suahasil mampu membangun pertumbuhan ekonomi tanpa mengabaikan upaya menjaga stabilitas. ""Itu adalah salah satu kelebihan Pak Suahasil, terutama dalam situasi seperti sekarang ini, tentunya APBN merupakan salah satu instrumen penting untuk menggerakkan ekonomi sekaligus jaga stabilitas ekonomi Indonesia,"" jelas Qodari. Qodari melihat Indonesia memiliki potensi ekonomi yang besar untuk terus dikembangkan. Dia mengatakan potensi tersebut sejalan dengan arah pemerintahan Presiden RI Prabowo Subianto yang mengedepankan amanat Pasal 33 UUD 1945 terkait pengelolaan sumber daya alam untuk sebesar-besarnya kemakmuran rakyat. ""Implementasinya insyaallah bisa diwujudkan dengan semaksimal mungkin oleh Bapak Suahasil Nazara. Sekali lagi ini akan menjadi suatu manfaat yang nyata bagi masyarakat Indonesia, mampu mengurangi kesenjangan sekaligus meningkatkan kesejahteraan bagi masyarakat Indonesia seluas-luasnya dan kehidupan masyarakat Indonesia akan lebih baik ke depan,"" tutup Qodari. Simak juga Video 'Purbaya Resmi Serahkan Jabatan Menkeu ke Suahasil': Anda menyukai artikel ini Artikel disimpan",finance,https://finance.detik.com/berita-ekonomi-bisnis/d-8664361/bakom-ungkap-2-kelebihan-suahasil-jadi-menkeu
190,"Bos Adhi Karya Ungkap Biang Kerok Proyek LRT City Bermasalah Direktur Utama PT Adhi Karya (Persero) Tbk (ADHI) Moeharmein Zein Chaniago buka-bukaan penyebab sebagian proyek LRT City yang digarap PT Adhi Commuter Properti Tbk (ADCP), bermasalah. Berdasarkan pemetaan Adhi Karya, dari sekitar 5.400 unit yang telah terjual, sebanyak 3.000 unit telah diserahterimakan kepada konsumen. Sementara sekitar 2.400 unit di sejumlah proyek LRT City yang hingga kini belum diterima oleh pembeli. Kondisi ini terungkap dalam rapat Direksi PT Adhi Karya (Persero) Tbk bersama Kepala BP BUMN sekaligus COO Danantara Dony Oskaria kemarin, Senin (14/9/2026). Moeharmein mengungkap terlambatnya penyelesaian proyek apartemen LRT City terjadi karena ADCP gagal mencapai target penjualan sehingga menimbulkan masalah arus kas perusahaan. ""Market yang turun, jadi penjualan kita, penjualan ADCP tidak sesuai dengan ekspektasinya. Kita tahu ada krisis ekonomi 2018, dihantam lagi COVID 19, itu membuat market tidak seimbang, sehingga dia (ADCP) kesulitan cashflow,"" ujarnya saat ditemui di Kantor BP BUMN, Selasa (15/9/2026). Dalam kesempatan tersebut juga, ADHI meminta maaf atas permasalahan yang ditimbulkan oleh anak usahanya. Dirinya berkomitmen akan mengawal persoalan ini hingga selesai. ""Jadi sekali lagi seperti halnya tadi kami juga minta maaf ini. Saya sebagai holding ya, sebagai Dirut daripada perusahaan induknya juga diminta dan ini kan sudah menjadi kewajiban kami untuk betul-betul concern untuk mengawal proyek ini untuk diselesaikan sesuai dengan timeline tadi yang sudah ditentukan,"" katanya. Moeharmein menegaskan akan menyelesaikan proyek tersebut dengan kualitas terbaik supaya konsumen tidak terzolimi. Hal ini sesuai dengan arahan BP BUMN dan Danantara sebagai pemegang saham. ""Yang jelas proyek ini diminta oleh tadi pemegang saham untuk diselesaikan dengan kualitas yang terbaik supaya tidak ada lagi konsumen atau korban yang dizolimi. Itu yang diperintah sangat jelas dan tegas tadi dari Kepala Danatara,"" ungkapnya. Sebagai informasi, Kepala BP BUMN sekaligus COO Danantara Dony Oskaria sudah meminta PT Adhi Karya (Persero) Tbk menyelesaikan kewajiban serah terima sekitar 2.400 unit di sejumlah proyek LRT City yang hingga kini belum diterima oleh pembeli. Dony menegaskan penyelesaian persoalan tersebut tidak boleh menimbulkan kerugian bagi konsumen, khususnya masyarakat yang membeli rumah untuk pertama kalinya. ""Tidak boleh merugikan konsumen. Itu dasar daripada penyelesaian kita bahwa tidak boleh merugikan konsumen. Karena konsumennya tidak salah, apalagi kalau orang-orang yang itu membeli rumah, rumah pertamanya. Karena ini adalah kesalahan daripada pihak kita secara internal,"" ujar Dony dalam keterangan tertulis, Selasa (15/9/2026). Simak juga Video 'Siap Diresmikan Bulan Ini, LRT Kelapa Gading-Manggarai Cuma 28 Menit': Anda menyukai artikel ini Artikel disimpan",finance,https://finance.detik.com/infrastruktur/d-8664443/bos-adhi-karya-ungkap-biang-kerok-proyek-lrt-city-bermasalah
191,"Sosok Menkeu Suahasil di Mata Bos OJK: Kenal Baik, Beliau Figur Mumpuni Ketua Dewan Komisioner Otoritas Jasa Keuangan (OJK), Friderica Widyasari Dewi, menyambut positif dilantiknya Suahasil Nazara sebagai Menteri Keuangan (Menkeu). Menurutnya, Suahasil merupakan sosok yang mumpuni untuk menakhodai Kementerian Keuangan (Kemenkeu). Wanita yang akrab disapa Kiki itu mengaku telah mengenal baik sosok Suahasil. Pasalnya, Bendahara Negara itu sempat menjabat sebagai Dewan Komisioner OJK ex-officio Kemenkeu. ""Dengan Pak Sua kita kenal baik dan beliau itu pernah menjadi salah satu anggota Dewan Komisioner OJK ex-officio Kementerian Keuangan. Jadi beliau, kami sudah bekerja sama, pernah bekerja sama dalam satu atap OJK. Jadi dalam hal ini, pertama saya mengucapkan selamat. Beliau figur yang mumpuni dan yang ketiga pernah menjadi keluarga besar OJK,"" ujar Kiki kepada wartawan di Kompleks Parlemen, Senayan, Jakarta, Selasa (15/9/2026). OJK berharap sinergi dengan Kementerian Keuangan ke depan dapat terus diperkuat, terutama melalui koordinasi dalam Komite Stabilitas Sistem Keuangan (KSSK). Kerja sama tersebut dinilai penting untuk menjaga stabilitas sistem keuangan sekaligus menopang pertumbuhan ekonomi nasional. Friderica juga menyampaikan apresiasi kepada Purbaya Yudhi Sadewa atas kolaborasi yang telah terjalin selama ini. Menurutnya, koordinasi antara OJK dan Purbaya berlangsung dengan sangat baik selama masa jabatannya. ""Untuk Pak Purbaya, kami mengucapkan terima kasih. Selama ini juga koordinasi baik dengan beliau, sangat baik. Terima kasih atas semua sumbangsih beliau selama ini,"" jelasnya. Sebagai informasi, Suahasil dilantik sebagai berdasarkan Keputusan Presiden 97 P Tahun 2026 Pemberhentian dan Pengangkatan Kabinet Merah Putih di sisa masa jabatan 2024-2029. Ia dilantik langsung oleh Prabowo sebagai pengganti Purbaya yang telah menjabat sebagai Menkeu selama satu tahun terakhir. ""Terima kasih semua atas kerja sama selama satu tahun terakhir ini,"" ujar Purbaya singkat. (ahi/ara) Anda menyukai artikel ini Artikel disimpan",finance,https://finance.detik.com/berita-ekonomi-bisnis/d-8664292/sosok-menkeu-suahasil-di-mata-bos-ojk-kenal-baik-beliau-figur-mumpuni
192,"Chandra Asri & Bank Mandiri Sinergi Perkuat Kerja Sama Industri Petrokimia PT Chandra Asri Pacific Tbk ('Chandra Asri Group') menggandeng Bank Mandiri untuk memperluas akses layanan perbankan bagi pelanggan. Kerja sama ini ditandai dengan penandatanganan Nota Kesepahaman atau Memorandum of Understanding ('MoU') guna mendukung transaksi dan kegiatan usaha di sepanjang rantai nilai industri petrokimia di Wisma Barito Pacific Tower, Jakarta, Senin (14/9). Kerja sama ini menjadi bagian dari upaya kedua perusahaan untuk mendukung kebutuhan pelaku usaha di dalam ekosistem industri petrokimia nasional melalui layanan perbankan yang semakin terintegrasi dan efisien. Dengan memperkuat hubungan antara pelaku industri, mitra pelanggan dan sektor perbankan, kolaborasi ini diharapkan dapat mendukung kelancaran transaksi dan aktivitas usaha di sepanjang rantai nilai industri. Direktur Polymer Sales Polymer Sales Director PT Chandra Asri Pacific Tbk, Raymond Budhin, mengatakan kerja sama dengan Bank Mandiri melengkapi dukungan Chandra Asri Group kepada mitra usaha. Akses terhadap solusi keuangan yang lebih mudah dapat membantu mereka mengembangkan usaha secara efektif. ""Kami mengapresiasi Bank Mandiri atas kolaborasi dan dukungan yang diberikan kepada Chandra Asri Group dalam kerja sama ini. Sebagai bagian penting dari rantai nilai petrokimia Indonesia, kami melihat bahwa dukungan terhadap pelanggan tidak hanya berhenti pada penyediaan produk, tetapi juga bagaimana kami dapat membantu ekosistem usaha yang mendukung kelancaran bisnis mereka,"" ujar Raymond dalam keterangannya, Selasa (15/9/2026). ""Melalui sinergi dengan Bank Mandiri, kami dapat memperluas manfaat yang kami berikan bagi mitra pelanggan melalui akses terhadap layanan perbankan yang relevan dengan kebutuhan usaha mereka. Kami berharap kolaborasi ini dapat memberikan nilai tambah bagi pelanggan, mempererat hubungan bisnis, dan turut mendukung kelancaran aktivitas dalam industri petrokimia di Indonesia,"" jelas Raymond. Penandatanganan MoU tersebut turut dihadiri oleh Wakil Direktur Utama Chandra Asri Pacific Baritono Pangestu, Direktur Supply Chain Chandra Asri Pacific Fransiskus Ruly Aryawan, Senior Executive Vice President Corporate Banking 1 Bank Mandiri Eny Kurniasih M. Mukarromah, Senior Vice President Corporate Banking Bank Mandiri Heru Eko Prasetyo, serta Senior Vice President SME Banking 2 Bank Mandiri Romy Jhonson. Dalam kesepakatan ini, Bank Mandiri akan menyediakan fasilitas penerimaan pembayaran, transaksi perbankan, serta dukungan finansial sesuai kebutuhan mitra pelanggan Chandra Asri Group. Cakupan tersebut dirancang untuk memudahkan pengelolaan keuangan sekaligus mendukung kelancaran transaksi bisnis dengan Chandra Asri Group. Kerja sama ini relevan bagi industri petrokimia karena kelancaran transaksi antara produsen bahan baku dan pelanggan dari berbagai sektor manufaktur turut memengaruhi aktivitas di sepanjang rantai nilai. Konektivitas yang lebih kuat antara sektor industri dan keuangan dapat meningkatkan efisiensi serta daya saing usaha. Senior Executive Vice President Corporate Banking 1 Bank Mandiri, Eny Kurniasih M. Mukarromah mengatakan, kesepakatan ini merupakan langkah konkret untuk mendekatkan layanan keuangan kepada pelaku usaha dalam ekosistem Chandra Asri Group. Dalam hal ini, emiten bersandi bursa BMRI ini akan memanfaatkan kapabilitas dan jaringan yang dimiliki untuk memberikan dukungan sesuai karakteristik usaha Chandra Asri Group. ""Melalui sinergi yang terintegrasi, kami ingin membantu pelaku usaha menjaga kelancaran operasional dan membuka ruang pertumbuhan yang sehat. Konektivitas antara sektor industri dan keuangan juga dapat memperkuat daya saing serta menciptakan keunggulan berkelanjutan bagi industri nasional,"" ujar Eny. Dia juga menambahkan, kemitraan ini sejalan dengan semangat HUT ke-28 Bank Mandiri, ""Tumbuh Bersama, Majukan Indonesia"". Semangat itu diwujudkan dengan menghadirkan manfaat nyata kepada nasabah, pelaku usaha, dan masyarakat. ""Bank Mandiri akan terus memperkuat peran sebagai mitra strategis pemerintah dan dunia usaha dalam mendorong pertumbuhan ekonomi nasional. Kami berharap inisiatif bersama Chandra Asri Group dapat membuka lebih banyak kesempatan bagi pelaku industri untuk berkembang,"" lanjutnya. Pada kesempatan yang sama, Polymer Sales Director PT Chandra Asri Pacific Tbk, Raymond Budhin, mengatakan kerja sama dengan Bank Mandiri melengkapi dukungan Chandra Asri Group kepada mitra usaha. Akses terhadap solusi keuangan yang lebih mudah dapat membantu mereka mengembangkan usaha secara efektif. ""Sebagai Mitra Pertumbuhan, Chandra Asri Group ingin menghadirkan nilai tambah yang dapat dirasakan langsung oleh pelanggan. Kolaborasi ini memperkuat hubungan kemitraan sekaligus menjaga kesinambungan aktivitas industri dalam negeri,"" kata Raymond. Ke depan, kedua perusahaan akan mengoptimalkan pemanfaatan layanan sesuai perkembangan kebutuhan mitra usaha. Inisiatif ini diharapkan menghasilkan efek berganda berupa peningkatan aktivitas ekonomi, perluasan peluang kemitraan, dan penciptaan lapangan kerja dalam ekosistem industri secara jangka panjang. (akd/ega) Anda menyukai artikel ini Artikel disimpan",finance,https://finance.detik.com/moneter/d-8664423/chandra-asri-bank-mandiri-sinergi-perkuat-kerja-sama-industri-petrokimia
193,"Bos Antam Minta Ada Kesetaraan soal Wajib Lapor Transaksi Emas PT Aneka Tambang Tbk atau Antam khawatir konsumen emas yang selama ini membeli di gerainya berpindah ke pedagang lain menyusul penerapan kewajiban pelaporan data transaksi kepada Direktorat Jenderal Pajak. Kewajiban tersebut diatur dalam Peraturan Menteri Keuangan (PMK) Nomor 8 Tahun 2026. Antam sebagai Instansi, Lembaga, Asosiasi, dan Pihak Lain (ILAP) wajib menyerahkan data penjualan emas dan perak ke kantor pajak. Direktur Utama Antam, Untung Budiharto mengatakan, pihaknya mendukung kebijakan tersebut karena transparansi menjadi bagian yang penting. Namun, Untung menyoroti potensi perbedaan kewajiban pelaporan antara Antam dengan perusahaan lainnya. ""Antam mendukung kebijakan ini karena transparansi transaksi merupakan bagian penting dari tata kelola industri yang baik. Namun, kami berharap adanya penerapan yang adil dan setara bagi seluruh pelaku perdagangan emas, jangan hanya Antam dan anak perusahaan Antam,"" ujar Untung dalam rapat dengan Komisi XII DPR, di Jakarta, Selasa (15/9/2026). Menurut Untung banyak konsumen yang keberatan sehingga mengalihkan transaksi dari butik Antam ke toko lainnya. Ia juga menyinggung soal kondisi penjualan emas Antam yang sedang mengalami penurunan. ""Saat ini tren penjualan emas Antam sedang mengalami penurunan, dan hal yang dapat menjadi perhatian kami adalah respons pasar terhadap kewajiban ILAP tersebut. Terdapat potensi konsumen yang merasa keberatan kemudian mengalihkan transaksi dari butik resmi Antam ke toko atau pedagang emas lainnya yang tidak memiliki kewajiban pelaporan yang sama,"" jelas Untung. Peralihan konsumen bukan hanya berpotensi berdampak terhadap penjualan Antam. Transaksi emas juga dikhawatirkan bergeser dari kanal formal dan tercatat menuju kanal perdagangan yang tingkat pengawasannya belum tentu sama. ""Jika hal ini terjadi, dampaknya bukan hanya terhadap penjualan Antam, tetapi juga berpotensi mengeser transaksi dari kanal yang formal dan tercatat ke kanal yang tingkat pengawasannya belum tentu sama,"" tutur Untung. Dalam aturan terbaru, ILAP wajib menyampaikan data penjualan emas dan perak setiap bulan, termasuk identitas pembeli berupa NPWP/NIK, berat dan jumlah emas, harga dan total transaksi, alamat pembeli, serta lokasi butik pembelian. Saksikan Live DetikPagi: Anda menyukai artikel ini Artikel disimpan",finance,https://finance.detik.com/berita-ekonomi-bisnis/d-8664405/bos-antam-minta-ada-kesetaraan-soal-wajib-lapor-transaksi-emas
194,"Kinerja Mentereng, Tugu Insurance Perkuat Posisi di Industri Asuransi PT Asuransi Tugu Pratama Indonesia Tbk (Tugu Insurance) terus menjaga momentum pertumbuhan dengan memperkuat fundamental bisnis dan kualitas kinerja secara berkelanjutan. Di tengah dinamika industri asuransi nasional, perseroan konsisten mengedepankan kualitas underwriting, pengelolaan risiko yang efektif, hingga optimalisasi portofolio bisnis. Sepanjang 2025, Tugu Insurance membukukan pendapatan jasa asuransi sebesar Rp9,11 triliun dengan laba bersih mencapai Rp711,06 miliar. Pada periode yang sama, hasil jasa asuransi meningkat 39,10% secara tahunan menjadi Rp1,02 triliun, didorong oleh kinerja positif sejumlah lini bisnis unggulan, antara lain fire & property, offshore, dan aviation. Kinerja tersebut berlanjut pada Semester I 2026. Tugu Insurance mencatatkan pendapatan jasa asuransi sebesar Rp4,45 triliun atau tumbuh 16,31% dibandingkan periode yang sama tahun sebelumnya. Sementara itu, hasil jasa asuransi mencapai Rp602,95 miliar, meningkat signifikan sebesar 85,56% secara tahunan. Adapun laba yang dapat diatribusikan kepada pemilik entitas induk tercatat sebesar Rp480,29 miliar, tumbuh 76,87% dibandingkan Semester I 2025. Dari sisi keuangan, fundamental perseroan semakin solid dengan raihan total aset mencapai Rp29,49 triliun per 30 Juni 2026 atau tumbuh 6,40% dari akhir tahun lalu. Pertumbuhan aset ini mencerminkan kemampuan perseroan dalam menjaga ketahanan bisnis sekaligus mendukung ekspansi usaha secara prudensial dan berkelanjutan. Direktur Keuangan dan Layanan Korporat Tugu Insurance, Fitri Azwar, menegaskan bahwa capaian tersebut menjadi bukti keberhasilan perseroan. Kinerja ini tercapai berkat konsistensi perseroan dalam menjaga keseimbangan antara pertumbuhan bisnis dan pengelolaan risiko. ""Prioritas kami adalah memastikan kesinambungan bisnis, memenuhi komitmen kepada seluruh pemangku kepentingan, serta menciptakan nilai tambah yang berkelanjutan melalui langkah-langkah yang terukur dan konsisten,"" ujar Fitri dalam keterangan tertulis, Selasa (15/9/2026). Konsistensi kinerja yang ditunjukkan Tugu Insurance tersebut turut memperoleh apresiasi dari berbagai pihak. Perseroan berhasil meraih dua penghargaan bergengsi, yakni Bisnis Indonesia Awards (BIA) 2026 sebagai Emiten Unggul Sektor Asuransi serta Insurance Market Leaders Award dari Media Asuransi sebagai salah satu Market Leaders Asuransi Umum Joint Venture. Pencapaian tersebut menjadi bagian dari rekam jejak Perseroan dalam menjaga kinerja dan memperkuat fundamental bisnis secara berkelanjutan. Sejalan dengan hal tersebut, Tugu Insurance akan selalu mengoptimalkan portofolio bisnis, meningkatkan kualitas layanan, memperkuat penerapan manajemen risiko, serta mengembangkan inovasi yang selaras dengan kebutuhan pelanggan. Langkah tersebut merupakan bagian dari upaya Perseroan untuk mempertahankan pertumbuhan yang sehat dan berkelanjutan, sekaligus menciptakan nilai tambah bagi pemegang saham, nasabah, mitra bisnis, dan seluruh pemangku kepentingan. Bagi Tugu Insurance, penghargaan yang diraih menjadi apresiasi sekaligus motivasi untuk terus meningkatkan kinerja dan memperkuat kontribusi bagi perkembangan industri asuransi nasional. (akd/ega) Anda menyukai artikel ini Artikel disimpan",finance,https://finance.detik.com/moneter/d-8664396/kinerja-mentereng-tugu-insurance-perkuat-posisi-di-industri-asuransi
195,"Jakarta - Badan Pengaturan BUMN (BP BUMN) dan PT Adhi Karya (Persero) Tbk (ADHI) meminta maaf kepada para konsumen terdampak masalah proyek LRT City. Hal ini disampaikan oleh Wakil Kepala BP BUMN Aminuddin Ma'ruf dan Direktur Utama PT Adhi Karya (Persero) Tbk (ADHI) Moeharmein Zein Chaniago dalam pertemuan dengan perwakilan konsumen di Gedung BP BUMN, Jakarta, Selasa (15/9/2026). Aminuddin memastikan persoalan tersebut akan diselesaikan. SCROLL TO CONTINUE WITH CONTENT ""Yang pertama tentunya atas ketidaknyamanan selama ini kami memohon maaf. Yang kedua kami berkomitmen untuk menyelesaikan semua masalah,"" ujar Aminuddin. BP BUMN akan menginventarisasi seluruh persoalan dan aspirasi dari para konsumen lebih dari 2.000 konsumen hingga 1 Oktober 2026. Setelah seluruh persoalan diinventarisasi hingga 1 Oktober, pihaknya akan kembali menggelar pertemuan lanjutan sekitar 10-15 Oktober 2026 untuk membahas langkah penyelesaiannya. Menteri Perumahan dan Kawasanm Permukiman Maruarar Sirait atau biasa dikenal dengan Ara, dan Kepala BP BUMN Dony Oskaria juga membentuk tim pengawas untuk penyelesaian masalah ini. ""Tadi juga dibentuk oleh Pak Ara bersama Pak Dony tim pengawas dari perwakilan korban, dari PKP dan BP BUMN. Pada kesempatan ini Pak Dony tadi menyampaikan kami tidak berpangku tangan, cuci tangan juga tidak sama sekali. Kami bertanggung jawab pada seluruh korban, negara hadir dan kami berkomitmen untuk menyelesaikan,"" terang Aminuddin. Bos Adhi Karya Minta Maaf Di tempat yang sama, Direktur Utama PT Adhi Karya (Persero) Tbk (ADHI) Moeharmein Zein Chaniago juga meminta maaf atas permasalahan yang ditimbulkan oleh anak usahanya. Dirinya berkomitmen akan mengawal persoalan ini hingga selesai. ""Jadi sekali lagi seperti halnya tadi kami juga minta maaf ini. Saya sebagai holding ya, sebagai Dirut daripada perusahaan induknya juga diminta dan ini kan sudah menjadi kewajiban kami untuk betul-betul concern untuk mengawal proyek ini untuk diselesaikan sesuai dengan timeline tadi yang sudah ditentukan,"" tutur Zein. Moeharmein menegaskan akan menyelesaikan proyek tersebut dengan kualitas terbaik supaya konsumen tidak terzolimi. Hal ini sesuai dengan arahan BP BUMN dan Danantara sebagai pemegang saham. ""Yang jelas proyek ini diminta oleh tadi pemegang saham untuk diselesaikan dengan kualitas yang terbaik supaya tidak ada lagi konsumen atau korban yang dizolimi. Itu yang diperintah sangat jelas dan tegas tadi dari Kepala Danatara,"" ungkapnya. Sebelumnya, BP BUMN dan Danantara telah meminta PT Adhi Karya (Persero) Tbk untuk menuntaskan kewajiban serah terima sekitar 2.400 unit di sejumlah proyek LRT City yang hingga kini belum diterima oleh pembeli. Berdasarkan pemetaan Adhi Karya, dari sekitar 5.400 unit yang telah terjual, sebanyak 3.000 unit telah diserahterimakan kepada konsumen. Adapun hal ini diketahui dalam rapat Direksi PT Adhi Karya (Persero) Tbk bersama Kepala BP BUMN sekaligus COO Danantara Dony Oskaria kemarin, Senin (14/9/2026). Bersambung ke halaman berikutnya. Langsung klik Proses Penyelesaian Dony menegaskan penyelesaian persoalan tersebut tidak boleh menimbulkan kerugian bagi konsumen, khususnya masyarakat yang membeli rumah untuk pertama kalinya. ""Tidak boleh merugikan konsumen. Itu dasar daripada penyelesaian kita bahwa tidak boleh merugikan konsumen. Karena konsumennya tidak salah, apalagi kalau orang-orang yang itu membeli rumah, rumah pertamanya. Karena ini adalah kesalahan daripada pihak kita secara internal,"" ujar Dony dalam keterangan tertulis, Selasa (15/9/2026). Untuk menentukan langkah penyelesaian, Danantara akan berdialog dengan perwakilan konsumen dan Menteri Perumahan dan Kawasan Permukiman. Pertemuan tersebut akan membahas sejumlah opsi penyelesaian bagi konsumen yang belum menerima unit. Selain itu, Adhi Karya diminta menyusun perhitungan biaya penyelesaian proyek serta rencana bisnis yang komprehensif. Langkah tersebut diperlukan untuk memastikan setiap opsi penyelesaian memiliki dasar perhitungan yang jelas, baik melalui penyelesaian pembangunan maupun pengembalian dana konsumen. Dony menegaskan persoalan tersebut harus segera memiliki penyelesaian konkret dan tidak boleh dibiarkan berlarut-larut. ""Bagaimanapun kan ini harus diselesaikan. Nggak mungkin apa nanti merugikan konsumen kita kan. Jadi bagi saya ini harus diselesaikan, baik itu penyelesaian apakah nanti kita mengembalikan atau kita membangun. Itu harus diselesaikan itu instruksi dari saya ya, mau ini dibayarin, direfund dulu, ini harus diselesaikan. Bukan berarti itu dibiarin mangkrak begitu,"" jelas Dony (hrp/hns)",finance,https://finance.detik.com/infrastruktur/d-8664377/bp-bumn-dan-adhi-karya-minta-maaf-ke-konsumen-lrt-city
196,"Saham Summarecon Rontok Usai Bosnya Kena OTT KPK Pergerakan saham PT Summarecon Agung Tbk (SMRA) anjlok usai Komisi Pemberantasan Korupsi (KPK) melakukan operasi tangkap tangan (OTT) terhadap Badan Pertanahan Nasional (BPN) Kabupaten Bogor. Operasi tersebut diketahui turut menjaring Presiden Direktur SMRA, Adrianto Pitojo Adhi. Berdasarkan data perdagangan RTI Business, saham SMRA tercatat melemah 13,25% ke level Rp 288 hingga penutupan perdagangan. SMRA bergerak di zona merah sejak pembukaan perdagangan pagi tadi, yang dibuka pada level Rp 328 per saham. Saat ini tercatat volume perdagangan sebesar 186,74 juta dengan nilai transaksi sebesar Rp 56,18 miliar. Tercatat frekuensi saham yang diperdagangkan sebanyak 8.877 kali. Hari ini, SMRA juga tercatat mengalami aksi jual bersih investor asing atau net foreign sell sebesar Rp 2,89 miliar. Sepanjang tahun 2026, SMRA mencatat net foreign sell sebesar Rp 274,94 miliar. Sebagai informasi, Presiden Direktur SMRA, Adrianto Pitojo Adhi, menjadi salah satu pihak yang terjaring dalam OTT KPK di BPN Kabupaten Bogor. Hal ini dibenarkan oleh juru bicara KPK, Budi Prasetyo. Total ada 17 orang yang ditangkap KPK. Salah satu pihak yang terjaring adalah Direktur Jenderal (Dirjen) Pengendalian dan Penertiban Tanah dan Ruang (PPTR), Lampri; Kepala Kantor Pertanahan (Kantah) Bogor, Sontang Coin Manurung; dan Kantah Tangerang, Tardi. ""Benar (Presiden Direktur PT Summarecon Agung Tbk, Adrianto Pitojo Adhi, ikut terjaring OTT),"" kata Budi dikutip dari detikNews, Selasa (15/9/2026). (ahi/ara) Anda menyukai artikel ini Artikel disimpan",finance,https://finance.detik.com/bursa-dan-valas/d-8664285/saham-summarecon-rontok-usai-bosnya-kena-ott-kpk
197,"Beli Koper di METRO Bisa Dapat Asuransi Mega Life, Begini Caranya PFI Mega Life dan METRO Department Store resmi menghadirkan kolaborasi yang mengintegrasikan perlindungan kecelakaan diri atau layanan Personal Accident dalam transaksi pembelian koper di METRO. Inisiatif ini menjadi bagian dari upaya kedua perusahaan yang berada di bawah ekosistem CT Corpora untuk menghadirkan solusi perlindungan yang lebih relevan, mudah diakses, dan dekat dengan kebutuhan masyarakat dalam mempersiapkan perjalanan. Kolaborasi ini mengusung konsep embedded insurance, yaitu menghadirkan manfaat perlindungan sebagai bagian dari pengalaman pelanggan ketika melakukan transaksi produk yang memiliki keterkaitan langsung dengan kebutuhan perjalanan.Melalui konsep ini, pelanggan tidak hanya mendapatkan produk yang dibutuhkan untuk bepergian, tetapi juga memperoleh tambahan manfaat perlindungan dalam satu rangkaian transaksi. Bagi PFI Mega Life dan METRO, kolaborasi ini merupakan upaya untuk menghadirkan makna lebih dalam dari sebuah persiapan perjalanan. Sebab, perjalanan bukan hanya tentang destinasi yang ingin dicapai, tetapi juga tentang bagaimana setiap langkah dipersiapkan dengan lebih baik, termasuk dengan perlindungan yang dapat memberikan rasa aman dan nyaman bagi pelanggan. Sebagai tahap awal, program ini diluncurkan di METRO Pondok Indah Mall. Melalui program tersebut, pelanggan yang melakukan pembelian koper jenis apa pun di METRO Pondok Indah Mall akan mendapatkan informasi mengenai manfaat perlindungan Personal Accident yang tersedia sesuai dengan ketentuan program.Setelah proses pemenuhan persyaratan dilakukan, pelanggan akan menerima informasi polis sesuai dengan mekanisme yang berlaku. Kolaborasi ini menjadi langkah awal bagi PFI Mega Life dan METRO dalam mengembangkan pengalaman pelanggan yang lebih terintegrasi, sekaligus membuka peluang untuk memperluas manfaat perlindungan serupa ke jaringan METRO lainnya di berbagai wilayah Indonesia. ""Melindungi masyarakat melalui solusi yang relevan dan mudah diakses merupakan bagian dari komitmen PFI Mega Life dalam menjalankan misi We Protect Dreams. Melalui kolaborasi dengan METRO, kami ingin menghadirkan perlindungan pada momen yang dekat dengan kebutuhan pelanggan, khususnya saat mereka mempersiapkan perjalanan. Kami percaya bahwa sebuah perjalanan akan memiliki makna yang lebih ketika setiap langkahnya dipersiapkan dengan baik, termasuk dengan perlindungan yang memberikan rasa aman dan nyaman. Program ini juga menjadi langkah awal bagi kami untuk mengembangkan model embedded insurance yang dapat memberikan nilai tambah dan manfaat yang bermakna bagi pelanggan,"" kata Samdarshi Sumit, President Director PFI Mega Life dalam keterangan tertulis, Selasa (15/9/2026). Sejalan dengan hal tersebut, METRO melihat kolaborasi ini sebagai bagian dari komitmen untuk terus memberikan nilai tambah dalam pengalaman berbelanja pelanggan. Sebagai department store yang menghadirkan berbagai kebutuhan fashion dan lifestyle, termasuk produk koper dan travel accessories, METRO berupaya menghadirkan solusi yang tidak hanya berfokus pada produk, tetapi juga pada kebutuhan pelanggan dalam menjalani aktivitas sehari-hari maupun mempersiapkan perjalanan. ""Bagi METRO, pengalaman berbelanja bukan hanya mengenai produk yang pelanggan dapatkan, tetapi juga bagaimana kami dapat memberikan nilai tambah dalam setiap perjalanan mereka. Melalui kolaborasi dengan PFI Mega Life, pelanggan yang membeli koper di METRO Pondok Indah Mall kini dapat memperoleh tambahan manfaat perlindungan Personal Accident,"" ujar Christopher Caesario, Head of Marketing Communication METRO & Trans Fashion Indonesia. Perlindungan Personal Accident dalam Satu Transaksi Melalui program kolaborasi ini, pelanggan mendapatkan sejumlah manfaat, antara lain: • Perlindungan Personal Accident yang terintegrasi dengan transaksi pembelian koper. • Memberikan nilai tambah dan makna lebih dalam bagi pelanggan saat mempersiapkan kebutuhan perjalanan. • Proses pemberian informasi dan pemenuhan perlindungan dirancang agar mudah diakses pelanggan. • Program tersedia bagi pelanggan yang melakukan pembelian koper jenis apa pun di METRO Pondok Indah Mall, sesuai dengan ketentuan yang berlaku. Cara Mendapatkan Perlindungan 1. Pelanggan melakukan transaksi pembelian koper jenis apa pun di METRO Pondok Indah Mall. 2. Pelanggan mendapatkan informasi mengenai program dan manfaat perlindungan Personal Accident sesuai dengan ketentuan yang berlaku. 3. Pelanggan mengikuti proses yang diperlukan untuk mendapatkan perlindungan. 4. Setelah proses selesai, informasi polis diberikan kepada pelanggan sesuai dengan mekanisme program. Rincian Manfaat Perlindungan Pelanggan yang memenuhi ketentuan program akan mendapatkan manfaat perlindungan sebagai berikut: • Manfaat meninggal dunia akibat kecelakaan: Rp10.000.000 • Manfaat cacat tetap total akibat kecelakaan: Rp10.000.000 • Manfaat perawatan rumah sakit akibat kecelakaan: Rp1.000.000 per periode pertanggungan Manfaat perlindungan diberikan sesuai dengan syarat, ketentuan, dan periode pertanggungan yang berlaku. (hal/ara) Anda menyukai artikel ini Artikel disimpan",finance,https://finance.detik.com/moneter/d-8664356/beli-koper-di-metro-bisa-dapat-asuransi-mega-life-begini-caranya
198,"Wamen ATR/BPN Pastikan Layanan Tetap Jalan Meski Dirjen Kena OTT KPK Kementerian ATR/BPN menghormati setiap proses hukum yang dilakukan pada kasus korupsi yang menyeret instansi tersebut. Wakil Menteri ATR/BPN Ossy Dermawan menegaskan pihaknya berkomitmen mendukung penuh proses yang sedang berlangsung. ""Pertama, Kementerian ATR/BPN tentunya menghormati tindakan hukum yang dilakukan oleh KPK atau aparat penegak hukum (APH) siapa pun. Yang kedua, Kementerian ATR/BPN juga akan bersikap kooperatif dan mendukung segala proses yang tengah dilakukan oleh APH,"" ujar Ossy dalam keterangannya, Selasa (15/09/2026). Ossy mengatakan Kementerian ATR/BPN tidak akan berspekulasi mengenai substansi perkara maupun kronologi kejadian sebelum adanya keterangan resmi dari pihak berwenang. ""Dikarenakan proses ini masih berjalan dan belum ada keterangan resmi dari APH, tentunya tidak etis dan tidak elok jika kemudian Kementerian ATR/BPN menyampaikan sesuatu hal kaitannya dengan substansi perkara, kronologis kejadian, di mana informasi-informasi itu tentu yang sangat menguasai dan mengerti adalah KPK. Kita tunggu sama-sama. APH pasti akan menyampaikan secara resmi,"" papar Ossy. Pelayan Publik Tetap Jalan Kementerian ATR/BPN tetap memastikan penyelenggaraan pemerintahan dan pelayanan publik berjalan. Hal tersebut menjadi perhatian agar proses hukum yang sedang berlangsung tidak berdampak terhadap kebutuhan masyarakat atas layanan pertanahan. ""Dari sisi Kementerian ATR/BPN terus melaksanakan koordinasi antar pimpinan untuk memastikan bahwa integritas kita terus bisa ditingkatkan. Yang kedua, pelayanan publik tetap bisa dihadirkan di tengah isu yang tengah bergulir ini,"" tutur Ossy. Untuk memastikan layanan tetap tersedia bagi masyarakat di tengah proses pemeriksaan ini, Kementerian ATR/BPN telah melakukan pengecekan terhadap layanan di Kantor Pertanahan. ""Tadi pagi juga kami melaksanakan pengecekan di Kantor Pertanahan Kabupaten Bogor dan juga Kota Tangerang masih berjalan normal dan sesuai dengan prosedural sehari-harinya. Itu yang ingin kami tekankan juga hari ini. Jangan sampai isu ini kemudian mengorbankan pelayanan publik kepada masyarakat,"" papar Ossy. Sebelumnya, KPK melakukan operasi tangkap tangan di Kantor Pertanahan Nasional (BPN) Kabupaten Bogor. Belasan orang ditangkap dalam kasus yang berkaitan dengan dugaan suap pengurusan Hak Guna Bangunan (HGB) itu. OTT tersebut dilakukan pada Senin (14/9) malam. Jubir KPK Budi Prasetyo mengatakan total ada 17 orang yang berhasil diamankan penyelidik KPK. Daftar Pejabat yang Diamankan KPK dalam OTT BPN Bogor sejauh ini: 1. Lampri sebagai Direktur Jenderal Pengendalian dan Penertiban Tanah dan Ruang Kementerian ATR/BPN 2. Sontang Coin Manurung sebagai Kepala Kantor Pertanahan Kabupaten Bogor 3. Tardi sebagai Kepala Kantor Pertanahan Kota Tangerang 4. Fahd El Fouz alias Fahd A Rafiq selaku Ketua DPP Golkar 5. Arif Sugiyanto selaku Mantan Bupati Kebumen 6. Adrianto Pitojo Adhi selaku Presiden Direktur PT Summarecon Agung Tbk (hal/ara) Anda menyukai artikel ini Artikel disimpan",finance,https://finance.detik.com/infrastruktur/d-8664265/wamen-atr-bpn-pastikan-layanan-tetap-jalan-meski-dirjen-kena-ott-kpk
199,"Timah Jadi Komoditas Pertama yang Dijual di Bursa Mineral ICOMEX Kepala Eksekutif Pengawas Bursa Mineral dan Komoditas Strategis Otoritas Jasa Keuangan (OJK), Sarjito menyebut timah menjadi komoditas tambang strategis pertama yang akan diperdagangkan Indonesia Commodity Exchange (ICOMEX). Hal tersebut dilakukan lantaran timah menjadi barang yang paling lama diperdagangkan di bursa komoditas dan derivatif seperti Jakarta Futures Exchange (JFX). Sarjito mengatakan, eksposur perdagangan timah di JFX masih belum besar lantaran terbatasnya partisipasi. Ia meyakini, perdagangan timah di ICOMEX akan lebih besar karena melibatkan holding Badan Usaha Milik Negara (BUMN) pertambangan, MIND ID. ""Saat ini timah sudah diperdagangkan di JFX dan sudah cukup lama, tetapi kita akan, partisipasinya waktu itu masih terbatas, dan sekarang dengan effort pemerintah melibatkan MIND ID dan juga ketentuan-ketentuan dari pemerintah yang memungkinkan bahwa semua perdagangan yang kita nanti akan melihat bursa, tentu ini adalah sesuatu yang sangat bagus,"" ungkap Sarjito dalam rapat kerja bersama Komisi XI DPR RI di Kompleks Parlemen, Senayan, Jakarta, Selasa (15/9/2026). Sarjito mengatakan, arah kebijakan pemerintah terhadap penyelenggaraan ICOMEX juga mendorong transparansi pada awal operasional maupun skema B2B. Ia berharap ke depan ICOMEX juga ramai pihak yang ikut berpartisipasi. ""Bursa akan menjadi makin ramai karena pemainnya banyak, apa mau nggak mau harus bermain di bursa, sehingga likuiditas akan terbentuk,"" jelasnya. Sarjito mengatakan, ICOMEX juga akan melayani permintaan industri dalam negeri dan mendorong hilirisasi industri. Dengan bertambahnya permintaan pasar, peran fasilitas produksi juga akan semakin optimal. ""Permintaan industri domestik juga akan sangat bagus, hal ini juga mendorong hilirisasi dan industrialisasi serta mengoptimalkan juga smelter, sampai misalnya nikel mungkin diproses di dalam negeri sampai menjadi baterai mobilisit dan sebagainya,"" pungkasnya. (ahi/ara) Anda menyukai artikel ini Artikel disimpan",finance,https://finance.detik.com/bursa-dan-valas/d-8664207/timah-jadi-komoditas-pertama-yang-dijual-di-bursa-mineral-icomex
200,"Pegadaian Raih Sertifikasi ISO 9001:2015 untuk Layanan Kustodi PT Pegadaian (Persero) memperoleh Sertifikasi Sistem Manajemen Mutu ISO 9001:2015 untuk Layanan Kustodi (custody services). Sertifikasi berstandar internasional ini diterbitkan oleh lembaga sertifikasi global QSCert dengan akreditasi resmi dari International Accreditation Forum (IAF) dan Slovak National Accreditation Service (SNAS), dengan nomor sertifikat Q-13543/26. Seremoni penyerahan sertifikasi ini diselenggarakan di Pegadaian Tower pada Jumat (21/8/2026). Penyerahan sertifikasi ini menegaskan komitmen PT Pegadaian (Persero) dalam mengimplementasikan tata kelola fasilitas penyimpanan emas (vault) yang terpercaya, transparan, dan berdaya saing global. Direktur Pemasaran, Penjualan dan Pengembangan Produk PT Pegadaian (Persero) Selfie Dewiyanti menyampaikan pencapaian ini menjadi wujud nyata Pegadaian dalam memberikan garansi perlindungan hukum dan standar pelayanan tertinggi bagi nasabah perorangan, pelaku industri, hingga institusi korporasi yang mempercayakan penyimpanan aset emasnya. Keandalan infrastruktur fisik gedung dan teknologi terintegrasi yang dimiliki Pegadaian kini terbukti setara dengan standar kustodi bullion kelas dunia. ""Perolehan Sertifikasi ISO 9001:2015 untuk Layanan Kustodi ini merupakan tonggak sejarah penting bagi Pegadaian dalam memperkuat kepercayaan nasabah dan pelaku industri bullion. Melalui standarisasi mutu internasional ini, kami memastikan seluruh proses pengelolaan dan penyimpanan emas di fasilitas vault Pegadaian berjalan dengan tingkat presisi tinggi, terukur, dan terkendali dari celah kelalaian operasional,"" ungkap Selfie dalam keterangan tertulis, Selasa (15/9/2026). Keberhasilan ini diraih setelah melalui serangkaian audit independen yang ketat (No. Laporan Audit: C-01/R-QMS/VIII/2026), mencakup penyelarasan Standar Operasional Prosedur (SOP), penguatan teknologi sistem pengamanan modern, hingga peningkatan kompetensi sumber daya manusia (SDM) yang tersertifikasi secara profesional. Sertifikasi ISO 9001:2015 mencakup ruang lingkup operasional Layanan Kustodi secara menyeluruh dan end-to-end. Seluruh alur proses, mulai dari verifikasi penerimaan, pengujian kemurnian kadar emas, pengadministrasian, penyimpanan di dalam vault, pengamanan fisik dan sistem, hingga proses penyerahan kembali aset emas, dikendalikan secara ketat untuk meminimalkan potensi risiko kehilangan, kerusakan, maupun penyimpangan operasional. Sebagai pionir Bullion Bank di Indonesia, langkah strategis ini semakin memperkokoh posisi kepemimpinan Pegadaian dalam menyediakan ekosistem emas dengan produk terlengkap di Tanah Air. Ketersediaan fasilitas kustodi yang terakreditasi global ini semakin memperkuat komitmen Pegadaian dalam memfasilitasi kebutuhan pasar keuangan berbasis emas. Melalui Layanan Kustodi, pelaku industri dan korporasi kini dapat mengoptimalkan tata kelola penyimpanan aset emas fisik bernilai tinggi dengan jaminan keamanan berlapis dan standar mutu yang teruji. Anda menyukai artikel ini Artikel disimpan",finance,https://finance.detik.com/berita-ekonomi-bisnis/d-8664263/pegadaian-raih-sertifikasi-iso-9001-2015-untuk-layanan-kustodi
